relocation_site,instruction_va,instruction_end,instruction,stored_target_va,target_section,hook_cfg_target,audited_shim_fixup_count,audited_shim_fixup_kinds,instruction_has_other_audited_fixups
0x10001002,0x10001000,0x10001005,MOV dword ptr [ECX],0x10022250,.rdata,,0,,False
0x1000185A,0x10001859,0x1000185D,PUSH 0x100243a0,0x100243A0,.rdata,,0,,False
0x10001864,0x10001863,0x10001867,PUSH 0x10001b30,0x10001B30,.text,,0,,False
0x10001869,0x10001868,0x1000186C,PUSH 0x10001b00,0x10001B00,.text,,0,,False
0x1000186E,0x1000186D,0x10001871,PUSH 0x10001ad0,0x10001AD0,.text,,0,,False
0x10001882,0x10001881,0x10001885,PUSH 0x100243c4,0x100243C4,.rdata,,0,,False
0x10001887,0x10001886,0x1000188A,MOV [0x1003aacc],0x1003AACC,.data,,0,,False
0x10003032,0x10003030,0x10003035,MOV dword ptr [0x1003bc2c],0x1003BC2C,.data,0x10003030,1,absolute-image-memory-reference,False
0x10003063,0x10003061,0x10003066,MOV dword ptr [0x1003bc2c],0x1003BC2C,.data,0x10003060,1,absolute-image-memory-reference,False
0x10003068,0x10003067,0x1000306B,MOV EAX,0x1003BC2C,.data,0x10003060,1,absolute-image-memory-reference,False
0x10003083,0x10003081,0x10003086,MOV dword ptr [0x1003bc2c],0x1003BC2C,.data,0x10003080,1,absolute-image-memory-reference,False
0x10003088,0x10003087,0x1000308B,MOV EAX,0x1003BC2C,.data,0x10003080,1,absolute-image-memory-reference,False
0x1000309D,0x1000309C,0x100030A0,MOV EAX,0x1003BC2C,.data,0x10003080,1,absolute-image-memory-reference,False
0x100030B2,0x100030B1,0x100030B5,PUSH 0x100245f8,0x100245F8,.rdata,,0,,False
0x100030C5,0x100030C2,0x100030C8,CMP AX,0x1003BD8C,.data,,0,,False
0x100030CD,0x100030CC,0x100030D0,MOV EDI,0x1003B708,.data,,0,,False
0x100030DC,0x100030D9,0x100030DF,MOVZX EDX,0x1003BD8C,.data,,0,,False
0x100030ED,0x100030EC,0x100030F0,PUSH 0x10024410,0x10024410,.rdata,,0,,False
0x10003104,0x10003103,0x10003107,MOV EAX,0x1003BD98,.data,,0,,False
0x10003111,0x10003110,0x10003114,MOV EAX,0x1003BBB0,.data,,0,,False
0x100031E2,0x100031E0,0x100031E5,MOV dword ptr [0x1003bc14],0x1003BC14,.data,0x100031E0,1,absolute-image-memory-reference,False
0x10004B12,0x10004B10,0x10004B15,MOV AX,0x10037508,.data,0x10004B10,1,absolute-image-memory-reference,False
0x10004B18,0x10004B16,0x10004B1C,MOV byte ptr [0x1003a6c6],0x1003A6C6,.data,0x10004B10,1,absolute-image-memory-reference,False
0x10004B2B,0x10004B29,0x10004B2E,MOV [0x10037508],0x10037508,.data,0x10004B10,1,absolute-image-memory-reference,False
0x10004B6E,0x10004B6C,0x10004B72,MOV byte ptr [0x1003a6c6],0x1003A6C6,.data,0x10004B10,1,absolute-image-memory-reference,False
0x10004B76,0x10004B73,0x10004B79,MOV word ptr [0x10037508],0x10037508,.data,0x10004B10,1,absolute-image-memory-reference,False
0x10004B95,0x10004B93,0x10004B99,MOV byte ptr [0x1003a6c6],0x1003A6C6,.data,0x10004B10,1,absolute-image-memory-reference,False
0x10004B9D,0x10004B9A,0x10004BA0,MOV word ptr [0x10037508],0x10037508,.data,0x10004B10,1,absolute-image-memory-reference,False
0x10007F52,0x10007F50,0x10007F55,FCOMP float ptr [0x1003c258],0x1003C258,.data,0x10007F50,1,absolute-image-memory-reference,False
0x10007F92,0x10007F90,0x10007F95,MOV dword ptr [0x1003bd88],0x1003BD88,.data,0x10007F90,1,absolute-image-memory-reference,False
0x10007F98,0x10007F97,0x10007F9B,MOV EAX,0x1003BD88,.data,0x10007F90,1,absolute-image-memory-reference,False
0x10007FA2,0x10007FA1,0x10007FA5,MOV [0x1003bd84],0x1003BD84,.data,0x10007F90,1,absolute-image-memory-reference,False
0x10007FA7,0x10007FA6,0x10007FAA,MOV EAX,0x1003BD88,.data,0x10007F90,1,absolute-image-memory-reference,False
0x10007FB3,0x10007FB1,0x10007FB6,FCOMP double ptr [0x10024f88],0x10024F88,.rdata,0x10007F90,1,absolute-image-memory-reference,False
0x10007FC0,0x10007FBE,0x10007FC3,MOV ECX,0x1003BD88,.data,0x10007F90,1,absolute-image-memory-reference,False
0x10007FCF,0x10007FCD,0x10007FD2,MOV EDX,0x1003BD84,.data,0x10007F90,1,absolute-image-memory-reference,False
0x10008782,0x10008781,0x10008785,PUSH 0x1003bc80,0x1003BC80,.data,0x10008780,1,absolute-image-pointer-immediate,False
0x10008791,0x10008790,0x10008794,MOV [0x1003c200],0x1003C200,.data,0x10008780,1,absolute-image-memory-reference,False
0x10008796,0x10008795,0x10008799,PUSH 0x1003bc10,0x1003BC10,.data,0x10008780,1,absolute-image-pointer-immediate,False
0x1000879B,0x1000879A,0x1000879E,PUSH 0x1003bc28,0x1003BC28,.data,0x10008780,1,absolute-image-pointer-immediate,False
0x100087A0,0x1000879F,0x100087A3,PUSH 0x1003c204,0x1003C204,.data,0x10008780,1,absolute-image-pointer-immediate,False
0x100087A5,0x100087A4,0x100087A8,PUSH 0x1003bbb8,0x1003BBB8,.data,0x10008780,1,absolute-image-pointer-immediate,False
0x100087AD,0x100087AB,0x100087B0,MOV ECX,0x1003C200,.data,0x10008780,1,absolute-image-memory-reference,False
0x100087BD,0x100087BC,0x100087C0,MOV EAX,0x1003BC10,.data,0x10008780,1,absolute-image-memory-reference,False
0x100087C4,0x100087C2,0x100087C7,MOV ECX,0x1003BC28,.data,0x10008780,1,absolute-image-memory-reference,False
0x100087CB,0x100087C9,0x100087CE,MOV EDX,0x1003C204,.data,0x10008780,1,absolute-image-memory-reference,False
0x100087D1,0x100087D0,0x100087D4,MOV EAX,0x1003BBB8,.data,0x10008780,1,absolute-image-memory-reference,False
0x100087E1,0x100087E0,0x100087E4,MOV [0x1003bd94],0x1003BD94,.data,0x10008780,1,absolute-image-memory-reference,False
0x100087E7,0x100087E5,0x100087EA,MOV EDX,0x1003C200,.data,0x10008780,1,absolute-image-memory-reference,False
0x100087ED,0x100087EC,0x100087F0,MOV EAX,0x1003BD94,.data,0x10008780,1,absolute-image-memory-reference,False
0x100087FE,0x100087FC,0x10008801,MOV EDX,0x1003C200,.data,0x10008780,1,absolute-image-memory-reference,False
0x1000880F,0x1000880D,0x10008812,MOV ECX,0x1003BD94,.data,0x10008780,1,absolute-image-memory-reference,False
0x1000881F,0x1000881E,0x10008822,MOV [0x1003c1f0],0x1003C1F0,.data,0x10008780,1,absolute-image-memory-reference,False
0x10008825,0x10008824,0x10008828,MOV EAX,0x1003C1F0,.data,0x10008780,1,absolute-image-memory-reference,False
0x10008831,0x10008830,0x10008834,MOV [0x1003c1f0],0x1003C1F0,.data,0x10008830,1,absolute-image-memory-reference,False
0x10008837,0x10008835,0x1000883A,MOV dword ptr [0x1003bc18],0x1003BC18,.data,0x10008830,1,absolute-image-memory-reference,False
0x1000883E,0x1000883C,0x10008842,CMP dword ptr [0x1003c1f4],0x1003C1F4,.data,0x10008830,1,absolute-image-memory-reference,False
0x10008846,0x10008845,0x10008849,MOV EAX,0x1003C1F0,.data,0x10008830,1,absolute-image-memory-reference,False
0x1000884F,0x1000884D,0x10008852,MOV ECX,0x1002496C,.rdata,0x10008830,1,absolute-image-memory-reference,False
0x10008857,0x10008855,0x1000885A,MOV EDX,0x10024970,.rdata,0x10008830,1,absolute-image-memory-reference,False
0x10008860,0x1000885E,0x10008863,MOV ECX,0x10024974,.rdata,0x10008830,1,absolute-image-memory-reference,False
0x10008869,0x10008867,0x1000886C,MOV EDX,0x10024978,.rdata,0x10008830,1,absolute-image-memory-reference,False
0x10008872,0x10008870,0x10008875,MOV CL,0x1002497C,.rdata,0x10008830,1,absolute-image-memory-reference,False
0x1000887B,0x10008879,0x1000887E,MOV EDX,0x1003BC18,.data,0x10008830,1,absolute-image-memory-reference,False
0x10008880,0x1000887F,0x10008883,MOV EAX,0x1003C1F0,.data,0x10008830,1,absolute-image-memory-reference,False
0x10008887,0x10008884,0x1000888A,MOV dword ptr [EDX*0x4 + 0x1003c1a8],0x1003C1A8,.data,0x10008830,1,absolute-image-memory-reference,False
0x10008892,0x10008890,0x10008896,CMP dword ptr [0x1003c1f4],0x1003C1F4,.data,0x10008830,1,absolute-image-memory-reference,False
0x1000889B,0x10008899,0x1000889E,MOV ECX,0x1003C1F0,.data,0x10008830,1,absolute-image-memory-reference,False
0x100088A4,0x100088A2,0x100088A7,MOV EDX,0x10024980,.rdata,0x10008830,1,absolute-image-memory-reference,False
0x100088AB,0x100088AA,0x100088AE,MOV EAX,0x10024984,.rdata,0x10008830,1,absolute-image-memory-reference,False
0x100088B4,0x100088B2,0x100088B7,MOV EDX,0x10024988,.rdata,0x10008830,1,absolute-image-memory-reference,False
0x100088BC,0x100088BB,0x100088BF,MOV EAX,0x1002498C,.rdata,0x10008830,1,absolute-image-memory-reference,False
0x100088C5,0x100088C3,0x100088C8,MOV DL,0x10024990,.rdata,0x10008830,1,absolute-image-memory-reference,False
0x100088CD,0x100088CC,0x100088D0,MOV EAX,0x1003BC18,.data,0x10008830,1,absolute-image-memory-reference,False
0x100088D3,0x100088D1,0x100088D6,MOV ECX,0x1003C1F0,.data,0x10008830,1,absolute-image-memory-reference,False
0x100088DA,0x100088D7,0x100088DD,MOV dword ptr [EAX*0x4 + 0x1003bbc0],0x1003BBC0,.data,0x10008830,1,absolute-image-memory-reference,False
0x100088E2,0x100088E0,0x100088E6,CMP dword ptr [0x1003c1f4],0x1003C1F4,.data,0x10008830,1,absolute-image-memory-reference,False
0x100088EB,0x100088E9,0x100088EE,MOV EDX,0x1003C1F0,.data,0x10008830,1,absolute-image-memory-reference,False
0x100088F3,0x100088F2,0x100088F6,MOV EAX,0x10024994,.rdata,0x10008830,1,absolute-image-memory-reference,False
0x100088FB,0x100088F9,0x100088FE,MOV ECX,0x10024998,.rdata,0x10008830,1,absolute-image-memory-reference,False
0x10008903,0x10008902,0x10008906,MOV EAX,0x1002499C,.rdata,0x10008830,1,absolute-image-memory-reference,False
0x1000890C,0x1000890A,0x1000890F,MOV ECX,0x100249A0,.rdata,0x10008830,1,absolute-image-memory-reference,False
0x10008914,0x10008913,0x10008917,MOV AL,0x100249A4,.rdata,0x10008830,1,absolute-image-memory-reference,False
0x1000891D,0x1000891B,0x10008920,MOV ECX,0x1003BC18,.data,0x10008830,1,absolute-image-memory-reference,False
0x10008923,0x10008921,0x10008926,MOV EDX,0x1003C1F0,.data,0x10008830,1,absolute-image-memory-reference,False
0x1000892A,0x10008927,0x1000892D,MOV dword ptr [ECX*0x4 + 0x1003bc30],0x1003BC30,.data,0x10008830,1,absolute-image-memory-reference,False
0x10008934,0x10008932,0x10008937,MOV ECX,0x1003C1F0,.data,0x10008830,1,absolute-image-memory-reference,False
0x10008942,0x10008940,0x10008949,MOV dword ptr [0x1003bc18],0x1003BC18,.data,0x10008940,1,absolute-image-memory-reference,False
0x1000894D,0x1000894C,0x10008950,MOV EAX,0x1003BC18,.data,0x10008940,1,absolute-image-memory-reference,False
0x10008955,0x10008954,0x10008958,MOV [0x1003bc18],0x1003BC18,.data,0x10008940,1,absolute-image-memory-reference,False
0x1000895B,0x10008959,0x1000895F,CMP dword ptr [0x1003bc18],0x1003BC18,.data,0x10008940,1,absolute-image-memory-reference,False
0x10008968,0x10008966,0x1000896B,MOV ECX,0x1003BC18,.data,0x10008940,1,absolute-image-memory-reference,False
0x1000896F,0x1000896C,0x10008973,CMP dword ptr [ECX*0x4 + 0x1003c1a8],0x1003C1A8,.data,0x10008940,1,absolute-image-memory-reference,False
0x10008978,0x10008976,0x1000897B,MOV EDX,0x1003BC18,.data,0x10008940,1,absolute-image-memory-reference,False
0x1000897F,0x1000897C,0x10008982,MOV EAX,0x1003C1A8,.data,0x10008940,1,absolute-image-memory-reference,False
0x10008990,0x1000898E,0x10008993,MOV EDX,0x1003BC18,.data,0x10008940,1,absolute-image-memory-reference,False
0x10008997,0x10008994,0x1000899B,CMP dword ptr [EDX*0x4 + 0x1003bbc0],0x1003BBC0,.data,0x10008940,1,absolute-image-memory-reference,False
0x1000899F,0x1000899E,0x100089A2,MOV EAX,0x1003BC18,.data,0x10008940,1,absolute-image-memory-reference,False
0x100089A6,0x100089A3,0x100089A9,MOV ECX,0x1003BBC0,.data,0x10008940,1,absolute-image-memory-reference,False
0x100089B6,0x100089B5,0x100089B9,MOV EAX,0x1003BC18,.data,0x10008940,1,absolute-image-memory-reference,False
0x100089BD,0x100089BA,0x100089C1,CMP dword ptr [EAX*0x4 + 0x1003bc30],0x1003BC30,.data,0x10008940,1,absolute-image-memory-reference,False
0x100089C6,0x100089C4,0x100089C9,MOV ECX,0x1003BC18,.data,0x10008940,1,absolute-image-memory-reference,False
0x100089CD,0x100089CA,0x100089D0,MOV EDX,0x1003BC30,.data,0x10008940,1,absolute-image-memory-reference,False
0x100089DE,0x100089DC,0x100089E1,MOV ECX,0x1003BC18,.data,0x10008940,1,absolute-image-memory-reference,False
0x100089E5,0x100089E2,0x100089E9,CMP dword ptr [ECX*0x4 + 0x1003c208],0x1003C208,.data,0x10008940,1,absolute-image-memory-reference,False
0x100089EE,0x100089EC,0x100089F1,MOV EDX,0x1003BC18,.data,0x10008940,1,absolute-image-memory-reference,False
0x100089F5,0x100089F2,0x100089F8,MOV ESI,0x1003C208,.data,0x10008940,1,absolute-image-memory-reference,False
0x100089FF,0x100089FE,0x10008A02,MOV EAX,0x1003BC18,.data,0x10008940,1,absolute-image-memory-reference,False
0x10008A06,0x10008A03,0x10008A0D,MOV dword ptr [EAX*0x4 + 0x1003c1a8],0x1003C1A8,.data,0x10008940,1,absolute-image-memory-reference,False
0x10008A10,0x10008A0E,0x10008A13,MOV ECX,0x1003BC18,.data,0x10008940,1,absolute-image-memory-reference,False
0x10008A17,0x10008A14,0x10008A1E,MOV dword ptr [ECX*0x4 + 0x1003bbc0],0x1003BBC0,.data,0x10008940,1,absolute-image-memory-reference,False
0x10008A21,0x10008A1F,0x10008A24,MOV EDX,0x1003BC18,.data,0x10008940,1,absolute-image-memory-reference,False
0x10008A28,0x10008A25,0x10008A2F,MOV dword ptr [EDX*0x4 + 0x1003bc30],0x1003BC30,.data,0x10008940,1,absolute-image-memory-reference,False
0x10008A31,0x10008A30,0x10008A34,MOV EAX,0x1003BC18,.data,0x10008940,1,absolute-image-memory-reference,False
0x10008A38,0x10008A35,0x10008A3F,MOV dword ptr [EAX*0x4 + 0x1003c208],0x1003C208,.data,0x10008940,1,absolute-image-memory-reference,False
0x10008A47,0x10008A45,0x10008A4B,CMP dword ptr [0x1003bd90],0x1003BD90,.data,0x10008940,1,absolute-image-memory-reference,False
0x10008A50,0x10008A4E,0x10008A53,MOV ESI,0x1003BD90,.data,0x10008940,1,absolute-image-memory-reference,False
0x10008A5B,0x10008A59,0x10008A5F,CMP dword ptr [0x1003bbb4],0x1003BBB4,.data,0x10008940,1,absolute-image-memory-reference,False
0x10008A64,0x10008A62,0x10008A67,MOV ESI,0x1003BBB4,.data,0x10008940,1,absolute-image-memory-reference,False
0x10008A6F,0x10008A6D,0x10008A73,CMP dword ptr [0x1003bc7c],0x1003BC7C,.data,0x10008940,1,absolute-image-memory-reference,False
0x10008A78,0x10008A76,0x10008A7B,MOV ESI,0x1003BC7C,.data,0x10008940,1,absolute-image-memory-reference,False
0x10008A83,0x10008A81,0x10008A87,CMP dword ptr [0x1003bc1c],0x1003BC1C,.data,0x10008940,1,absolute-image-memory-reference,False
0x10008A8C,0x10008A8A,0x10008A8F,MOV ESI,0x1003BC1C,.data,0x10008940,1,absolute-image-memory-reference,False
0x10008A97,0x10008A95,0x10008A9B,CMP dword ptr [0x1003bc08],0x1003BC08,.data,0x10008940,1,absolute-image-memory-reference,False
0x10008AA0,0x10008A9E,0x10008AA3,MOV ESI,0x1003BC08,.data,0x10008940,1,absolute-image-memory-reference,False
0x10008AAB,0x10008AA9,0x10008AAF,CMP dword ptr [0x1003c1f8],0x1003C1F8,.data,0x10008940,1,absolute-image-memory-reference,False
0x10008AB4,0x10008AB2,0x10008AB7,MOV ESI,0x1003C1F8,.data,0x10008940,1,absolute-image-memory-reference,False
0x10008ABF,0x10008ABD,0x10008AC6,MOV dword ptr [0x1003bd90],0x1003BD90,.data,0x10008940,1,absolute-image-memory-reference,False
0x10008AC9,0x10008AC7,0x10008AD0,MOV dword ptr [0x1003bbb4],0x1003BBB4,.data,0x10008940,1,absolute-image-memory-reference,False
0x10008AD3,0x10008AD1,0x10008ADA,MOV dword ptr [0x1003bc7c],0x1003BC7C,.data,0x10008940,1,absolute-image-memory-reference,False
0x10008ADD,0x10008ADB,0x10008AE4,MOV dword ptr [0x1003bc1c],0x1003BC1C,.data,0x10008940,1,absolute-image-memory-reference,False
0x10008AE7,0x10008AE5,0x10008AEE,MOV dword ptr [0x1003bc08],0x1003BC08,.data,0x10008940,1,absolute-image-memory-reference,False
0x10008AF1,0x10008AEF,0x10008AF8,MOV dword ptr [0x1003c1f8],0x1003C1F8,.data,0x10008940,1,absolute-image-memory-reference,False
0x10008AFB,0x10008AF9,0x10008AFF,CMP dword ptr [0x1003bd9c],0x1003BD9C,.data,0x10008940,1,absolute-image-memory-reference,False
0x10008B04,0x10008B02,0x10008B07,MOV ECX,0x1003BD9C,.data,0x10008940,1,absolute-image-memory-reference,False
0x10008B15,0x10008B13,0x10008B19,CMP dword ptr [0x1003bda0],0x1003BDA0,.data,0x10008940,1,absolute-image-memory-reference,False
0x10008B1D,0x10008B1C,0x10008B20,MOV EAX,0x1003BDA0,.data,0x10008940,1,absolute-image-memory-reference,False
0x10008B2E,0x10008B2C,0x10008B32,CMP dword ptr [0x1003bda4],0x1003BDA4,.data,0x10008940,1,absolute-image-memory-reference,False
0x10008B37,0x10008B35,0x10008B3A,MOV EDX,0x1003BDA4,.data,0x10008940,1,absolute-image-memory-reference,False
0x10008B48,0x10008B46,0x10008B4F,MOV dword ptr [0x1003bd9c],0x1003BD9C,.data,0x10008940,1,absolute-image-memory-reference,False
0x10008B52,0x10008B50,0x10008B59,MOV dword ptr [0x1003bda0],0x1003BDA0,.data,0x10008940,1,absolute-image-memory-reference,False
0x10008B5C,0x10008B5A,0x10008B63,MOV dword ptr [0x1003bda4],0x1003BDA4,.data,0x10008940,1,absolute-image-memory-reference,False
0x1000CAA3,0x1000CAA1,0x1000CAA6,MOV EBX,0x1003C3CC,.data,,0,,False
0x1000CAF3,0x1000CAF1,0x1000CAF6,MOV EBX,0x1003C3CC,.data,,0,,False
0x1000CB43,0x1000CB41,0x1000CB46,MOV EBX,0x1003C3CC,.data,,0,,False
0x1000CB93,0x1000CB91,0x1000CB96,MOV EBX,0x1003C3CC,.data,,0,,False
0x1000CBE3,0x1000CBE1,0x1000CBE6,MOV EBX,0x1003C3CC,.data,,0,,False
0x100104CF,0x100104CD,0x100104D2,CALL dword ptr [0x1002205c],0x1002205C,.rdata,,0,,False
0x100104D4,0x100104D3,0x100104D7,MOV [0x1003d54c],0x1003D54C,.data,,0,,False
0x100104D9,0x100104D8,0x100104DC,MOV [0x1003d548],0x1003D548,.data,,0,,False
0x10013026,0x10013025,0x10013029,MOV EAX,0x1003D540,.data,,0,,False
0x10013040,0x1001303F,0x10013043,MOV [0x1003d540],0x1003D540,.data,,0,,False
0x1001304F,0x1001304E,0x10013052,MOV [0x1003c520],0x1003C520,.data,,0,,False
0x1001305C,0x1001305A,0x1001305F,MOV dword ptr [0x1003d540],0x1003D540,.data,,0,,False
0x10013068,0x10013067,0x1001306B,MOV [0x1003c520],0x1003C520,.data,,0,,False
0x10013078,0x10013077,0x1001307B,MOV ECX,0x100291D0,.data,,0,,False
0x1001307F,0x1001307E,0x10013082,MOV EAX,0x1003C520,.data,,0,,False
0x1001308E,0x1001308C,0x10013091,CMP ECX,0x10029450,.data,,0,,False
0x1001309A,0x10013099,0x1001309D,MOV ECX,0x100291E0,.data,,0,,False
0x100130A7,0x100130A4,0x100130AA,MOV EAX,0x1003C420,.data,,0,,False
0x100130CB,0x100130C9,0x100130CE,CMP ECX,0x10029240,.data,,0,,False
0x100130DD,0x100130DB,0x100130E1,CMP byte ptr [0x10039a34],0x10039A34,.data,,0,,False
0x100130EB,0x100130E9,0x100130EE,PUSH dword ptr [0x1003c520],0x1003C520,.data,,0,,False
0x10014C4B,0x10014C49,0x10014C4E,CALL dword ptr [0x100220d0],0x100220D0,.rdata,,0,,False
0x10017050,0x1001704E,0x10017053,CALL dword ptr [0x1002210c],0x1002210C,.rdata,,0,,False
0x10017055,0x10017054,0x10017058,MOV [0x1003c414],0x1003C414,.data,,0,,False
0x1001C5E4,0x1001C5E2,0x1001C5E7,CALL dword ptr [0x1002210c],0x1002210C,.rdata,,0,,False
0x1001C5E9,0x1001C5E8,0x1001C5EC,MOV [0x1003c40c],0x1003C40C,.data,,0,,False
0x10020849,0x10020848,0x1002084C,MOV EAX,0x10028620,.rdata,,0,,False
0x10020864,0x10020863,0x10020867,MOV EAX,0x100286C0,.rdata,,0,,False
0x100208D7,0x100208D5,0x100208DA,TEST byte ptr [0x1003c3fc],0x1003C3FC,.data,,0,,False
0x100208DF,0x100208DD,0x100208E2,OR dword ptr [0x1003c3fc],0x1003C3FC,.data,,0,,False
0x100208E6,0x100208E5,0x100208E9,PUSH 0x10020a80,0x10020A80,.text,,0,,False
0x100208EB,0x100208EA,0x100208EE,MOV [0x1003c3e8],0x1003C3E8,.data,,0,,False
0x100208F0,0x100208EF,0x100208F3,MOV [0x1003c3ec],0x1003C3EC,.data,,0,,False
0x100208FE,0x100208FC,0x10020905,MOV dword ptr [0x1003c38c],0x1003C38C,.data,,0,,False
0x10020902,0x100208FC,0x10020905,MOV dword ptr [0x1003c38c],0x1003C3E8,.data,,0,,False
0x10020911,0x10020910,0x10020914,PUSH 0x10020a90,0x10020A90,.text,,0,,False
0x10020921,0x10020920,0x10020924,PUSH 0x10020af0,0x10020AF0,.text,,0,,False
0x10020931,0x10020930,0x10020934,PUSH 0x10020b50,0x10020B50,.text,,0,,False
0x10020941,0x10020940,0x10020944,PUSH 0x10020bb0,0x10020BB0,.text,,0,,False
0x10020951,0x10020950,0x10020954,PUSH 0x10020c10,0x10020C10,.text,,0,,False
0x10020961,0x10020960,0x10020964,PUSH 0x10020c70,0x10020C70,.text,,0,,False
0x10020971,0x10020970,0x10020974,PUSH 0x10020cd0,0x10020CD0,.text,,0,,False
0x10020981,0x10020980,0x10020984,PUSH 0x10020d30,0x10020D30,.text,,0,,False
0x10020991,0x10020990,0x10020994,PUSH 0x10020d90,0x10020D90,.text,,0,,False
0x100209A1,0x100209A0,0x100209A4,PUSH 0x10020df0,0x10020DF0,.text,,0,,False
0x100209B1,0x100209B0,0x100209B4,PUSH 0x10020e50,0x10020E50,.text,,0,,False
0x100209C1,0x100209C0,0x100209C4,PUSH 0x10020eb0,0x10020EB0,.text,,0,,False
0x100209D1,0x100209D0,0x100209D4,PUSH 0x10020f10,0x10020F10,.text,,0,,False
0x100209E1,0x100209E0,0x100209E4,PUSH 0x10020f70,0x10020F70,.text,,0,,False
0x100209F6,0x100209F5,0x100209F9,PUSH 0x10020fd0,0x10020FD0,.text,,0,,False
0x100209FC,0x100209FA,0x10020A03,MOV dword ptr [0x1003c328],0x1003C328,.data,,0,,False
0x10020A00,0x100209FA,0x10020A03,MOV dword ptr [0x1003c328],0x10024C74,.rdata,,0,,False
0x10020A11,0x10020A10,0x10020A14,PUSH 0x10021030,0x10021030,.text,,0,,False
0x10020A21,0x10020A20,0x10020A24,PUSH 0x10021090,0x10021090,.text,,0,,False
0x10020A31,0x10020A30,0x10020A34,PUSH 0x100210f0,0x100210F0,.text,,0,,False
0x10020A41,0x10020A40,0x10020A44,PUSH 0x10021150,0x10021150,.text,,0,,False
0x10020A51,0x10020A50,0x10020A54,PUSH 0x100211b0,0x100211B0,.text,,0,,False
0x10020A61,0x10020A60,0x10020A64,PUSH 0x10021210,0x10021210,.text,,0,,False
