root,entry,depth,instruction_address,instruction,call_kind,call_target,context
10001863,10001863,0,1000187e,"CALL EAX",INDIRECT,,"1000186d PUSH 0x10001ad0 | 10001872 PUSH 0x5445584d | 10001877 PUSH 0x10 | 10001879 MOV EAX,0x7f3bb0 | 1000187e CALL EAX | 10001880 PUSH EAX | 10001881 PUSH 0x100243c4 | 10001886 MOV [0x1003aacc],EAX | 1000188b CALL 0x100014c0"
10001863,10001863,0,1000188b,"CALL 0x100014c0",DIRECT,100014c0,
10001863,100014c0,1,100014e6,"CALL 0x10014206",DIRECT,10014206,
10001863,100014c0,1,100014f8,"CALL 0x10010913",DIRECT,10010913,
10001863,100014c0,1,,,,,CAP_REACHED_24
10001863,10014206,2,10014219,"CALL 0x1001415a",DIRECT,1001415a,
10001863,10010913,2,1001091a,"CALL 0x10012e20",DIRECT,10012e20,
10001863,10010913,2,1001092b,"CALL 0x100118f1",DIRECT,100118f1,
10001863,10010913,2,10010936,"CALL 0x1001189f",DIRECT,1001189f,
