hook_site,opcode,target,target_block,target_instruction,bytes_hex
0x006D6617,0XE8,0x100074D0,".text","PUSH EBP","55"
0x005B8FFD,0XE8,0x10008140,".text","PUSH EBP","55"
0x006D6494,0XE8,0x100050E0,".text","PUSH EBP","55"
0x0053BFCC,0XE8,0x10004B10,".text","MOV AX,[0x10037508]","66 A1 08 75 03 10"
0x006D6A58,0XE8,0x100042C0,".text","PUSH EBP","55"
0x005D5BC7,0XE9,0x10008780,".text","PUSHAD","60"
0x005D5C1E,0XE9,0x10008830,".text","MOV [0x1003c1f0],EAX","A3 F0 C1 03 10"
0x005D5AD1,0XE9,0x10008940,".text","MOV dword ptr [0x1003bc18],0x0","C7 05 18 BC 03 10 00 00 00 00"
0x006E198E,0XE9,0x10007F90,".text","MOV dword ptr [0x1003bd88],ESI","89 35 88 BD 03 10"
0x006E18DA,0XE9,0x10007F50,".text","FCOMP float ptr [0x1003c258]","D8 1D 58 C2 03 10"
0x006E1A2D,0XE9,0x10007F70,".text","TEST BH,0x41","F6 C7 41"
0x006FDED6,0XE8,0x10003E40,".text","PUSH 0x504","68 04 05 00 00"
0x006FDF10,0XE8,0x10003F40,".text","PUSH EBP","55"
0x006AB350,0XE9,0x10003030,".text","MOV dword ptr [0x1003bc2c],ESI","89 35 2C BC 03 10"
0x006F3AED,0XE8,0x10003060,".text","PUSHAD","60"
0x006F3973,0XE8,0x10003080,".text","PUSHAD","60"
0x006E174B,0XE8,0x10003400,".text","PUSH EBP","55"
0x006E175E,0XE8,0x10003400,".text","PUSH EBP","55"
0x006E173C,0XE8,0x10003660,".text","PUSH EBP","55"
0x006E1773,0XE8,0x10003660,".text","PUSH EBP","55"
0x006E27E6,0XE9,0x100031E0,".text","MOV dword ptr [0x1003bc14],ESI","89 35 14 BC 03 10"
0x006E0DF7,0XE8,0x10003340,".text","PUSH EBP","55"
