target,instruction_address,mnemonic,bytes_hex,flow_type,successors,classification
0x10004B10,0x10004B10,"MOV AX,[0x10037508]","66 A1 08 75 03 10","FALL_THROUGH","0x10004B16",FOLLOWED
0x10004B10,0x10004B16,"MOV byte ptr [0x1003a6c6],0x0","C6 05 C6 A6 03 10 00","FALL_THROUGH","0x10004B1D",FOLLOWED
0x10004B10,0x10004B1D,"CMP AX,-0x1","66 83 F8 FF","FALL_THROUGH","0x10004B21",FOLLOWED
0x10004B10,0x10004B21,"JNZ 0x10004b30","75 0D","CONDITIONAL_JUMP","0x10004B30|0x10004B23",FOLLOWED
0x10004B10,0x10004B30,"MOVZX ECX,word ptr [0x00c81320]","0F B7 0D 20 13 C8 00","FALL_THROUGH","0x10004B37",FOLLOWED
0x10004B10,0x10004B23,"MOV AX,[0x00c81320]","66 A1 20 13 C8 00","FALL_THROUGH","0x10004B29",FOLLOWED
0x10004B10,0x10004B37,"CMP AX,CX","66 3B C1","FALL_THROUGH","0x10004B3A",FOLLOWED
0x10004B10,0x10004B29,"MOV [0x10037508],AX","66 A3 08 75 03 10","FALL_THROUGH","0x10004B2F",FOLLOWED
0x10004B10,0x10004B3A,"JZ 0x10004b9a","74 5E","CONDITIONAL_JUMP","0x10004B9A|0x10004B3C",FOLLOWED
0x10004B10,0x10004B2F,"RET","C3","TERMINATOR","",TERMINAL_OR_INDIRECT_EXIT
0x10004B10,0x10004B9A,"MOV word ptr [0x10037508],CX","66 89 0D 08 75 03 10","FALL_THROUGH","0x10004BA1",FOLLOWED
0x10004B10,0x10004B3C,"CMP CX,0x8","66 83 F9 08","FALL_THROUGH","0x10004B40",FOLLOWED
0x10004B10,0x10004BA1,"RET","C3","TERMINATOR","",TERMINAL_OR_INDIRECT_EXIT
0x10004B10,0x10004B40,"JZ 0x10004b7b","74 39","CONDITIONAL_JUMP","0x10004B7B|0x10004B42",FOLLOWED
0x10004B10,0x10004B7B,"CMP AX,0x8","66 83 F8 08","FALL_THROUGH","0x10004B7F",FOLLOWED
0x10004B10,0x10004B42,"CMP CX,0x9","66 83 F9 09","FALL_THROUGH","0x10004B46",FOLLOWED
0x10004B10,0x10004B7F,"JZ 0x10004b9a","74 19","CONDITIONAL_JUMP","0x10004B9A|0x10004B81",FOLLOWED
0x10004B10,0x10004B46,"JZ 0x10004b7b","74 33","CONDITIONAL_JUMP","0x10004B7B|0x10004B48",FOLLOWED
0x10004B10,0x10004B81,"CMP AX,0x9","66 83 F8 09","FALL_THROUGH","0x10004B85",FOLLOWED
0x10004B10,0x10004B48,"CMP CX,0x10","66 83 F9 10","FALL_THROUGH","0x10004B4C",FOLLOWED
0x10004B10,0x10004B85,"JZ 0x10004b9a","74 13","CONDITIONAL_JUMP","0x10004B9A|0x10004B87",FOLLOWED
0x10004B10,0x10004B4C,"JZ 0x10004b7b","74 2D","CONDITIONAL_JUMP","0x10004B7B|0x10004B4E",FOLLOWED
0x10004B10,0x10004B87,"CMP AX,0x10","66 83 F8 10","FALL_THROUGH","0x10004B8B",FOLLOWED
0x10004B10,0x10004B4E,"CMP CX,0x13","66 83 F9 13","FALL_THROUGH","0x10004B52",FOLLOWED
0x10004B10,0x10004B8B,"JZ 0x10004b9a","74 0D","CONDITIONAL_JUMP","0x10004B9A|0x10004B8D",FOLLOWED
0x10004B10,0x10004B52,"JZ 0x10004b7b","74 27","CONDITIONAL_JUMP","0x10004B7B|0x10004B54",FOLLOWED
0x10004B10,0x10004B8D,"CMP AX,0x13","66 83 F8 13","FALL_THROUGH","0x10004B91",FOLLOWED
0x10004B10,0x10004B54,"CMP AX,0x8","66 83 F8 08","FALL_THROUGH","0x10004B58",FOLLOWED
0x10004B10,0x10004B91,"JZ 0x10004b9a","74 07","CONDITIONAL_JUMP","0x10004B9A|0x10004B93",FOLLOWED
0x10004B10,0x10004B58,"JZ 0x10004b6c","74 12","CONDITIONAL_JUMP","0x10004B6C|0x10004B5A",FOLLOWED
0x10004B10,0x10004B93,"MOV byte ptr [0x1003a6c6],0x1","C6 05 C6 A6 03 10 01","FALL_THROUGH","0x10004B9A",FOLLOWED
0x10004B10,0x10004B6C,"MOV byte ptr [0x1003a6c6],0x2","C6 05 C6 A6 03 10 02","FALL_THROUGH","0x10004B73",FOLLOWED
0x10004B10,0x10004B5A,"CMP AX,0x9","66 83 F8 09","FALL_THROUGH","0x10004B5E",FOLLOWED
0x10004B10,0x10004B73,"MOV word ptr [0x10037508],CX","66 89 0D 08 75 03 10","FALL_THROUGH","0x10004B7A",FOLLOWED
0x10004B10,0x10004B5E,"JZ 0x10004b6c","74 0C","CONDITIONAL_JUMP","0x10004B6C|0x10004B60",FOLLOWED
0x10004B10,0x10004B7A,"RET","C3","TERMINATOR","",TERMINAL_OR_INDIRECT_EXIT
0x10004B10,0x10004B60,"CMP AX,0x10","66 83 F8 10","FALL_THROUGH","0x10004B64",FOLLOWED
0x10004B10,0x10004B64,"JZ 0x10004b6c","74 06","CONDITIONAL_JUMP","0x10004B6C|0x10004B66",FOLLOWED
0x10004B10,0x10004B66,"CMP AX,0x13","66 83 F8 13","FALL_THROUGH","0x10004B6A",FOLLOWED
0x10004B10,0x10004B6A,"JNZ 0x10004b9a","75 2E","CONDITIONAL_JUMP","0x10004B9A|0x10004B6C",FOLLOWED
0x10008780,0x10008780,"PUSHAD","60","FALL_THROUGH","0x10008781",FOLLOWED
0x10008780,0x10008781,"PUSH 0x1003bc80","68 80 BC 03 10","FALL_THROUGH","0x10008786",FOLLOWED
0x10008780,0x10008786,"MOV EAX,0x7cf9b0","B8 B0 F9 7C 00","FALL_THROUGH","0x1000878B",FOLLOWED
0x10008780,0x1000878B,"CALL EAX","FF D0","COMPUTED_CALL","0x1000878D",FOLLOWED
0x10008780,0x1000878D,"ADD ESP,0x4","83 C4 04","FALL_THROUGH","0x10008790",FOLLOWED
0x10008780,0x10008790,"MOV [0x1003c200],EAX","A3 00 C2 03 10","FALL_THROUGH","0x10008795",FOLLOWED
0x10008780,0x10008795,"PUSH 0x1003bc10","68 10 BC 03 10","FALL_THROUGH","0x1000879A",FOLLOWED
0x10008780,0x1000879A,"PUSH 0x1003bc28","68 28 BC 03 10","FALL_THROUGH","0x1000879F",FOLLOWED
0x10008780,0x1000879F,"PUSH 0x1003c204","68 04 C2 03 10","FALL_THROUGH","0x100087A4",FOLLOWED
0x10008780,0x100087A4,"PUSH 0x1003bbb8","68 B8 BB 03 10","FALL_THROUGH","0x100087A9",FOLLOWED
0x10008780,0x100087A9,"PUSH 0x4","6A 04","FALL_THROUGH","0x100087AB",FOLLOWED
0x10008780,0x100087AB,"MOV ECX,dword ptr [0x1003c200]","8B 0D 00 C2 03 10","FALL_THROUGH","0x100087B1",FOLLOWED
0x10008780,0x100087B1,"PUSH ECX","51","FALL_THROUGH","0x100087B2",FOLLOWED
0x10008780,0x100087B2,"MOV EDX,0x8042c0","BA C0 42 80 00","FALL_THROUGH","0x100087B7",FOLLOWED
0x10008780,0x100087B7,"CALL EDX","FF D2","COMPUTED_CALL","0x100087B9",FOLLOWED
0x10008780,0x100087B9,"ADD ESP,0x18","83 C4 18","FALL_THROUGH","0x100087BC",FOLLOWED
0x10008780,0x100087BC,"MOV EAX,[0x1003bc10]","A1 10 BC 03 10","FALL_THROUGH","0x100087C1",FOLLOWED
0x10008780,0x100087C1,"PUSH EAX","50","FALL_THROUGH","0x100087C2",FOLLOWED
0x10008780,0x100087C2,"MOV ECX,dword ptr [0x1003bc28]","8B 0D 28 BC 03 10","FALL_THROUGH","0x100087C8",FOLLOWED
0x10008780,0x100087C8,"PUSH ECX","51","FALL_THROUGH","0x100087C9",FOLLOWED
0x10008780,0x100087C9,"MOV EDX,dword ptr [0x1003c204]","8B 15 04 C2 03 10","FALL_THROUGH","0x100087CF",FOLLOWED
0x10008780,0x100087CF,"PUSH EDX","52","FALL_THROUGH","0x100087D0",FOLLOWED
0x10008780,0x100087D0,"MOV EAX,[0x1003bbb8]","A1 B8 BB 03 10","FALL_THROUGH","0x100087D5",FOLLOWED
0x10008780,0x100087D5,"PUSH EAX","50","FALL_THROUGH","0x100087D6",FOLLOWED
0x10008780,0x100087D6,"MOV ECX,0x7fb230","B9 30 B2 7F 00","FALL_THROUGH","0x100087DB",FOLLOWED
0x10008780,0x100087DB,"CALL ECX","FF D1","COMPUTED_CALL","0x100087DD",FOLLOWED
0x10008780,0x100087DD,"ADD ESP,0x10","83 C4 10","FALL_THROUGH","0x100087E0",FOLLOWED
0x10008780,0x100087E0,"MOV [0x1003bd94],EAX","A3 94 BD 03 10","FALL_THROUGH","0x100087E5",FOLLOWED
0x10008780,0x100087E5,"MOV EDX,dword ptr [0x1003c200]","8B 15 00 C2 03 10","FALL_THROUGH","0x100087EB",FOLLOWED
0x10008780,0x100087EB,"PUSH EDX","52","FALL_THROUGH","0x100087EC",FOLLOWED
0x10008780,0x100087EC,"MOV EAX,[0x1003bd94]","A1 94 BD 03 10","FALL_THROUGH","0x100087F1",FOLLOWED
0x10008780,0x100087F1,"PUSH EAX","50","FALL_THROUGH","0x100087F2",FOLLOWED
0x10008780,0x100087F2,"MOV ECX,0x804290","B9 90 42 80 00","FALL_THROUGH","0x100087F7",FOLLOWED
0x10008780,0x100087F7,"CALL ECX","FF D1","COMPUTED_CALL","0x100087F9",FOLLOWED
0x10008780,0x100087F9,"ADD ESP,0x8","83 C4 08","FALL_THROUGH","0x100087FC",FOLLOWED
0x10008780,0x100087FC,"MOV EDX,dword ptr [0x1003c200]","8B 15 00 C2 03 10","FALL_THROUGH","0x10008802",FOLLOWED
0x10008780,0x10008802,"PUSH EDX","52","FALL_THROUGH","0x10008803",FOLLOWED
0x10008780,0x10008803,"MOV EAX,0x802740","B8 40 27 80 00","FALL_THROUGH","0x10008808",FOLLOWED
0x10008780,0x10008808,"CALL EAX","FF D0","COMPUTED_CALL","0x1000880A",FOLLOWED
0x10008780,0x1000880A,"ADD ESP,0x4","83 C4 04","FALL_THROUGH","0x1000880D",FOLLOWED
0x10008780,0x1000880D,"MOV ECX,dword ptr [0x1003bd94]","8B 0D 94 BD 03 10","FALL_THROUGH","0x10008813",FOLLOWED
0x10008780,0x10008813,"PUSH ECX","51","FALL_THROUGH","0x10008814",FOLLOWED
0x10008780,0x10008814,"MOV EDX,0x7f37c0","BA C0 37 7F 00","FALL_THROUGH","0x10008819",FOLLOWED
0x10008780,0x10008819,"CALL EDX","FF D2","COMPUTED_CALL","0x1000881B",FOLLOWED
0x10008780,0x1000881B,"ADD ESP,0x4","83 C4 04","FALL_THROUGH","0x1000881E",FOLLOWED
0x10008780,0x1000881E,"MOV [0x1003c1f0],EAX","A3 F0 C1 03 10","FALL_THROUGH","0x10008823",FOLLOWED
0x10008780,0x10008823,"POPAD","61","FALL_THROUGH","0x10008824",FOLLOWED
0x10008780,0x10008824,"MOV EAX,[0x1003c1f0]","A1 F0 C1 03 10","FALL_THROUGH","0x10008829",FOLLOWED
0x10008780,0x10008829,"MOV ECX,0x5d5bea","B9 EA 5B 5D 00","FALL_THROUGH","0x1000882E",FOLLOWED
0x10008780,0x1000882E,"JMP ECX","FF E1","COMPUTED_JUMP","",NO_INTRA_BLOCK_SUCCESSOR
0x10008830,0x10008830,"MOV [0x1003c1f0],EAX","A3 F0 C1 03 10","FALL_THROUGH","0x10008835",FOLLOWED
0x10008830,0x10008835,"MOV dword ptr [0x1003bc18],EBP","89 2D 18 BC 03 10","FALL_THROUGH","0x1000883B",FOLLOWED
0x10008830,0x1000883B,"PUSHAD","60","FALL_THROUGH","0x1000883C",FOLLOWED
0x10008830,0x1000883C,"CMP dword ptr [0x1003c1f4],0x1","83 3D F4 C1 03 10 01","FALL_THROUGH","0x10008843",FOLLOWED
0x10008830,0x10008843,"JNZ 0x10008890","75 4B","CONDITIONAL_JUMP","0x10008890|0x10008845",FOLLOWED
0x10008830,0x10008890,"CMP dword ptr [0x1003c1f4],0x2","83 3D F4 C1 03 10 02","FALL_THROUGH","0x10008897",FOLLOWED
0x10008830,0x10008845,"MOV EAX,[0x1003c1f0]","A1 F0 C1 03 10","FALL_THROUGH","0x1000884A",FOLLOWED
0x10008830,0x10008897,"JNZ 0x100088e0","75 47","CONDITIONAL_JUMP","0x100088E0|0x10008899",FOLLOWED
0x10008830,0x1000884A,"ADD EAX,0x10","83 C0 10","FALL_THROUGH","0x1000884D",FOLLOWED
0x10008830,0x100088E0,"CMP dword ptr [0x1003c1f4],0x3","83 3D F4 C1 03 10 03","FALL_THROUGH","0x100088E7",FOLLOWED
0x10008830,0x10008899,"MOV ECX,dword ptr [0x1003c1f0]","8B 0D F0 C1 03 10","FALL_THROUGH","0x1000889F",FOLLOWED
0x10008830,0x1000884D,"MOV ECX,dword ptr [0x1002496c]","8B 0D 6C 49 02 10","FALL_THROUGH","0x10008853",FOLLOWED
0x10008830,0x100088E7,"JNZ 0x1000892e","75 45","CONDITIONAL_JUMP","0x1000892E|0x100088E9",FOLLOWED
0x10008830,0x1000889F,"ADD ECX,0x10","83 C1 10","FALL_THROUGH","0x100088A2",FOLLOWED
0x10008830,0x10008853,"MOV dword ptr [EAX],ECX","89 08","FALL_THROUGH","0x10008855",FOLLOWED
0x10008830,0x1000892E,"POPAD","61","FALL_THROUGH","0x1000892F",FOLLOWED
0x10008830,0x100088E9,"MOV EDX,dword ptr [0x1003c1f0]","8B 15 F0 C1 03 10","FALL_THROUGH","0x100088EF",FOLLOWED
0x10008830,0x100088A2,"MOV EDX,dword ptr [0x10024980]","8B 15 80 49 02 10","FALL_THROUGH","0x100088A8",FOLLOWED
0x10008830,0x10008855,"MOV EDX,dword ptr [0x10024970]","8B 15 70 49 02 10","FALL_THROUGH","0x1000885B",FOLLOWED
0x10008830,0x1000892F,"SUB ESP,0x8","83 EC 08","FALL_THROUGH","0x10008932",FOLLOWED
0x10008830,0x100088EF,"ADD EDX,0x10","83 C2 10","FALL_THROUGH","0x100088F2",FOLLOWED
0x10008830,0x100088A8,"MOV dword ptr [ECX],EDX","89 11","FALL_THROUGH","0x100088AA",FOLLOWED
0x10008830,0x1000885B,"MOV dword ptr [EAX + 0x4],EDX","89 50 04","FALL_THROUGH","0x1000885E",FOLLOWED
0x10008830,0x10008932,"MOV ECX,dword ptr [0x1003c1f0]","8B 0D F0 C1 03 10","FALL_THROUGH","0x10008938",FOLLOWED
0x10008830,0x100088F2,"MOV EAX,[0x10024994]","A1 94 49 02 10","FALL_THROUGH","0x100088F7",FOLLOWED
0x10008830,0x100088AA,"MOV EAX,[0x10024984]","A1 84 49 02 10","FALL_THROUGH","0x100088AF",FOLLOWED
0x10008830,0x1000885E,"MOV ECX,dword ptr [0x10024974]","8B 0D 74 49 02 10","FALL_THROUGH","0x10008864",FOLLOWED
0x10008830,0x10008938,"MOV EAX,0x5d5c37","B8 37 5C 5D 00","FALL_THROUGH","0x1000893D",FOLLOWED
0x10008830,0x100088F7,"MOV dword ptr [EDX],EAX","89 02","FALL_THROUGH","0x100088F9",FOLLOWED
0x10008830,0x100088AF,"MOV dword ptr [ECX + 0x4],EAX","89 41 04","FALL_THROUGH","0x100088B2",FOLLOWED
0x10008830,0x10008864,"MOV dword ptr [EAX + 0x8],ECX","89 48 08","FALL_THROUGH","0x10008867",FOLLOWED
0x10008830,0x1000893D,"JMP EAX","FF E0","COMPUTED_JUMP","",NO_INTRA_BLOCK_SUCCESSOR
0x10008830,0x100088F9,"MOV ECX,dword ptr [0x10024998]","8B 0D 98 49 02 10","FALL_THROUGH","0x100088FF",FOLLOWED
0x10008830,0x100088B2,"MOV EDX,dword ptr [0x10024988]","8B 15 88 49 02 10","FALL_THROUGH","0x100088B8",FOLLOWED
0x10008830,0x10008867,"MOV EDX,dword ptr [0x10024978]","8B 15 78 49 02 10","FALL_THROUGH","0x1000886D",FOLLOWED
0x10008830,0x100088FF,"MOV dword ptr [EDX + 0x4],ECX","89 4A 04","FALL_THROUGH","0x10008902",FOLLOWED
0x10008830,0x100088B8,"MOV dword ptr [ECX + 0x8],EDX","89 51 08","FALL_THROUGH","0x100088BB",FOLLOWED
0x10008830,0x1000886D,"MOV dword ptr [EAX + 0xc],EDX","89 50 0C","FALL_THROUGH","0x10008870",FOLLOWED
0x10008830,0x10008902,"MOV EAX,[0x1002499c]","A1 9C 49 02 10","FALL_THROUGH","0x10008907",FOLLOWED
0x10008830,0x100088BB,"MOV EAX,[0x1002498c]","A1 8C 49 02 10","FALL_THROUGH","0x100088C0",FOLLOWED
0x10008830,0x10008870,"MOV CL,byte ptr [0x1002497c]","8A 0D 7C 49 02 10","FALL_THROUGH","0x10008876",FOLLOWED
0x10008830,0x10008907,"MOV dword ptr [EDX + 0x8],EAX","89 42 08","FALL_THROUGH","0x1000890A",FOLLOWED
0x10008830,0x100088C0,"MOV dword ptr [ECX + 0xc],EAX","89 41 0C","FALL_THROUGH","0x100088C3",FOLLOWED
0x10008830,0x10008876,"MOV byte ptr [EAX + 0x10],CL","88 48 10","FALL_THROUGH","0x10008879",FOLLOWED
0x10008830,0x1000890A,"MOV ECX,dword ptr [0x100249a0]","8B 0D A0 49 02 10","FALL_THROUGH","0x10008910",FOLLOWED
0x10008830,0x100088C3,"MOV DL,byte ptr [0x10024990]","8A 15 90 49 02 10","FALL_THROUGH","0x100088C9",FOLLOWED
0x10008830,0x10008879,"MOV EDX,dword ptr [0x1003bc18]","8B 15 18 BC 03 10","FALL_THROUGH","0x1000887F",FOLLOWED
0x10008830,0x10008910,"MOV dword ptr [EDX + 0xc],ECX","89 4A 0C","FALL_THROUGH","0x10008913",FOLLOWED
0x10008830,0x100088C9,"MOV byte ptr [ECX + 0x10],DL","88 51 10","FALL_THROUGH","0x100088CC",FOLLOWED
0x10008830,0x1000887F,"MOV EAX,[0x1003c1f0]","A1 F0 C1 03 10","FALL_THROUGH","0x10008884",FOLLOWED
0x10008830,0x10008913,"MOV AL,[0x100249a4]","A0 A4 49 02 10","FALL_THROUGH","0x10008918",FOLLOWED
0x10008830,0x100088CC,"MOV EAX,[0x1003bc18]","A1 18 BC 03 10","FALL_THROUGH","0x100088D1",FOLLOWED
0x10008830,0x10008884,"MOV dword ptr [EDX*0x4 + 0x1003c1a8],EAX","89 04 95 A8 C1 03 10","FALL_THROUGH","0x1000888B",FOLLOWED
0x10008830,0x10008918,"MOV byte ptr [EDX + 0x10],AL","88 42 10","FALL_THROUGH","0x1000891B",FOLLOWED
0x10008830,0x100088D1,"MOV ECX,dword ptr [0x1003c1f0]","8B 0D F0 C1 03 10","FALL_THROUGH","0x100088D7",FOLLOWED
0x10008830,0x1000888B,"JMP 0x1000892e","E9 9E 00 00 00","UNCONDITIONAL_JUMP","0x1000892E",FOLLOWED
0x10008830,0x1000891B,"MOV ECX,dword ptr [0x1003bc18]","8B 0D 18 BC 03 10","FALL_THROUGH","0x10008921",FOLLOWED
0x10008830,0x100088D7,"MOV dword ptr [EAX*0x4 + 0x1003bbc0],ECX","89 0C 85 C0 BB 03 10","FALL_THROUGH","0x100088DE",FOLLOWED
0x10008830,0x10008921,"MOV EDX,dword ptr [0x1003c1f0]","8B 15 F0 C1 03 10","FALL_THROUGH","0x10008927",FOLLOWED
0x10008830,0x100088DE,"JMP 0x1000892e","EB 4E","UNCONDITIONAL_JUMP","0x1000892E",FOLLOWED
0x10008830,0x10008927,"MOV dword ptr [ECX*0x4 + 0x1003bc30],EDX","89 14 8D 30 BC 03 10","FALL_THROUGH","0x1000892E",FOLLOWED
0x10008940,0x10008940,"MOV dword ptr [0x1003bc18],0x0","C7 05 18 BC 03 10 00 00 00 00","FALL_THROUGH","0x1000894A",FOLLOWED
0x10008940,0x1000894A,"JMP 0x10008959","EB 0D","UNCONDITIONAL_JUMP","0x10008959",FOLLOWED
0x10008940,0x10008959,"CMP dword ptr [0x1003bc18],0x10","83 3D 18 BC 03 10 10","FALL_THROUGH","0x10008960",FOLLOWED
0x10008940,0x10008960,"JGE 0x10008a45","0F 8D DF 00 00 00","CONDITIONAL_JUMP","0x10008A45|0x10008966",FOLLOWED
0x10008940,0x10008A45,"CMP dword ptr [0x1003bd90],0x0","83 3D 90 BD 03 10 00","FALL_THROUGH","0x10008A4C",FOLLOWED
0x10008940,0x10008966,"MOV ECX,dword ptr [0x1003bc18]","8B 0D 18 BC 03 10","FALL_THROUGH","0x1000896C",FOLLOWED
0x10008940,0x10008A4C,"JZ 0x10008a59","74 0B","CONDITIONAL_JUMP","0x10008A59|0x10008A4E",FOLLOWED
0x10008940,0x1000896C,"CMP dword ptr [ECX*0x4 + 0x1003c1a8],0x0","83 3C 8D A8 C1 03 10 00","FALL_THROUGH","0x10008974",FOLLOWED
0x10008940,0x10008A59,"CMP dword ptr [0x1003bbb4],0x0","83 3D B4 BB 03 10 00","FALL_THROUGH","0x10008A60",FOLLOWED
0x10008940,0x10008A4E,"MOV ESI,dword ptr [0x1003bd90]","8B 35 90 BD 03 10","FALL_THROUGH","0x10008A54",FOLLOWED
0x10008940,0x10008974,"JZ 0x1000898e","74 18","CONDITIONAL_JUMP","0x1000898E|0x10008976",FOLLOWED
0x10008940,0x10008A60,"JZ 0x10008a6d","74 0B","CONDITIONAL_JUMP","0x10008A6D|0x10008A62",FOLLOWED
0x10008940,0x10008A54,"CALL 0x10001730","E8 D7 8C FF FF","UNCONDITIONAL_CALL","0x10008A59",FOLLOWED
0x10008940,0x1000898E,"MOV EDX,dword ptr [0x1003bc18]","8B 15 18 BC 03 10","FALL_THROUGH","0x10008994",FOLLOWED
0x10008940,0x10008976,"MOV EDX,dword ptr [0x1003bc18]","8B 15 18 BC 03 10","FALL_THROUGH","0x1000897C",FOLLOWED
0x10008940,0x10008A6D,"CMP dword ptr [0x1003bc7c],0x0","83 3D 7C BC 03 10 00","FALL_THROUGH","0x10008A74",FOLLOWED
0x10008940,0x10008A62,"MOV ESI,dword ptr [0x1003bbb4]","8B 35 B4 BB 03 10","FALL_THROUGH","0x10008A68",FOLLOWED
0x10008940,0x10008994,"CMP dword ptr [EDX*0x4 + 0x1003bbc0],0x0","83 3C 95 C0 BB 03 10 00","FALL_THROUGH","0x1000899C",FOLLOWED
0x10008940,0x1000897C,"MOV EAX,dword ptr [EDX*0x4 + 0x1003c1a8]","8B 04 95 A8 C1 03 10","FALL_THROUGH","0x10008983",FOLLOWED
0x10008940,0x10008A74,"JZ 0x10008a81","74 0B","CONDITIONAL_JUMP","0x10008A81|0x10008A76",FOLLOWED
0x10008940,0x10008A68,"CALL 0x10001730","E8 C3 8C FF FF","UNCONDITIONAL_CALL","0x10008A6D",FOLLOWED
0x10008940,0x1000899C,"JZ 0x100089b5","74 17","CONDITIONAL_JUMP","0x100089B5|0x1000899E",FOLLOWED
0x10008940,0x10008983,"PUSH EAX","50","FALL_THROUGH","0x10008984",FOLLOWED
0x10008940,0x10008A81,"CMP dword ptr [0x1003bc1c],0x0","83 3D 1C BC 03 10 00","FALL_THROUGH","0x10008A88",FOLLOWED
0x10008940,0x10008A76,"MOV ESI,dword ptr [0x1003bc7c]","8B 35 7C BC 03 10","FALL_THROUGH","0x10008A7C",FOLLOWED
0x10008940,0x100089B5,"MOV EAX,[0x1003bc18]","A1 18 BC 03 10","FALL_THROUGH","0x100089BA",FOLLOWED
0x10008940,0x1000899E,"MOV EAX,[0x1003bc18]","A1 18 BC 03 10","FALL_THROUGH","0x100089A3",FOLLOWED
0x10008940,0x10008984,"MOV ECX,0x7f3820","B9 20 38 7F 00","FALL_THROUGH","0x10008989",FOLLOWED
0x10008940,0x10008A88,"JZ 0x10008a95","74 0B","CONDITIONAL_JUMP","0x10008A95|0x10008A8A",FOLLOWED
0x10008940,0x10008A7C,"CALL 0x10001730","E8 AF 8C FF FF","UNCONDITIONAL_CALL","0x10008A81",FOLLOWED
0x10008940,0x100089BA,"CMP dword ptr [EAX*0x4 + 0x1003bc30],0x0","83 3C 85 30 BC 03 10 00","FALL_THROUGH","0x100089C2",FOLLOWED
0x10008940,0x100089A3,"MOV ECX,dword ptr [EAX*0x4 + 0x1003bbc0]","8B 0C 85 C0 BB 03 10","FALL_THROUGH","0x100089AA",FOLLOWED
0x10008940,0x10008989,"CALL ECX","FF D1","COMPUTED_CALL","0x1000898B",FOLLOWED
0x10008940,0x10008A95,"CMP dword ptr [0x1003bc08],0x0","83 3D 08 BC 03 10 00","FALL_THROUGH","0x10008A9C",FOLLOWED
0x10008940,0x10008A8A,"MOV ESI,dword ptr [0x1003bc1c]","8B 35 1C BC 03 10","FALL_THROUGH","0x10008A90",FOLLOWED
0x10008940,0x100089C2,"JZ 0x100089dc","74 18","CONDITIONAL_JUMP","0x100089DC|0x100089C4",FOLLOWED
0x10008940,0x100089AA,"PUSH ECX","51","FALL_THROUGH","0x100089AB",FOLLOWED
0x10008940,0x1000898B,"ADD ESP,0x4","83 C4 04","FALL_THROUGH","0x1000898E",FOLLOWED
0x10008940,0x10008A9C,"JZ 0x10008aa9","74 0B","CONDITIONAL_JUMP","0x10008AA9|0x10008A9E",FOLLOWED
0x10008940,0x10008A90,"CALL 0x10001730","E8 9B 8C FF FF","UNCONDITIONAL_CALL","0x10008A95",FOLLOWED
0x10008940,0x100089DC,"MOV ECX,dword ptr [0x1003bc18]","8B 0D 18 BC 03 10","FALL_THROUGH","0x100089E2",FOLLOWED
0x10008940,0x100089C4,"MOV ECX,dword ptr [0x1003bc18]","8B 0D 18 BC 03 10","FALL_THROUGH","0x100089CA",FOLLOWED
0x10008940,0x100089AB,"MOV EDX,0x7f3820","BA 20 38 7F 00","FALL_THROUGH","0x100089B0",FOLLOWED
0x10008940,0x10008AA9,"CMP dword ptr [0x1003c1f8],0x0","83 3D F8 C1 03 10 00","FALL_THROUGH","0x10008AB0",FOLLOWED
0x10008940,0x10008A9E,"MOV ESI,dword ptr [0x1003bc08]","8B 35 08 BC 03 10","FALL_THROUGH","0x10008AA4",FOLLOWED
0x10008940,0x100089E2,"CMP dword ptr [ECX*0x4 + 0x1003c208],0x0","83 3C 8D 08 C2 03 10 00","FALL_THROUGH","0x100089EA",FOLLOWED
0x10008940,0x100089CA,"MOV EDX,dword ptr [ECX*0x4 + 0x1003bc30]","8B 14 8D 30 BC 03 10","FALL_THROUGH","0x100089D1",FOLLOWED
0x10008940,0x100089B0,"CALL EDX","FF D2","COMPUTED_CALL","0x100089B2",FOLLOWED
0x10008940,0x10008AB0,"JZ 0x10008abd","74 0B","CONDITIONAL_JUMP","0x10008ABD|0x10008AB2",FOLLOWED
0x10008940,0x10008AA4,"CALL 0x10001730","E8 87 8C FF FF","UNCONDITIONAL_CALL","0x10008AA9",FOLLOWED
0x10008940,0x100089EA,"JZ 0x100089fe","74 12","CONDITIONAL_JUMP","0x100089FE|0x100089EC",FOLLOWED
0x10008940,0x100089D1,"PUSH EDX","52","FALL_THROUGH","0x100089D2",FOLLOWED
0x10008940,0x100089B2,"ADD ESP,0x4","83 C4 04","FALL_THROUGH","0x100089B5",FOLLOWED
0x10008940,0x10008ABD,"MOV dword ptr [0x1003bd90],0x0","C7 05 90 BD 03 10 00 00 00 00","FALL_THROUGH","0x10008AC7",FOLLOWED
0x10008940,0x10008AB2,"MOV ESI,dword ptr [0x1003c1f8]","8B 35 F8 C1 03 10","FALL_THROUGH","0x10008AB8",FOLLOWED
0x10008940,0x100089FE,"MOV EAX,[0x1003bc18]","A1 18 BC 03 10","FALL_THROUGH","0x10008A03",FOLLOWED
0x10008940,0x100089EC,"MOV EDX,dword ptr [0x1003bc18]","8B 15 18 BC 03 10","FALL_THROUGH","0x100089F2",FOLLOWED
0x10008940,0x100089D2,"MOV EAX,0x7f3820","B8 20 38 7F 00","FALL_THROUGH","0x100089D7",FOLLOWED
0x10008940,0x10008AC7,"MOV dword ptr [0x1003bbb4],0x0","C7 05 B4 BB 03 10 00 00 00 00","FALL_THROUGH","0x10008AD1",FOLLOWED
0x10008940,0x10008AB8,"CALL 0x10001730","E8 73 8C FF FF","UNCONDITIONAL_CALL","0x10008ABD",FOLLOWED
0x10008940,0x10008A03,"MOV dword ptr [EAX*0x4 + 0x1003c1a8],0x0","C7 04 85 A8 C1 03 10 00 00 00 00","FALL_THROUGH","0x10008A0E",FOLLOWED
0x10008940,0x100089F2,"MOV ESI,dword ptr [EDX*0x4 + 0x1003c208]","8B 34 95 08 C2 03 10","FALL_THROUGH","0x100089F9",FOLLOWED
0x10008940,0x100089D7,"CALL EAX","FF D0","COMPUTED_CALL","0x100089D9",FOLLOWED
0x10008940,0x10008AD1,"MOV dword ptr [0x1003bc7c],0x0","C7 05 7C BC 03 10 00 00 00 00","FALL_THROUGH","0x10008ADB",FOLLOWED
0x10008940,0x10008A0E,"MOV ECX,dword ptr [0x1003bc18]","8B 0D 18 BC 03 10","FALL_THROUGH","0x10008A14",FOLLOWED
0x10008940,0x100089F9,"CALL 0x10001730","E8 32 8D FF FF","UNCONDITIONAL_CALL","0x100089FE",FOLLOWED
0x10008940,0x100089D9,"ADD ESP,0x4","83 C4 04","FALL_THROUGH","0x100089DC",FOLLOWED
0x10008940,0x10008ADB,"MOV dword ptr [0x1003bc1c],0x0","C7 05 1C BC 03 10 00 00 00 00","FALL_THROUGH","0x10008AE5",FOLLOWED
0x10008940,0x10008A14,"MOV dword ptr [ECX*0x4 + 0x1003bbc0],0x0","C7 04 8D C0 BB 03 10 00 00 00 00","FALL_THROUGH","0x10008A1F",FOLLOWED
0x10008940,0x10008AE5,"MOV dword ptr [0x1003bc08],0x0","C7 05 08 BC 03 10 00 00 00 00","FALL_THROUGH","0x10008AEF",FOLLOWED
0x10008940,0x10008A1F,"MOV EDX,dword ptr [0x1003bc18]","8B 15 18 BC 03 10","FALL_THROUGH","0x10008A25",FOLLOWED
0x10008940,0x10008AEF,"MOV dword ptr [0x1003c1f8],0x0","C7 05 F8 C1 03 10 00 00 00 00","FALL_THROUGH","0x10008AF9",FOLLOWED
0x10008940,0x10008A25,"MOV dword ptr [EDX*0x4 + 0x1003bc30],0x0","C7 04 95 30 BC 03 10 00 00 00 00","FALL_THROUGH","0x10008A30",FOLLOWED
0x10008940,0x10008AF9,"CMP dword ptr [0x1003bd9c],0x0","83 3D 9C BD 03 10 00","FALL_THROUGH","0x10008B00",FOLLOWED
0x10008940,0x10008A30,"MOV EAX,[0x1003bc18]","A1 18 BC 03 10","FALL_THROUGH","0x10008A35",FOLLOWED
0x10008940,0x10008B00,"JZ 0x10008b13","74 11","CONDITIONAL_JUMP","0x10008B13|0x10008B02",FOLLOWED
0x10008940,0x10008A35,"MOV dword ptr [EAX*0x4 + 0x1003c208],0x0","C7 04 85 08 C2 03 10 00 00 00 00","FALL_THROUGH","0x10008A40",FOLLOWED
0x10008940,0x10008B13,"CMP dword ptr [0x1003bda0],0x0","83 3D A0 BD 03 10 00","FALL_THROUGH","0x10008B1A",FOLLOWED
0x10008940,0x10008B02,"MOV ECX,dword ptr [0x1003bd9c]","8B 0D 9C BD 03 10","FALL_THROUGH","0x10008B08",FOLLOWED
0x10008940,0x10008A40,"JMP 0x1000894c","E9 07 FF FF FF","UNCONDITIONAL_JUMP","0x1000894C",FOLLOWED
0x10008940,0x10008B1A,"JZ 0x10008b2c","74 10","CONDITIONAL_JUMP","0x10008B2C|0x10008B1C",FOLLOWED
0x10008940,0x10008B08,"PUSH ECX","51","FALL_THROUGH","0x10008B09",FOLLOWED
0x10008940,0x1000894C,"MOV EAX,[0x1003bc18]","A1 18 BC 03 10","FALL_THROUGH","0x10008951",FOLLOWED
0x10008940,0x10008B2C,"CMP dword ptr [0x1003bda4],0x0","83 3D A4 BD 03 10 00","FALL_THROUGH","0x10008B33",FOLLOWED
0x10008940,0x10008B1C,"MOV EAX,[0x1003bda0]","A1 A0 BD 03 10","FALL_THROUGH","0x10008B21",FOLLOWED
0x10008940,0x10008B09,"MOV EDX,0x7f3820","BA 20 38 7F 00","FALL_THROUGH","0x10008B0E",FOLLOWED
0x10008940,0x10008951,"ADD EAX,0x1","83 C0 01","FALL_THROUGH","0x10008954",FOLLOWED
0x10008940,0x10008B33,"JZ 0x10008b46","74 11","CONDITIONAL_JUMP","0x10008B46|0x10008B35",FOLLOWED
0x10008940,0x10008B21,"PUSH EAX","50","FALL_THROUGH","0x10008B22",FOLLOWED
0x10008940,0x10008B0E,"CALL EDX","FF D2","COMPUTED_CALL","0x10008B10",FOLLOWED
0x10008940,0x10008954,"MOV [0x1003bc18],EAX","A3 18 BC 03 10","FALL_THROUGH","0x10008959",FOLLOWED
0x10008940,0x10008B46,"MOV dword ptr [0x1003bd9c],0x0","C7 05 9C BD 03 10 00 00 00 00","FALL_THROUGH","0x10008B50",FOLLOWED
0x10008940,0x10008B35,"MOV EDX,dword ptr [0x1003bda4]","8B 15 A4 BD 03 10","FALL_THROUGH","0x10008B3B",FOLLOWED
0x10008940,0x10008B22,"MOV ECX,0x7f3820","B9 20 38 7F 00","FALL_THROUGH","0x10008B27",FOLLOWED
0x10008940,0x10008B10,"ADD ESP,0x4","83 C4 04","FALL_THROUGH","0x10008B13",FOLLOWED
0x10008940,0x10008B50,"MOV dword ptr [0x1003bda0],0x0","C7 05 A0 BD 03 10 00 00 00 00","FALL_THROUGH","0x10008B5A",FOLLOWED
0x10008940,0x10008B3B,"PUSH EDX","52","FALL_THROUGH","0x10008B3C",FOLLOWED
0x10008940,0x10008B27,"CALL ECX","FF D1","COMPUTED_CALL","0x10008B29",FOLLOWED
0x10008940,0x10008B5A,"MOV dword ptr [0x1003bda4],0x0","C7 05 A4 BD 03 10 00 00 00 00","FALL_THROUGH","0x10008B64",FOLLOWED
0x10008940,0x10008B3C,"MOV EAX,0x7f3820","B8 20 38 7F 00","FALL_THROUGH","0x10008B41",FOLLOWED
0x10008940,0x10008B29,"ADD ESP,0x4","83 C4 04","FALL_THROUGH","0x10008B2C",FOLLOWED
0x10008940,0x10008B64,"MOV EAX,0x5d5af6","B8 F6 5A 5D 00","FALL_THROUGH","0x10008B69",FOLLOWED
0x10008940,0x10008B41,"CALL EAX","FF D0","COMPUTED_CALL","0x10008B43",FOLLOWED
0x10008940,0x10008B69,"JMP EAX","FF E0","COMPUTED_JUMP","",NO_INTRA_BLOCK_SUCCESSOR
0x10008940,0x10008B43,"ADD ESP,0x4","83 C4 04","FALL_THROUGH","0x10008B46",FOLLOWED
0x10007F90,0x10007F90,"MOV dword ptr [0x1003bd88],ESI","89 35 88 BD 03 10","FALL_THROUGH","0x10007F96",FOLLOWED
0x10007F90,0x10007F96,"PUSHAD","60","FALL_THROUGH","0x10007F97",FOLLOWED
0x10007F90,0x10007F97,"MOV EAX,[0x1003bd88]","A1 88 BD 03 10","FALL_THROUGH","0x10007F9C",FOLLOWED
0x10007F90,0x10007F9C,"CALL 0x10008e00","E8 5F 0E 00 00","UNCONDITIONAL_CALL","0x10007FA1",FOLLOWED
0x10007F90,0x10007FA1,"MOV [0x1003bd84],EAX","A3 84 BD 03 10","FALL_THROUGH","0x10007FA6",FOLLOWED
0x10007F90,0x10007FA6,"MOV EAX,[0x1003bd88]","A1 88 BD 03 10","FALL_THROUGH","0x10007FAB",FOLLOWED
0x10007F90,0x10007FAB,"FLD float ptr [EAX + 0x4a0]","D9 80 A0 04 00 00","FALL_THROUGH","0x10007FB1",FOLLOWED
0x10007F90,0x10007FB1,"FCOMP double ptr [0x10024f88]","DC 1D 88 4F 02 10","FALL_THROUGH","0x10007FB7",FOLLOWED
0x10007F90,0x10007FB7,"FNSTSW AX","DF E0","FALL_THROUGH","0x10007FB9",FOLLOWED
0x10007F90,0x10007FB9,"TEST AH,0x41","F6 C4 41","FALL_THROUGH","0x10007FBC",FOLLOWED
0x10007F90,0x10007FBC,"JNZ 0x10007fe9","75 2B","CONDITIONAL_JUMP","0x10007FE9|0x10007FBE",FOLLOWED
0x10007F90,0x10007FE9,"POPAD","61","FALL_THROUGH","0x10007FEA",FOLLOWED
0x10007F90,0x10007FBE,"MOV ECX,dword ptr [0x1003bd88]","8B 0D 88 BD 03 10","FALL_THROUGH","0x10007FC4",FOLLOWED
0x10007F90,0x10007FEA,"MOV EAX,0x6e19c8","B8 C8 19 6E 00","FALL_THROUGH","0x10007FEF",FOLLOWED
0x10007F90,0x10007FC4,"CMP dword ptr [ECX + 0x460],0x0","83 B9 60 04 00 00 00","FALL_THROUGH","0x10007FCB",FOLLOWED
0x10007F90,0x10007FEF,"JMP EAX","FF E0","COMPUTED_JUMP","",NO_INTRA_BLOCK_SUCCESSOR
0x10007F90,0x10007FCB,"JZ 0x10007fe9","74 1C","CONDITIONAL_JUMP","0x10007FE9|0x10007FCD",FOLLOWED
0x10007F90,0x10007FCD,"MOV EDX,dword ptr [0x1003bd84]","8B 15 84 BD 03 10","FALL_THROUGH","0x10007FD3",FOLLOWED
0x10007F90,0x10007FD3,"MOV EAX,dword ptr [EDX + 0x28]","8B 42 28","FALL_THROUGH","0x10007FD6",FOLLOWED
0x10007F90,0x10007FD6,"MOVZX ECX,byte ptr [EAX + 0x325]","0F B6 88 25 03 00 00","FALL_THROUGH","0x10007FDD",FOLLOWED
0x10007F90,0x10007FDD,"TEST ECX,ECX","85 C9","FALL_THROUGH","0x10007FDF",FOLLOWED
0x10007F90,0x10007FDF,"JNZ 0x10007fe9","75 08","CONDITIONAL_JUMP","0x10007FE9|0x10007FE1",FOLLOWED
0x10007F90,0x10007FE1,"POPAD","61","FALL_THROUGH","0x10007FE2",FOLLOWED
0x10007F90,0x10007FE2,"MOV EAX,0x6e19a1","B8 A1 19 6E 00","FALL_THROUGH","0x10007FE7",FOLLOWED
0x10007F90,0x10007FE7,"JMP EAX","FF E0","COMPUTED_JUMP","",NO_INTRA_BLOCK_SUCCESSOR
0x10007F50,0x10007F50,"FCOMP float ptr [0x1003c258]","D8 1D 58 C2 03 10","FALL_THROUGH","0x10007F56",FOLLOWED
0x10007F50,0x10007F56,"XOR EAX,EAX","33 C0","FALL_THROUGH","0x10007F58",FOLLOWED
0x10007F50,0x10007F58,"FNSTSW AX","DF E0","FALL_THROUGH","0x10007F5A",FOLLOWED
0x10007F50,0x10007F5A,"MOV BX,AX","66 8B D8","FALL_THROUGH","0x10007F5D",FOLLOWED
0x10007F50,0x10007F5D,"MOV EDX,0x6e18eb","BA EB 18 6E 00","FALL_THROUGH","0x10007F62",FOLLOWED
0x10007F50,0x10007F62,"JMP EDX","FF E2","COMPUTED_JUMP","",NO_INTRA_BLOCK_SUCCESSOR
0x10007F70,0x10007F70,"TEST BH,0x41","F6 C7 41","FALL_THROUGH","0x10007F73",FOLLOWED
0x10007F70,0x10007F73,"JNZ 0x10007f7a","75 05","CONDITIONAL_JUMP","0x10007F7A|0x10007F75",FOLLOWED
0x10007F70,0x10007F7A,"MOV EAX,0x6e1a32","B8 32 1A 6E 00","FALL_THROUGH","0x10007F7F",FOLLOWED
0x10007F70,0x10007F75,"CALL 0x10003200","E8 86 B2 FF FF","UNCONDITIONAL_CALL","0x10007F7A",FOLLOWED
0x10007F70,0x10007F7F,"JMP EAX","FF E0","COMPUTED_JUMP","",NO_INTRA_BLOCK_SUCCESSOR
0x10003E40,0x10003E40,"PUSH 0x504","68 04 05 00 00","FALL_THROUGH","0x10003E45",FOLLOWED
0x10003E40,0x10003E45,"PUSH 0x20","6A 20","FALL_THROUGH","0x10003E47",FOLLOWED
0x10003E40,0x10003E47,"PUSH 0x40","6A 40","FALL_THROUGH","0x10003E49",FOLLOWED
0x10003E40,0x10003E49,"PUSH 0x100","68 00 01 00 00","FALL_THROUGH","0x10003E4E",FOLLOWED
0x10003E40,0x10003E4E,"MOV EAX,0x7fb230","B8 30 B2 7F 00","FALL_THROUGH","0x10003E53",FOLLOWED
0x10003E40,0x10003E53,"CALL EAX","FF D0","COMPUTED_CALL","0x10003E55",FOLLOWED
0x10003E40,0x10003E55,"ADD ESP,0x10","83 C4 10","FALL_THROUGH","0x10003E58",FOLLOWED
0x10003E40,0x10003E58,"RET","C3","TERMINATOR","",TERMINAL_OR_INDIRECT_EXIT
0x10003030,0x10003030,"MOV dword ptr [0x1003bc2c],ESI","89 35 2C BC 03 10","FALL_THROUGH","0x10003036",FOLLOWED
0x10003030,0x10003036,"MOVSX EAX,word ptr [ESI + 0x22]","0F BF 46 22","FALL_THROUGH","0x1000303A",FOLLOWED
0x10003030,0x1000303A,"PUSH EAX","50","FALL_THROUGH","0x1000303B",FOLLOWED
0x10003030,0x1000303B,"CALL 0x10004a60","E8 20 1A 00 00","UNCONDITIONAL_CALL","0x10003040",FOLLOWED
0x10003030,0x10003040,"ADD ESP,0x4","83 C4 04","FALL_THROUGH","0x10003043",FOLLOWED
0x10003030,0x10003043,"CMP EAX,0x0","83 F8 00","FALL_THROUGH","0x10003046",FOLLOWED
0x10003030,0x10003046,"JZ 0x1000304f","74 07","CONDITIONAL_JUMP","0x1000304F|0x10003048",FOLLOWED
0x10003030,0x1000304F,"MOVSX EAX,word ptr [ESI + 0x22]","0F BF 46 22","FALL_THROUGH","0x10003053",FOLLOWED
0x10003030,0x10003048,"MOV EAX,0x6abc71","B8 71 BC 6A 00","FALL_THROUGH","0x1000304D",FOLLOWED
0x10003030,0x10003053,"LEA EDI,[EAX + 0xfffffe69]","8D B8 69 FE FF FF","FALL_THROUGH","0x10003059",FOLLOWED
0x10003030,0x1000304D,"JMP EAX","FF E0","COMPUTED_JUMP","",NO_INTRA_BLOCK_SUCCESSOR
0x10003030,0x10003059,"MOV EDX,0x6ab35a","BA 5A B3 6A 00","FALL_THROUGH","0x1000305E",FOLLOWED
0x10003030,0x1000305E,"JMP EDX","FF E2","COMPUTED_JUMP","",NO_INTRA_BLOCK_SUCCESSOR
0x10003060,0x10003060,"PUSHAD","60","FALL_THROUGH","0x10003061",FOLLOWED
0x10003060,0x10003061,"MOV dword ptr [0x1003bc2c],ESI","89 35 2C BC 03 10","FALL_THROUGH","0x10003067",FOLLOWED
0x10003060,0x10003067,"MOV EAX,[0x1003bc2c]","A1 2C BC 03 10","FALL_THROUGH","0x1000306C",FOLLOWED
0x10003060,0x1000306C,"CMP dword ptr [EAX + 0x594],0xb","83 B8 94 05 00 00 0B","FALL_THROUGH","0x10003073",FOLLOWED
0x10003060,0x10003073,"JZ 0x1000307c","74 07","CONDITIONAL_JUMP","0x1000307C|0x10003075",FOLLOWED
0x10003060,0x1000307C,"POPAD","61","FALL_THROUGH","0x1000307D",FOLLOWED
0x10003060,0x10003075,"AND byte ptr [EAX + 0x428],0xef","80 A0 28 04 00 00 EF","FALL_THROUGH","0x1000307C",FOLLOWED
0x10003060,0x1000307D,"RET","C3","TERMINATOR","",TERMINAL_OR_INDIRECT_EXIT
0x10003080,0x10003080,"PUSHAD","60","FALL_THROUGH","0x10003081",FOLLOWED
0x10003080,0x10003081,"MOV dword ptr [0x1003bc2c],ESI","89 35 2C BC 03 10","FALL_THROUGH","0x10003087",FOLLOWED
0x10003080,0x10003087,"MOV EAX,[0x1003bc2c]","A1 2C BC 03 10","FALL_THROUGH","0x1000308C",FOLLOWED
0x10003080,0x1000308C,"CMP dword ptr [EAX + 0x594],0xb","83 B8 94 05 00 00 0B","FALL_THROUGH","0x10003093",FOLLOWED
0x10003080,0x10003093,"JZ 0x100030a8","74 13","CONDITIONAL_JUMP","0x100030A8|0x10003095",FOLLOWED
0x10003080,0x100030A8,"POPAD","61","FALL_THROUGH","0x100030A9",FOLLOWED
0x10003080,0x10003095,"AND byte ptr [EAX + 0x4a8],0xe7","80 A0 A8 04 00 00 E7","FALL_THROUGH","0x1000309C",FOLLOWED
0x10003080,0x100030A9,"RET","C3","TERMINATOR","",TERMINAL_OR_INDIRECT_EXIT
0x10003080,0x1000309C,"MOV EAX,[0x1003bc2c]","A1 2C BC 03 10","FALL_THROUGH","0x100030A1",FOLLOWED
0x10003080,0x100030A1,"AND byte ptr [EAX + 0x428],0xbf","80 A0 28 04 00 00 BF","FALL_THROUGH","0x100030A8",FOLLOWED
0x100031E0,0x100031E0,"MOV dword ptr [0x1003bc14],ESI","89 35 14 BC 03 10","FALL_THROUGH","0x100031E6",FOLLOWED
0x100031E0,0x100031E6,"PUSH ESI","56","FALL_THROUGH","0x100031E7",FOLLOWED
0x100031E0,0x100031E7,"CALL 0x10003130","E8 44 FF FF FF","UNCONDITIONAL_CALL","0x100031EC",FOLLOWED
0x100031E0,0x100031EC,"ADD ESP,0x4","83 C4 04","FALL_THROUGH","0x100031EF",FOLLOWED
0x100031E0,0x100031EF,"MOV EAX,0x6e27eb","B8 EB 27 6E 00","FALL_THROUGH","0x100031F4",FOLLOWED
0x100031E0,0x100031F4,"JMP EAX","FF E0","COMPUTED_JUMP","",NO_INTRA_BLOCK_SUCCESSOR
