instruction_va,bytes,assembly,function_entry,function_name,incoming_xrefs
10001000,"C7 01 50 22 02 10","MOV dword ptr [ECX],0x10022250",,"","10000114:DATA|100001ec:DATA"
10001006,"E9 14 F3 00 00","JMP 0x1001031f",,"",""
10001010,"55","PUSH EBP",10001010,"FUN_10001010","10022250:DATA"
10001011,"8B EC","MOV EBP,ESP",10001010,"FUN_10001010",""
10001013,"56","PUSH ESI",10001010,"FUN_10001010",""
10001014,"8B F1","MOV ESI,ECX",10001010,"FUN_10001010",""
10001016,"C7 06 50 22 02 10","MOV dword ptr [ESI],0x10022250",10001010,"FUN_10001010",""
1000101c,"E8 FE F2 00 00","CALL 0x1001031f",10001010,"FUN_10001010",""
10001839,"50","PUSH EAX",10001770,"FUN_10001770",""
1000183a,"89 38","MOV dword ptr [EAX],EDI",10001770,"FUN_10001770",""
1000183c,"FF D6","CALL ESI",10001770,"FUN_10001770",""
1000183e,"5F","POP EDI",10001770,"FUN_10001770",""
1000183f,"5E","POP ESI",10001770,"FUN_10001770",""
10001840,"8B E5","MOV ESP,EBP",10001770,"FUN_10001770",""
10001842,"5D","POP EBP",10001770,"FUN_10001770",""
10001843,"C3","RET",10001770,"FUN_10001770",""
10001850,"E8 9B 8C 00 00","CALL 0x1000a4f0",,"","10001e2d:DATA"
10001855,"85 C0","TEST EAX,EAX",,"",""
10001857,"75 3A","JNZ 0x10001893",,"",""
10001859,"68 A0 43 02 10","PUSH 0x100243a0",,"",""
1000185e,"E8 5D FC FF FF","CALL 0x100014c0",,"",""
10001863,"68 30 1B 00 10","PUSH 0x10001b30",,"",""
10001868,"68 00 1B 00 10","PUSH 0x10001b00",,"",""
1000186d,"68 D0 1A 00 10","PUSH 0x10001ad0",,"",""
10001872,"68 4D 58 45 54","PUSH 0x5445584d",,"",""
10001877,"6A 10","PUSH 0x10",,"",""
10001879,"B8 B0 3B 7F 00","MOV EAX,0x7f3bb0",,"",""
1000187e,"FF D0","CALL EAX",,"",""
10001880,"50","PUSH EAX",,"",""
10001881,"68 C4 43 02 10","PUSH 0x100243c4",,"",""
10001886,"A3 CC AA 03 10","MOV [0x1003aacc],EAX",,"",""
1000188b,"E8 30 FC FF FF","CALL 0x100014c0",,"",""
10001890,"83 C4 20","ADD ESP,0x20",,"",""
10001893,"C3","RET",,"","10001857:CONDITIONAL_JUMP"
100018a0,"55","PUSH EBP",100018a0,"FUN_100018a0","100017b8:DATA|10001818:DATA"
100018a1,"8B EC","MOV EBP,ESP",100018a0,"FUN_100018a0",""
100018a3,"83 EC 0C","SUB ESP,0xc",100018a0,"FUN_100018a0",""
100018a6,"56","PUSH ESI",100018a0,"FUN_100018a0",""
10003093,"74 13","JZ 0x100030a8",,"",""
10003095,"80 A0 A8 04 00 00 E7","AND byte ptr [EAX + 0x4a8],0xe7",,"",""
1000309c,"A1 2C BC 03 10","MOV EAX,[0x1003bc2c]",,"",""
100030a1,"80 A0 28 04 00 00 BF","AND byte ptr [EAX + 0x428],0xbf",,"",""
100030a8,"61","POPAD",,"","10003093:CONDITIONAL_JUMP"
100030a9,"C3","RET",,"",""
100030b0,"56","PUSH ESI",,"","10002be9:DATA"
100030b1,"68 F8 45 02 10","PUSH 0x100245f8",,"",""
100030b6,"E8 05 E4 FF FF","CALL 0x100014c0",,"",""
100030bb,"33 C0","XOR EAX,EAX",,"",""
100030bd,"83 C4 04","ADD ESP,0x4",,"",""
100030c0,"33 F6","XOR ESI,ESI",,"",""
100030c2,"66 3B 05 8C BD 03 10","CMP AX,word ptr [0x1003bd8c]",,"",""
100030c9,"73 21","JNC 0x100030ec",,"",""
100030cb,"57","PUSH EDI",,"",""
100030cc,"BF 08 B7 03 10","MOV EDI,0x1003b708",,"",""
100030d1,"8B 0F","MOV ECX,dword ptr [EDI]",,"","100030e9:CONDITIONAL_JUMP"
100030d3,"51","PUSH ECX",,"",""
100030d4,"E8 72 D6 00 00","CALL 0x1001074b",,"",""
100030d9,"0F B7 15 8C BD 03 10","MOVZX EDX,word ptr [0x1003bd8c]",,"",""
100030e0,"46","INC ESI",,"",""
100030e1,"83 C4 04","ADD ESP,0x4",,"",""
100030e4,"83 C7 0C","ADD EDI,0xc",,"",""
100030e7,"3B F2","CMP ESI,EDX",,"",""
100030e9,"7C E6","JL 0x100030d1",,"",""
100030eb,"5F","POP EDI",,"",""
100030ec,"68 10 44 02 10","PUSH 0x10024410",,"","100030c9:CONDITIONAL_JUMP"
100030f1,"E8 CA E3 FF FF","CALL 0x100014c0",,"",""
100030f6,"83 C4 04","ADD ESP,0x4",,"",""
100030f9,"E8 F2 73 00 00","CALL 0x1000a4f0",,"",""
100030fe,"5E","POP ESI",,"",""
100030ff,"85 C0","TEST EAX,EAX",,"",""
10003101,"75 21","JNZ 0x10003124",,"",""
10003103,"A1 98 BD 03 10","MOV EAX,[0x1003bd98]",,"",""
10003108,"50","PUSH EAX",,"",""
10003109,"B9 B0 E4 7E 00","MOV ECX,0x7ee4b0",,"",""
1000310e,"FF D1","CALL ECX",,"",""
10003110,"A1 B0 BB 03 10","MOV EAX,[0x1003bbb0]",,"",""
10003115,"83 C4 04","ADD ESP,0x4",,"",""
10003118,"85 C0","TEST EAX,EAX",,"",""
1000311a,"74 08","JZ 0x10003124",,"",""
1000311c,"8B 10","MOV EDX,dword ptr [EAX]",,"",""
1000311e,"50","PUSH EAX",,"",""
1000311f,"8B 42 08","MOV EAX,dword ptr [EDX + 0x8]",,"",""
10003122,"FF D0","CALL EAX",,"",""
10003124,"C3","RET",,"","10003101:CONDITIONAL_JUMP|1000311a:CONDITIONAL_JUMP"
10003130,"55","PUSH EBP",10003130,"FUN_10003130","100031e7:UNCONDITIONAL_CALL"
1000ca90,"E9 AB 29 00 00","JMP 0x1000f440",,"","1000bba6:DATA"
1000caa0,"53","PUSH EBX",,"","1000bd06:DATA"
1000caa1,"8B 1D CC C3 03 10","MOV EBX,dword ptr [0x1003c3cc]",,"",""
1000caa7,"56","PUSH ESI",,"",""
1000caa8,"8B 73 18","MOV ESI,dword ptr [EBX + 0x18]",,"",""
1000caab,"57","PUSH EDI",,"",""
1000caac,"8B 7B 1C","MOV EDI,dword ptr [EBX + 0x1c]",,"",""
1000caaf,"3B F7","CMP ESI,EDI",,"",""
1000cab1,"74 0F","JZ 0x1000cac2",,"",""
1000cab3,"8B 06","MOV EAX,dword ptr [ESI]",,"","1000cac0:CONDITIONAL_JUMP"
1000cab5,"85 C0","TEST EAX,EAX",,"",""
1000cab7,"74 02","JZ 0x1000cabb",,"",""
1000cab9,"FF D0","CALL EAX",,"",""
1000cabb,"83 C6 04","ADD ESI,0x4",,"","1000cab7:CONDITIONAL_JUMP"
1000cabe,"3B F7","CMP ESI,EDI",,"",""
1000cac0,"75 F1","JNZ 0x1000cab3",,"",""
1000cad5,"5F","POP EDI",,"",""
1000cad6,"8B C6","MOV EAX,ESI",,"",""
1000cad8,"5E","POP ESI",,"",""
1000cad9,"5B","POP EBX",,"",""
1000cada,"C3","RET",,"",""
1000cadb,"8D 43 28","LEA EAX,[EBX + 0x28]",,"","1000cac7:CONDITIONAL_JUMP"
1000cade,"33 F6","XOR ESI,ESI",,"",""
1000cae0,"E8 0B CF FF FF","CALL 0x100099f0",,"",""
1000cae5,"5F","POP EDI",,"",""
1000cae6,"8B C6","MOV EAX,ESI",,"",""
1000cae8,"5E","POP ESI",,"",""
1000cae9,"5B","POP EBX",,"",""
1000caea,"C3","RET",,"",""
1000caf0,"53","PUSH EBX",,"","1000bcfe:DATA"
1000caf1,"8B 1D CC C3 03 10","MOV EBX,dword ptr [0x1003c3cc]",,"",""
1000caf7,"56","PUSH ESI",,"",""
1000caf8,"8B 73 18","MOV ESI,dword ptr [EBX + 0x18]",,"",""
1000cafb,"57","PUSH EDI",,"",""
1000cafc,"8B 7B 1C","MOV EDI,dword ptr [EBX + 0x1c]",,"",""
1000caff,"3B F7","CMP ESI,EDI",,"",""
1000cb01,"74 0F","JZ 0x1000cb12",,"",""
1000cb03,"8B 06","MOV EAX,dword ptr [ESI]",,"","1000cb10:CONDITIONAL_JUMP"
1000cb05,"85 C0","TEST EAX,EAX",,"",""
1000cb07,"74 02","JZ 0x1000cb0b",,"",""
1000cb09,"FF D0","CALL EAX",,"",""
1000cb0b,"83 C6 04","ADD ESI,0x4",,"","1000cb07:CONDITIONAL_JUMP"
1000cb0e,"3B F7","CMP ESI,EDI",,"",""
1000cb10,"75 F1","JNZ 0x1000cb03",,"",""
1000cb25,"5F","POP EDI",,"",""
1000cb26,"8B C6","MOV EAX,ESI",,"",""
1000cb28,"5E","POP ESI",,"",""
1000cb29,"5B","POP EBX",,"",""
1000cb2a,"C3","RET",,"",""
1000cb2b,"8D 43 28","LEA EAX,[EBX + 0x28]",,"","1000cb17:CONDITIONAL_JUMP"
1000cb2e,"33 F6","XOR ESI,ESI",,"",""
1000cb30,"E8 BB CE FF FF","CALL 0x100099f0",,"",""
1000cb35,"5F","POP EDI",,"",""
1000cb36,"8B C6","MOV EAX,ESI",,"",""
1000cb38,"5E","POP ESI",,"",""
1000cb39,"5B","POP EBX",,"",""
1000cb3a,"C3","RET",,"",""
1000cb40,"53","PUSH EBX",,"","1000bcf6:DATA"
1000cb41,"8B 1D CC C3 03 10","MOV EBX,dword ptr [0x1003c3cc]",,"",""
1000cb47,"56","PUSH ESI",,"",""
1000cb48,"8B 73 18","MOV ESI,dword ptr [EBX + 0x18]",,"",""
1000cb4b,"57","PUSH EDI",,"",""
1000cb4c,"8B 7B 1C","MOV EDI,dword ptr [EBX + 0x1c]",,"",""
1000cb4f,"3B F7","CMP ESI,EDI",,"",""
1000cb51,"74 0F","JZ 0x1000cb62",,"",""
1000cb53,"8B 06","MOV EAX,dword ptr [ESI]",,"","1000cb60:CONDITIONAL_JUMP"
1000cb55,"85 C0","TEST EAX,EAX",,"",""
1000cb57,"74 02","JZ 0x1000cb5b",,"",""
1000cb59,"FF D0","CALL EAX",,"",""
1000cb5b,"83 C6 04","ADD ESI,0x4",,"","1000cb57:CONDITIONAL_JUMP"
1000cb5e,"3B F7","CMP ESI,EDI",,"",""
1000cb60,"75 F1","JNZ 0x1000cb53",,"",""
1000cb75,"5F","POP EDI",,"",""
1000cb76,"8B C6","MOV EAX,ESI",,"",""
1000cb78,"5E","POP ESI",,"",""
1000cb79,"5B","POP EBX",,"",""
1000cb7a,"C3","RET",,"",""
1000cb7b,"8D 43 28","LEA EAX,[EBX + 0x28]",,"","1000cb67:CONDITIONAL_JUMP"
1000cb7e,"33 F6","XOR ESI,ESI",,"",""
1000cb80,"E8 6B CE FF FF","CALL 0x100099f0",,"",""
1000cb85,"5F","POP EDI",,"",""
1000cb86,"8B C6","MOV EAX,ESI",,"",""
1000cb88,"5E","POP ESI",,"",""
1000cb89,"5B","POP EBX",,"",""
1000cb8a,"C3","RET",,"",""
1000cb90,"53","PUSH EBX",,"","1000bcee:DATA"
1000cb91,"8B 1D CC C3 03 10","MOV EBX,dword ptr [0x1003c3cc]",,"",""
1000cb97,"56","PUSH ESI",,"",""
1000cb98,"8B 73 18","MOV ESI,dword ptr [EBX + 0x18]",,"",""
1000cb9b,"57","PUSH EDI",,"",""
1000cb9c,"8B 7B 1C","MOV EDI,dword ptr [EBX + 0x1c]",,"",""
1000cb9f,"3B F7","CMP ESI,EDI",,"",""
1000cba1,"74 0F","JZ 0x1000cbb2",,"",""
1000cba3,"8B 06","MOV EAX,dword ptr [ESI]",,"","1000cbb0:CONDITIONAL_JUMP"
1000cba5,"85 C0","TEST EAX,EAX",,"",""
1000cba7,"74 02","JZ 0x1000cbab",,"",""
1000cba9,"FF D0","CALL EAX",,"",""
1000cbab,"83 C6 04","ADD ESI,0x4",,"","1000cba7:CONDITIONAL_JUMP"
1000cbae,"3B F7","CMP ESI,EDI",,"",""
1000cbb0,"75 F1","JNZ 0x1000cba3",,"",""
1000cbc5,"5F","POP EDI",,"",""
1000cbc6,"8B C6","MOV EAX,ESI",,"",""
1000cbc8,"5E","POP ESI",,"",""
1000cbc9,"5B","POP EBX",,"",""
1000cbca,"C3","RET",,"",""
1000cbcb,"8D 43 28","LEA EAX,[EBX + 0x28]",,"","1000cbb7:CONDITIONAL_JUMP"
1000cbce,"33 F6","XOR ESI,ESI",,"",""
1000cbd0,"E8 1B CE FF FF","CALL 0x100099f0",,"",""
1000cbd5,"5F","POP EDI",,"",""
1000cbd6,"8B C6","MOV EAX,ESI",,"",""
1000cbd8,"5E","POP ESI",,"",""
1000cbd9,"5B","POP EBX",,"",""
1000cbda,"C3","RET",,"",""
1000cbe0,"53","PUSH EBX",,"","1000bce6:DATA"
1000cbe1,"8B 1D CC C3 03 10","MOV EBX,dword ptr [0x1003c3cc]",,"",""
1000cbe7,"56","PUSH ESI",,"",""
1000cbe8,"8B 73 18","MOV ESI,dword ptr [EBX + 0x18]",,"",""
1000cbeb,"57","PUSH EDI",,"",""
1000cbec,"8B 7B 1C","MOV EDI,dword ptr [EBX + 0x1c]",,"",""
1000cbef,"3B F7","CMP ESI,EDI",,"",""
1000cbf1,"74 0F","JZ 0x1000cc02",,"",""
1000cbf3,"8B 06","MOV EAX,dword ptr [ESI]",,"","1000cc00:CONDITIONAL_JUMP"
1000cbf5,"85 C0","TEST EAX,EAX",,"",""
1000cbf7,"74 02","JZ 0x1000cbfb",,"",""
1000cbf9,"FF D0","CALL EAX",,"",""
1000cbfb,"83 C6 04","ADD ESI,0x4",,"","1000cbf7:CONDITIONAL_JUMP"
1000cbfe,"3B F7","CMP ESI,EDI",,"",""
1000cc00,"75 F1","JNZ 0x1000cbf3",,"",""
100104b0,"8B 45 08","MOV EAX,dword ptr [EBP + 0x8]",10010406,"__onexit_nolock",""
100104b3,"EB 02","JMP 0x100104b7",10010406,"__onexit_nolock",""
100104b5,"33 C0","XOR EAX,EAX",10010406,"__onexit_nolock","1001042e:CONDITIONAL_JUMP|1001043e:CONDITIONAL_JUMP|10010475:CONDITIONAL_JUMP|10010484:CONDITIONAL_JUMP"
100104b7,"5F","POP EDI",10010406,"__onexit_nolock","100104b3:UNCONDITIONAL_JUMP"
100104b8,"5E","POP ESI",10010406,"__onexit_nolock",""
100104b9,"5B","POP EBX",10010406,"__onexit_nolock",""
100104ba,"C9","LEAVE",10010406,"__onexit_nolock",""
100104bb,"C3","RET",10010406,"__onexit_nolock",""
100104bc,"8B FF","MOV EDI,EDI",,"","100221bc:DATA"
100104be,"56","PUSH ESI",,"",""
100104bf,"6A 04","PUSH 0x4",,"",""
100104c1,"6A 20","PUSH 0x20",,"",""
100104c3,"E8 72 25 00 00","CALL 0x10012a3a",,"",""
100104c8,"59","POP ECX",,"",""
100104c9,"59","POP ECX",,"",""
100104ca,"8B F0","MOV ESI,EAX",,"",""
100104cc,"56","PUSH ESI",,"",""
100104cd,"FF 15 5C 20 02 10","CALL dword ptr [0x1002205c]",,"",""
100104d3,"A3 4C D5 03 10","MOV [0x1003d54c],EAX",,"",""
100104d8,"A3 48 D5 03 10","MOV [0x1003d548],EAX",,"",""
100104dd,"85 F6","TEST ESI,ESI",,"",""
100104df,"75 05","JNZ 0x100104e6",,"",""
100104e1,"6A 18","PUSH 0x18",,"",""
100104e3,"58","POP EAX",,"",""
100104e4,"5E","POP ESI",,"",""
100104e5,"C3","RET",,"",""
100104e6,"83 26 00","AND dword ptr [ESI],0x0",,"","100104df:CONDITIONAL_JUMP"
100104e9,"33 C0","XOR EAX,EAX",,"",""
100104eb,"5E","POP ESI",,"",""
100104ec,"C3","RET",,"",""
100104ed,"6A 0C","PUSH 0xc",100104ed,"__onexit","10010531:UNCONDITIONAL_CALL"
100104ef,"68 E8 81 02 10","PUSH 0x100281e8",100104ed,"__onexit",""
100104f4,"E8 27 29 00 00","CALL 0x10012e20",100104ed,"__onexit",""
10013007,"0F 84 4F FF FF FF","JZ 0x10012f5c",10012e90,"__except_handler4",""
1001300d,"68 90 94 02 10","PUSH 0x10029490",10012e90,"__except_handler4",""
10013012,"57","PUSH EDI",10012e90,"__except_handler4",""
10013013,"8B CB","MOV ECX,EBX",10012e90,"__except_handler4",""
10013015,"E8 A1 0A 00 00","CALL 0x10013abb",10012e90,"__except_handler4",""
1001301a,"E9 19 FF FF FF","JMP 0x10012f38",10012e90,"__except_handler4",""
1001301f,"B8 D0 91 02 10","MOV EAX,0x100291d0",1001301f,"FUN_1001301f","10013f4e:UNCONDITIONAL_CALL|10013f5e:UNCONDITIONAL_CALL|1001534a:UNCONDITIONAL_CALL|10015356:UNCONDITIONAL_CALL"
10013024,"C3","RET",1001301f,"FUN_1001301f",""
10013025,"A1 40 D5 03 10","MOV EAX,[0x1003d540]",,"","100221c0:DATA"
1001302a,"56","PUSH ESI",,"",""
1001302b,"6A 14","PUSH 0x14",,"",""
1001302d,"5E","POP ESI",,"",""
1001302e,"85 C0","TEST EAX,EAX",,"",""
10013030,"75 07","JNZ 0x10013039",,"",""
10013032,"B8 00 02 00 00","MOV EAX,0x200",,"",""
10013037,"EB 06","JMP 0x1001303f",,"",""
10013039,"3B C6","CMP EAX,ESI",,"","10013030:CONDITIONAL_JUMP"
1001303b,"7D 07","JGE 0x10013044",,"",""
1001303d,"8B C6","MOV EAX,ESI",,"",""
1001303f,"A3 40 D5 03 10","MOV [0x1003d540],EAX",,"","10013037:UNCONDITIONAL_JUMP"
10013044,"6A 04","PUSH 0x4",,"","1001303b:CONDITIONAL_JUMP"
10013046,"50","PUSH EAX",,"",""
10013047,"E8 EE F9 FF FF","CALL 0x10012a3a",,"",""
1001304c,"59","POP ECX",,"",""
1001304d,"59","POP ECX",,"",""
1001304e,"A3 20 C5 03 10","MOV [0x1003c520],EAX",,"",""
10013053,"85 C0","TEST EAX,EAX",,"",""
10013055,"75 1E","JNZ 0x10013075",,"",""
10013057,"6A 04","PUSH 0x4",,"",""
10013059,"56","PUSH ESI",,"",""
1001305a,"89 35 40 D5 03 10","MOV dword ptr [0x1003d540],ESI",,"",""
10013060,"E8 D5 F9 FF FF","CALL 0x10012a3a",,"",""
10013065,"59","POP ECX",,"",""
10013066,"59","POP ECX",,"",""
10013067,"A3 20 C5 03 10","MOV [0x1003c520],EAX",,"",""
1001306c,"85 C0","TEST EAX,EAX",,"",""
1001306e,"75 05","JNZ 0x10013075",,"",""
10013070,"6A 1A","PUSH 0x1a",,"",""
10013072,"58","POP EAX",,"",""
10013073,"5E","POP ESI",,"",""
10013074,"C3","RET",,"",""
10013075,"33 D2","XOR EDX,EDX",,"","10013055:CONDITIONAL_JUMP|1001306e:CONDITIONAL_JUMP"
10013077,"B9 D0 91 02 10","MOV ECX,0x100291d0",,"",""
1001307c,"EB 05","JMP 0x10013083",,"",""
1001307e,"A1 20 C5 03 10","MOV EAX,[0x1003c520]",,"","10013092:CONDITIONAL_JUMP"
10013083,"89 0C 02","MOV dword ptr [EDX + EAX*0x1],ECX",,"","1001307c:UNCONDITIONAL_JUMP"
10013086,"83 C1 20","ADD ECX,0x20",,"",""
10013089,"83 C2 04","ADD EDX,0x4",,"",""
1001308c,"81 F9 50 94 02 10","CMP ECX,0x10029450",,"",""
10013092,"7C EA","JL 0x1001307e",,"",""
10013094,"6A FE","PUSH -0x2",,"",""
10013096,"5E","POP ESI",,"",""
10013097,"33 D2","XOR EDX,EDX",,"",""
10013099,"B9 E0 91 02 10","MOV ECX,0x100291e0",,"",""
1001309e,"57","PUSH EDI",,"",""
1001309f,"8B C2","MOV EAX,EDX",,"","100130cf:CONDITIONAL_JUMP"
100130a1,"C1 F8 05","SAR EAX,0x5",,"",""
100130a4,"8B 04 85 20 C4 03 10","MOV EAX,dword ptr [EAX*0x4 + 0x1003c420]",,"",""
100130ab,"8B FA","MOV EDI,EDX",,"",""
100130ad,"83 E7 1F","AND EDI,0x1f",,"",""
100130b0,"C1 E7 06","SHL EDI,0x6",,"",""
100130b3,"8B 04 07","MOV EAX,dword ptr [EDI + EAX*0x1]",,"",""
100130b6,"83 F8 FF","CMP EAX,-0x1",,"",""
100130b9,"74 08","JZ 0x100130c3",,"",""
100130bb,"3B C6","CMP EAX,ESI",,"",""
100130bd,"74 04","JZ 0x100130c3",,"",""
100130bf,"85 C0","TEST EAX,EAX",,"",""
100130c1,"75 02","JNZ 0x100130c5",,"",""
100130c3,"89 31","MOV dword ptr [ECX],ESI",,"","100130b9:CONDITIONAL_JUMP|100130bd:CONDITIONAL_JUMP"
100130c5,"83 C1 20","ADD ECX,0x20",,"","100130c1:CONDITIONAL_JUMP"
100130c8,"42","INC EDX",,"",""
100130c9,"81 F9 40 92 02 10","CMP ECX,0x10029240",,"",""
100130cf,"7C CE","JL 0x1001309f",,"",""
100130d1,"5F","POP EDI",,"",""
100130d2,"33 C0","XOR EAX,EAX",,"",""
100130d4,"5E","POP ESI",,"",""
100130d5,"C3","RET",,"",""
100130d6,"E8 18 0E 00 00","CALL 0x10013ef3",,"","100221dc:DATA"
100130db,"80 3D 34 9A 03 10 00","CMP byte ptr [0x10039a34],0x0",,"",""
100130e2,"74 05","JZ 0x100130e9",,"",""
100130e4,"E8 F3 50 00 00","CALL 0x100181dc",,"",""
100130e9,"FF 35 20 C5 03 10","PUSH dword ptr [0x1003c520]",,"","100130e2:CONDITIONAL_JUMP"
100130ef,"E8 E7 E5 FF FF","CALL 0x100116db",,"",""
100130f4,"59","POP ECX",,"",""
100130f5,"C3","RET",,"",""
100130f6,"8B FF","MOV EDI,EDI",100130f6,"__lock_file","10010866:UNCONDITIONAL_CALL|10010599:UNCONDITIONAL_CALL|100109c2:UNCONDITIONAL_CALL"
100130f8,"55","PUSH EBP",100130f6,"__lock_file",""
100130f9,"8B EC","MOV EBP,ESP",100130f6,"__lock_file",""
100130fb,"56","PUSH ESI",100130f6,"__lock_file",""
100130fc,"8B 75 08","MOV ESI,dword ptr [EBP + 0x8]",100130f6,"__lock_file",""
100130ff,"B8 D0 91 02 10","MOV EAX,0x100291d0",100130f6,"__lock_file",""
10013104,"3B F0","CMP ESI,EAX",100130f6,"__lock_file",""
10013106,"72 22","JC 0x1001312a",100130f6,"__lock_file",""
10013108,"81 FE 30 94 02 10","CMP ESI,0x10029430",100130f6,"__lock_file",""
10014c2d,"E8 02 00 00 00","CALL 0x10014c34",10014bc7,"___updatetlocinfo",""
10014c32,"EB BE","JMP 0x10014bf2",10014bc7,"___updatetlocinfo",""
10014c34,"6A 0C","PUSH 0xc",10014c34,"FUN_10014c34","10014c2d:UNCONDITIONAL_CALL"
10014c36,"E8 97 30 00 00","CALL 0x10017cd2",10014c34,"FUN_10014c34",""
10014c3b,"59","POP ECX",10014c34,"FUN_10014c34",""
10014c3c,"8B 75 E4","MOV ESI,dword ptr [EBP + -0x1c]",10014c34,"FUN_10014c34",""
10014c3f,"C3","RET",10014c34,"FUN_10014c34",""
10014c40,"6A 00","PUSH 0x0",10014c40,"FUN_10014c40","10012d0e:UNCONDITIONAL_CALL|10012d21:UNCONDITIONAL_CALL|1001aadb:UNCONDITIONAL_CALL|10012bb1:UNCONDITIONAL_CALL|10018014:UNCONDITIONAL_CALL|1001d4bc:UNCONDITIONAL_CALL"
10014c42,"FF 15 5C 20 02 10","CALL dword ptr [0x1002205c]",10014c40,"FUN_10014c40",""
10014c48,"C3","RET",10014c40,"FUN_10014c40",""
10014c49,"FF 15 D0 20 02 10","CALL dword ptr [0x100220d0]",,"","10015072:DATA|10015033:DATA"
10014c4f,"C2 04 00","RET 0x4",,"",""
10014c52,"8B FF","MOV EDI,EDI",10014c52,"___set_flsgetvalue","10014d89:UNCONDITIONAL_CALL|1001104d:UNCONDITIONAL_CALL"
10014c54,"56","PUSH ESI",10014c52,"___set_flsgetvalue",""
10014c55,"FF 35 10 9C 02 10","PUSH dword ptr [0x10029c10]",10014c52,"___set_flsgetvalue",""
10014c5b,"FF 15 D4 20 02 10","CALL dword ptr [0x100220d4]",10014c52,"___set_flsgetvalue",""
10014c61,"8B F0","MOV ESI,EAX",10014c52,"___set_flsgetvalue",""
10014c63,"85 F6","TEST ESI,ESI",10014c52,"___set_flsgetvalue",""
10014c65,"75 1B","JNZ 0x10014c82",10014c52,"___set_flsgetvalue",""
10014c67,"FF 35 78 9A 03 10","PUSH dword ptr [0x10039a78]",10014c52,"___set_flsgetvalue",""
1001702f,"46","INC ESI",10016f49,"FUN_10016f49",""
10017030,"47","INC EDI",10016f49,"FUN_10016f49",""
10017031,"49","DEC ECX",10016f49,"FUN_10016f49",""
10017032,"75 F7","JNZ 0x1001702b",10016f49,"FUN_10016f49",""
10017034,"C1 E8 02","SHR EAX,0x2",10016f49,"FUN_10016f49","10017029:CONDITIONAL_JUMP"
10017037,"74 0D","JZ 0x10017046",10016f49,"FUN_10016f49",""
10017039,"8B 16","MOV EDX,dword ptr [ESI]",10016f49,"FUN_10016f49","10017044:CONDITIONAL_JUMP"
1001703b,"89 17","MOV dword ptr [EDI],EDX",10016f49,"FUN_10016f49",""
1001703d,"8D 76 04","LEA ESI,[ESI + 0x4]",10016f49,"FUN_10016f49",""
10017040,"8D 7F 04","LEA EDI,[EDI + 0x4]",10016f49,"FUN_10016f49",""
10017043,"48","DEC EAX",10016f49,"FUN_10016f49",""
10017044,"75 F3","JNZ 0x10017039",10016f49,"FUN_10016f49",""
10017046,"59","POP ECX",10016f49,"FUN_10016f49","10017037:CONDITIONAL_JUMP"
10017047,"E9 0B FF FF FF","JMP 0x10016f57",10016f49,"FUN_10016f49",""
1001704c,"6A 0A","PUSH 0xa",,"","100221c8:DATA"
1001704e,"FF 15 0C 21 02 10","CALL dword ptr [0x1002210c]",,"",""
10017054,"A3 14 C4 03 10","MOV [0x1003c414],EAX",,"",""
10017059,"33 C0","XOR EAX,EAX",,"",""
1001705b,"C3","RET",,"",""
1001705c,"E8 67 0E 00 00","CALL 0x10017ec8",1001705c,"_abort","10017e0c:UNCONDITIONAL_CALL|10011566:UNCONDITIONAL_CALL"
10017061,"85 C0","TEST EAX,EAX",1001705c,"_abort",""
10017063,"74 08","JZ 0x1001706d",1001705c,"_abort",""
10017065,"6A 16","PUSH 0x16",1001705c,"_abort",""
10017067,"E8 69 0E 00 00","CALL 0x10017ed5",1001705c,"_abort",""
1001706c,"59","POP ECX",1001705c,"_abort",""
1001706d,"F6 05 30 9D 02 10 02","TEST byte ptr [0x10029d30],0x2",1001705c,"_abort","10017063:CONDITIONAL_JUMP"
10017074,"74 11","JZ 0x10017087",1001705c,"_abort",""
1001c5c5,"33 F6","XOR ESI,ESI",1001c5b8,"__setdefaultprecision",""
1001c5c7,"56","PUSH ESI",1001c5b8,"__setdefaultprecision",""
1001c5c8,"E8 D2 18 00 00","CALL 0x1001de9f",1001c5b8,"__setdefaultprecision",""
1001c5cd,"83 C4 0C","ADD ESP,0xc",1001c5b8,"__setdefaultprecision",""
1001c5d0,"85 C0","TEST EAX,EAX",1001c5b8,"__setdefaultprecision",""
1001c5d2,"74 0A","JZ 0x1001c5de",1001c5b8,"__setdefaultprecision",""
1001c5d4,"56","PUSH ESI",1001c5b8,"__setdefaultprecision",""
1001c5d5,"56","PUSH ESI",1001c5b8,"__setdefaultprecision",""
1001c5d6,"56","PUSH ESI",1001c5b8,"__setdefaultprecision",""
1001c5d7,"56","PUSH ESI",1001c5b8,"__setdefaultprecision",""
1001c5d8,"56","PUSH ESI",1001c5b8,"__setdefaultprecision",""
1001c5d9,"E8 6F 52 FF FF","CALL 0x1001184d",1001c5b8,"__setdefaultprecision",""
1001c5de,"5E","POP ESI",1001c5b8,"__setdefaultprecision","1001c5d2:CONDITIONAL_JUMP"
1001c5df,"C3","RET",1001c5b8,"__setdefaultprecision",""
1001c5e0,"6A 0A","PUSH 0xa",,"","100221cc:DATA"
1001c5e2,"FF 15 0C 21 02 10","CALL dword ptr [0x1002210c]",,"",""
1001c5e8,"A3 0C C4 03 10","MOV [0x1003c40c],EAX",,"",""
1001c5ed,"33 C0","XOR EAX,EAX",,"",""
1001c5ef,"C3","RET",,"",""
1001c5f0,"55","PUSH EBP",1001c5f0,"FUN_1001c5f0","1001b3b6:UNCONDITIONAL_CALL"
1001c5f1,"8B EC","MOV EBP,ESP",1001c5f0,"FUN_1001c5f0",""
1001c5f3,"83 EC 08","SUB ESP,0x8",1001c5f0,"FUN_1001c5f0",""
1001c5f6,"83 E4 F0","AND ESP,0xfffffff0",1001c5f0,"FUN_1001c5f0",""
1001c5f9,"DD 1C 24","FSTP double ptr [ESP]",1001c5f0,"FUN_1001c5f0",""
1001c5fc,"F3 0F 7E 04 24","MOVQ XMM0,qword ptr [ESP]",1001c5f0,"FUN_1001c5f0",""
1001c601,"E8 08 00 00 00","CALL 0x1001c60e",1001c5f0,"FUN_1001c5f0",""
1001c606,"C9","LEAVE",1001c5f0,"FUN_1001c5f0",""
1001c607,"C3","RET",1001c5f0,"FUN_1001c5f0",""
10020828,"83 C4 0C","ADD ESP,0xc",10020775,"FUN_10020775",""
1002082b,"81 EA FE 03 00 00","SUB EDX,0x3fe",10020775,"FUN_10020775",""
10020831,"8B 45 10","MOV EAX,dword ptr [EBP + 0x10]",10020775,"FUN_10020775","1002078e:UNCONDITIONAL_JUMP|10020809:UNCONDITIONAL_JUMP"
10020834,"89 10","MOV dword ptr [EAX],EDX",10020775,"FUN_10020775",""
10020836,"5D","POP EBP",10020775,"FUN_10020775",""
10020837,"C3","RET",10020775,"FUN_10020775",""
10020840,"8D 4D F0","LEA ECX,[EBP + -0x10]",10020840,"Unwind@10020840","1002861c:DATA"
10020843,"E9 28 F9 FE FF","JMP 0x10010170",10020840,"Unwind@10020840",""
10020848,"B8 20 86 02 10","MOV EAX,0x10028620",,"","10028174:DATA|10008005:DATA"
1002084d,"E9 95 AE FF FF","JMP 0x1001b6e7",,"",""
10020852,"8B 54 24 08","MOV EDX,dword ptr [ESP + 0x8]",,"","10028178:DATA|1001d028:DATA"
10020856,"8D 42 0C","LEA EAX,[EDX + 0xc]",,"",""
10020859,"8B 4A EC","MOV ECX,dword ptr [EDX + -0x14]",,"",""
1002085c,"33 C8","XOR ECX,EAX",,"",""
1002085e,"E8 72 6A FF FF","CALL 0x100172d5",,"",""
10020863,"B8 C0 86 02 10","MOV EAX,0x100286c0",,"",""
10020868,"E9 7A AE FF FF","JMP 0x1001b6e7",,"",""
10020870,"55","PUSH EBP",10020870,"FUN_10020870","10012c69:COMPUTED_CALL|10022158:DATA"
10020871,"8B EC","MOV EBP,ESP",10020870,"FUN_10020870",""
10020873,"83 EC 10","SUB ESP,0x10",10020870,"FUN_10020870",""
10020876,"6A 14","PUSH 0x14",10020870,"FUN_10020870",""
10020878,"E8 16 00 FF FF","CALL 0x10010893",10020870,"FUN_10020870",""
1002087d,"83 C4 04","ADD ESP,0x4",10020870,"FUN_10020870",""
10020880,"85 C0","TEST EAX,EAX",10020870,"FUN_10020870",""
10020882,"74 20","JZ 0x100208a4",10020870,"FUN_10020870",""
100208b7,"68 08 86 02 10","PUSH 0x10028608",10020870,"FUN_10020870",""
100208bc,"8D 4D F0","LEA ECX,[EBP + -0x10]",10020870,"FUN_10020870",""
100208bf,"51","PUSH ECX",10020870,"FUN_10020870",""
100208c0,"C7 45 F0 50 22 02 10","MOV dword ptr [EBP + -0x10],0x10022250",10020870,"FUN_10020870",""
100208c7,"E8 9F 0C FF FF","CALL 0x1001156b",10020870,"FUN_10020870",""
100208d0,"B8 01 00 00 00","MOV EAX,0x1",,"","1002215c:DATA"
100208d5,"84 05 FC C3 03 10","TEST byte ptr [0x1003c3fc],AL",,"",""
100208db,"75 1F","JNZ 0x100208fc",,"",""
100208dd,"09 05 FC C3 03 10","OR dword ptr [0x1003c3fc],EAX",,"",""
100208e3,"33 C0","XOR EAX,EAX",,"",""
100208e5,"68 80 0A 02 10","PUSH 0x10020a80",,"",""
100208ea,"A3 E8 C3 03 10","MOV [0x1003c3e8],EAX",,"",""
100208ef,"A3 EC C3 03 10","MOV [0x1003c3ec],EAX",,"",""
100208f4,"E8 30 FC FE FF","CALL 0x10010529",,"",""
100208f9,"83 C4 04","ADD ESP,0x4",,"",""
100208fc,"C7 05 8C C3 03 10 E8 C3 03 10","MOV dword ptr [0x1003c38c],0x1003c3e8",,"","100208db:CONDITIONAL_JUMP"
10020906,"C3","RET",,"",""
10020910,"68 90 0A 02 10","PUSH 0x10020a90",,"","10022160:DATA"
10020915,"E8 0F FC FE FF","CALL 0x10010529",,"",""
1002091a,"59","POP ECX",,"",""
1002091b,"C3","RET",,"",""
10020920,"68 F0 0A 02 10","PUSH 0x10020af0",,"","10022164:DATA"
10020925,"E8 FF FB FE FF","CALL 0x10010529",,"",""
1002092a,"59","POP ECX",,"",""
1002092b,"C3","RET",,"",""
10020930,"68 50 0B 02 10","PUSH 0x10020b50",,"","10022168:DATA"
10020935,"E8 EF FB FE FF","CALL 0x10010529",,"",""
1002093a,"59","POP ECX",,"",""
1002093b,"C3","RET",,"",""
10020940,"68 B0 0B 02 10","PUSH 0x10020bb0",,"","1002216c:DATA"
10020945,"E8 DF FB FE FF","CALL 0x10010529",,"",""
1002094a,"59","POP ECX",,"",""
1002094b,"C3","RET",,"",""
10020950,"68 10 0C 02 10","PUSH 0x10020c10",,"","10022170:DATA"
10020955,"E8 CF FB FE FF","CALL 0x10010529",,"",""
1002095a,"59","POP ECX",,"",""
1002095b,"C3","RET",,"",""
10020960,"68 70 0C 02 10","PUSH 0x10020c70",,"","10022174:DATA"
10020965,"E8 BF FB FE FF","CALL 0x10010529",,"",""
1002096a,"59","POP ECX",,"",""
1002096b,"C3","RET",,"",""
10020970,"68 D0 0C 02 10","PUSH 0x10020cd0",,"","10022178:DATA"
10020975,"E8 AF FB FE FF","CALL 0x10010529",,"",""
1002097a,"59","POP ECX",,"",""
1002097b,"C3","RET",,"",""
10020980,"68 30 0D 02 10","PUSH 0x10020d30",,"","1002217c:DATA"
10020985,"E8 9F FB FE FF","CALL 0x10010529",,"",""
1002098a,"59","POP ECX",,"",""
1002098b,"C3","RET",,"",""
10020990,"68 90 0D 02 10","PUSH 0x10020d90",,"","10022180:DATA"
10020995,"E8 8F FB FE FF","CALL 0x10010529",,"",""
1002099a,"59","POP ECX",,"",""
1002099b,"C3","RET",,"",""
100209a0,"68 F0 0D 02 10","PUSH 0x10020df0",,"","10022184:DATA"
100209a5,"E8 7F FB FE FF","CALL 0x10010529",,"",""
100209aa,"59","POP ECX",,"",""
100209ab,"C3","RET",,"",""
100209b0,"68 50 0E 02 10","PUSH 0x10020e50",,"","10022188:DATA"
100209b5,"E8 6F FB FE FF","CALL 0x10010529",,"",""
100209ba,"59","POP ECX",,"",""
100209bb,"C3","RET",,"",""
100209c0,"68 B0 0E 02 10","PUSH 0x10020eb0",,"","1002218c:DATA"
100209c5,"E8 5F FB FE FF","CALL 0x10010529",,"",""
100209ca,"59","POP ECX",,"",""
100209cb,"C3","RET",,"",""
100209d0,"68 10 0F 02 10","PUSH 0x10020f10",,"","10022190:DATA"
100209d5,"E8 4F FB FE FF","CALL 0x10010529",,"",""
100209da,"59","POP ECX",,"",""
100209db,"C3","RET",,"",""
100209e0,"68 70 0F 02 10","PUSH 0x10020f70",,"","10022194:DATA"
100209e5,"E8 3F FB FE FF","CALL 0x10010529",,"",""
100209ea,"59","POP ECX",,"",""
100209eb,"C3","RET",,"",""
100209f0,"E8 9B 96 FE FF","CALL 0x1000a090",,"","10022198:DATA"
100209f5,"68 D0 0F 02 10","PUSH 0x10020fd0",,"",""
100209fa,"C7 05 28 C3 03 10 74 4C 02 10","MOV dword ptr [0x1003c328],0x10024c74",,"",""
10020a04,"E8 20 FB FE FF","CALL 0x10010529",,"",""
10020a09,"59","POP ECX",,"",""
10020a0a,"C3","RET",,"",""
10020a10,"68 30 10 02 10","PUSH 0x10021030",,"","1002219c:DATA"
10020a15,"E8 0F FB FE FF","CALL 0x10010529",,"",""
10020a1a,"59","POP ECX",,"",""
10020a1b,"C3","RET",,"",""
10020a20,"68 90 10 02 10","PUSH 0x10021090",,"","100221a0:DATA"
10020a25,"E8 FF FA FE FF","CALL 0x10010529",,"",""
10020a2a,"59","POP ECX",,"",""
10020a2b,"C3","RET",,"",""
10020a30,"68 F0 10 02 10","PUSH 0x100210f0",,"","100221a4:DATA"
10020a35,"E8 EF FA FE FF","CALL 0x10010529",,"",""
10020a3a,"59","POP ECX",,"",""
10020a3b,"C3","RET",,"",""
10020a40,"68 50 11 02 10","PUSH 0x10021150",,"","100221a8:DATA"
10020a45,"E8 DF FA FE FF","CALL 0x10010529",,"",""
10020a4a,"59","POP ECX",,"",""
10020a4b,"C3","RET",,"",""
10020a50,"68 B0 11 02 10","PUSH 0x100211b0",,"","100221ac:DATA"
10020a55,"E8 CF FA FE FF","CALL 0x10010529",,"",""
10020a5a,"59","POP ECX",,"",""
10020a5b,"C3","RET",,"",""
10020a60,"68 10 12 02 10","PUSH 0x10021210",,"","100221b0:DATA"
10020a65,"E8 BF FA FE FF","CALL 0x10010529",,"",""
10020a6a,"59","POP ECX",,"",""
10020a6b,"C3","RET",,"",""
10020a70,"E9 6B 09 FE FF","JMP 0x100013e0",10020a70,"thunk_FUN_100013e0","10020890:DATA"
10020a80,"E9 FB 8A FE FF","JMP 0x10009580",10020a80,"thunk_FUN_10009580","1000d06b:DATA|1000d166:DATA|10009370:DATA|1000cf93:DATA|1000c433:DATA|1000a360:DATA|100208e5:DATA"
