label_address,target_address,target_symbol,xref,source,line,encoding
0x1000c640,0x1000da60,?FUN_1000da60@@YGIXZ,0x1000a926,src/functions/1000a8c0.cpp,42,E9 rel32
0x1000c650,0x1000dac0,?FUN_1000dac0@@YGIXZ,0x1000a91e,src/functions/1000a8c0.cpp,43,E9 rel32
0x1000c660,0x1000db20,?FUN_1000db20@@YGIXZ,0x1000a916,src/functions/1000a8c0.cpp,44,E9 rel32
0x1000c670,0x1000db80,?FUN_1000db80@@YGIXZ,0x1000a90e,src/functions/1000a8c0.cpp,45,E9 rel32
0x1000c680,0x1000dbe0,?FUN_1000dbe0@@YGIXZ,0x1000a906,src/functions/1000a8c0.cpp,46,E9 rel32
0x1000c690,0x1000dc40,?FUN_1000dc40@@YGIXZ,0x1000ab46,src/functions/1000aae0.cpp,42,E9 rel32
0x1000c6a0,0x1000dca0,?FUN_1000dca0@@YGIXZ,0x1000ab3e,src/functions/1000aae0.cpp,43,E9 rel32
0x1000c6b0,0x1000dd00,?FUN_1000dd00@@YGIXZ,0x1000ab36,src/functions/1000aae0.cpp,44,E9 rel32
0x1000c6c0,0x1000dd60,?FUN_1000dd60@@YGIXZ,0x1000ab2e,src/functions/1000aae0.cpp,45,E9 rel32
0x1000c6d0,0x1000ddc0,?FUN_1000ddc0@@YGIXZ,0x1000ab26,src/functions/1000aae0.cpp,46,E9 rel32
0x1000c6e0,0x1000de20,?FUN_1000de20@@YGIXZ,0x1000ac86,src/functions/1000ac20.cpp,70,E9 rel32
0x1000c6f0,0x1000de80,?FUN_1000de80@@YGIXZ,0x1000ac7e,src/functions/1000ac20.cpp,71,E9 rel32
0x1000c700,0x1000dee0,?FUN_1000dee0@@YGIXZ,0x1000ac76,src/functions/1000ac20.cpp,72,E9 rel32
0x1000c710,0x1000df40,?FUN_1000df40@@YGIXZ,0x1000ac6e,src/functions/1000ac20.cpp,73,E9 rel32
0x1000c720,0x1000dfa0,?FUN_1000dfa0@@YGIXZ,0x1000ac66,src/functions/1000ac20.cpp,74,E9 rel32
0x1000c730,0x1000e000,?FUN_1000e000@@YGIXZ,0x1000adc6,src/functions/1000ad60.cpp,40,E9 rel32
0x1000c740,0x1000e060,?FUN_1000e060@@YGIXZ,0x1000adbe,src/functions/1000ad60.cpp,41,E9 rel32
0x1000c750,0x1000e0c0,?FUN_1000e0c0@@YGIXZ,0x1000adb6,src/functions/1000ad60.cpp,42,E9 rel32
0x1000c760,0x1000e120,?FUN_1000e120@@YGIXZ,0x1000adae,src/functions/1000ad60.cpp,43,E9 rel32
0x1000c770,0x1000e180,?FUN_1000e180@@YGIXZ,0x1000ada6,src/functions/1000ad60.cpp,44,E9 rel32
0x1000c780,0x1000e1e0,?FUN_1000e1e0@@YGIXZ,0x1000af06,src/functions/1000aea0.cpp,46,E9 rel32
0x1000c790,0x1000e240,?FUN_1000e240@@YGIXZ,0x1000aefe,src/functions/1000aea0.cpp,47,E9 rel32
0x1000c7a0,0x1000e2a0,?FUN_1000e2a0@@YGIXZ,0x1000aef6,src/functions/1000aea0.cpp,48,E9 rel32
0x1000c7b0,0x1000e300,?FUN_1000e300@@YGIXZ,0x1000aeee,src/functions/1000aea0.cpp,49,E9 rel32
0x1000c7c0,0x1000e360,?FUN_1000e360@@YGIXZ,0x1000aee6,src/functions/1000aea0.cpp,50,E9 rel32
0x1000c7d0,0x1000e3c0,?FUN_1000e3c0@@YGIXZ,0x1000b046,src/functions/1000afe0.cpp,74,E9 rel32
0x1000c7e0,0x1000e420,?FUN_1000e420@@YGIXZ,0x1000b03e,src/functions/1000afe0.cpp,75,E9 rel32
0x1000c7f0,0x1000e480,?FUN_1000e480@@YGIXZ,0x1000b036,src/functions/1000afe0.cpp,76,E9 rel32
0x1000c800,0x1000e4e0,?FUN_1000e4e0@@YGIXZ,0x1000b02e,src/functions/1000afe0.cpp,77,E9 rel32
0x1000c810,0x1000e540,?FUN_1000e540@@YGIXZ,0x1000b026,src/functions/1000afe0.cpp,78,E9 rel32
0x1000c820,0x1000e5a0,?FUN_1000e5a0@@YGIXZ,0x1000b186,src/functions/1000b120.cpp,54,E9 rel32
0x1000c830,0x1000e600,?FUN_1000e600@@YGIXZ,0x1000b17e,src/functions/1000b120.cpp,55,E9 rel32
0x1000c840,0x1000e660,?FUN_1000e660@@YGIXZ,0x1000b176,src/functions/1000b120.cpp,56,E9 rel32
0x1000c850,0x1000e6c0,?FUN_1000e6c0@@YGIXZ,0x1000b16e,src/functions/1000b120.cpp,57,E9 rel32
0x1000c860,0x1000e720,?FUN_1000e720@@YGIXZ,0x1000b166,src/functions/1000b120.cpp,58,E9 rel32
0x1000c870,0x1000e780,?FUN_1000e780@@YGIXZ,0x1000b2c6,src/functions/1000b260.cpp,52,E9 rel32
0x1000c880,0x1000e7e0,?FUN_1000e7e0@@YGIXZ,0x1000b2be,src/functions/1000b260.cpp,53,E9 rel32
0x1000c890,0x1000e840,?FUN_1000e840@@YGIXZ,0x1000b2b6,src/functions/1000b260.cpp,54,E9 rel32
0x1000c8a0,0x1000e8a0,?FUN_1000e8a0@@YGIXZ,0x1000b2ae,src/functions/1000b260.cpp,55,E9 rel32
0x1000c8b0,0x1000e900,?FUN_1000e900@@YGIXZ,0x1000b2a6,src/functions/1000b260.cpp,56,E9 rel32
0x1000c8c0,0x1000e960,?FUN_1000e960@@YGIXZ,0x1000b4c6,src/functions/1000b460.cpp,42,E9 rel32
0x1000c8d0,0x1000e9c0,?FUN_1000e9c0@@YGIXZ,0x1000b4be,src/functions/1000b460.cpp,43,E9 rel32
0x1000c8e0,0x1000ea20,?FUN_1000ea20@@YGIXZ,0x1000b4b6,src/functions/1000b460.cpp,44,E9 rel32
0x1000c8f0,0x1000ea80,?FUN_1000ea80@@YGIXZ,0x1000b4ae,src/functions/1000b460.cpp,45,E9 rel32
0x1000c900,0x1000eae0,?FUN_1000eae0@@YGIXZ,0x1000b4a6,src/functions/1000b460.cpp,46,E9 rel32
0x1000c910,0x1000eb40,?FUN_1000eb40@@YGIXZ,0x1000b606,src/functions/1000b5a0.cpp,42,E9 rel32
0x1000c920,0x1000eba0,?FUN_1000eba0@@YGIXZ,0x1000b5fe,src/functions/1000b5a0.cpp,43,E9 rel32
0x1000c930,0x1000ec00,?FUN_1000ec00@@YGIXZ,0x1000b5f6,src/functions/1000b5a0.cpp,44,E9 rel32
0x1000c940,0x1000ec60,?FUN_1000ec60@@YGIXZ,0x1000b5ee,src/functions/1000b5a0.cpp,45,E9 rel32
0x1000c950,0x1000ecc0,?FUN_1000ecc0@@YGIXZ,0x1000b5e6,src/functions/1000b5a0.cpp,46,E9 rel32
0x1000c960,0x1000ed20,?FUN_1000ed20@@YGIXZ,0x1000b746,src/functions/1000b6e0.cpp,54,E9 rel32
0x1000c970,0x1000ed80,?FUN_1000ed80@@YGIXZ,0x1000b73e,src/functions/1000b6e0.cpp,55,E9 rel32
0x1000c980,0x1000ede0,?FUN_1000ede0@@YGIXZ,0x1000b736,src/functions/1000b6e0.cpp,56,E9 rel32
0x1000c990,0x1000ee40,?FUN_1000ee40@@YGIXZ,0x1000b72e,src/functions/1000b6e0.cpp,57,E9 rel32
0x1000c9a0,0x1000eea0,?FUN_1000eea0@@YGIXZ,0x1000b726,src/functions/1000b6e0.cpp,58,E9 rel32
0x1000c9b0,0x1000ef00,?FUN_1000ef00@@YGIXZ,0x1000b946,src/functions/1000b8e0.cpp,54,E9 rel32
0x1000c9c0,0x1000ef60,?FUN_1000ef60@@YGIXZ,0x1000b93e,src/functions/1000b8e0.cpp,55,E9 rel32
0x1000c9d0,0x1000efc0,?FUN_1000efc0@@YGIXZ,0x1000b936,src/functions/1000b8e0.cpp,56,E9 rel32
0x1000c9e0,0x1000f020,?FUN_1000f020@@YGIXZ,0x1000b92e,src/functions/1000b8e0.cpp,57,E9 rel32
0x1000c9f0,0x1000f080,?FUN_1000f080@@YGIXZ,0x1000b926,src/functions/1000b8e0.cpp,58,E9 rel32
0x1000ca00,0x1000f0e0,?FUN_1000f0e0@@YGIXZ,0x1000bb46,src/functions/1000bae0.cpp,63,E9 rel32
0x1000ca10,0x1000f140,?FUN_1000f140@@YGIXZ,0x1000bb3e,src/functions/1000bae0.cpp,64,E9 rel32
0x1000ca20,0x1000f1a0,?FUN_1000f1a0@@YGIXZ,0x1000bb36,src/functions/1000bae0.cpp,65,E9 rel32
0x1000ca30,0x1000f200,?FUN_1000f200@@YGIXZ,0x1000bb2e,src/functions/1000bae0.cpp,66,E9 rel32
0x1000ca40,0x1000f260,?FUN_1000f260@@YGIXZ,0x1000bb26,src/functions/1000bae0.cpp,67,E9 rel32
0x1000ca50,0x1000f2c0,?FUN_1000f2c0@@YGIXZ,0x1000bbc6,src/functions/1000bb60.cpp,54,E9 rel32
0x1000ca60,0x1000f320,?FUN_1000f320@@YGIXZ,0x1000bbbe,src/functions/1000bb60.cpp,55,E9 rel32
0x1000ca70,0x1000f380,?FUN_1000f380@@YGIXZ,0x1000bbb6,src/functions/1000bb60.cpp,56,E9 rel32
0x1000ca80,0x1000f3e0,?FUN_1000f3e0@@YGIXZ,0x1000bbae,src/functions/1000bb60.cpp,57,E9 rel32
0x1000ca90,0x1000f440,?FUN_1000f440@@YGIXZ,0x1000bba6,src/functions/1000bb60.cpp,58,E9 rel32
