address,undefined_symbol_count,undefined_reference_lines,defined_symbol_count,undefined_symbols,defined_symbols
0x100220c4,1,1,0,_DAT_100220c4,
0x100220c8,1,1,0,_DAT_100220c8,
0x10022154,1,1,0,_DAT_10022154,
0x100221b4,1,1,0,_DAT_100221b4,
0x100221b8,1,1,0,_DAT_100221b8,
0x100221d0,1,1,0,_DAT_100221d0,
0x100221d4,1,1,0,_DAT_100221d4,
0x100221e4,1,1,0,_DAT_100221e4,
0x1002226c,1,1,0,?DAT_1002226c@@3PAKA,
0x100226f0,1,1,0,?DAT_100226f0@@3PAEA,
0x10022710,1,1,0,?DAT_10022710@@3PAEA,
0x10022770,1,2,0,_DAT_10022770,
0x10022800,1,1,0,_DAT_10022800,
0x10022804,1,1,0,_DAT_10022804,
0x1002280c,1,1,0,_DAT_1002280c,
0x10023090,1,1,0,_DAT_10023090,
0x100243dc,1,1,0,?DAT_100243dc@@3GA,
0x10024424,1,1,0,?DAT_10024424@@3PADA,
0x10024650,1,1,0,_DAT_10024650,
0x10024a14,1,1,0,?DAT_10024a14@@3HA,
0x10024e70,2,2,0,?_DAT_10024e70@@3MA | _DAT_10024e70,
0x10024e78,1,1,0,?_DAT_10024e78@@3MA,
0x10024e80,1,1,0,?DAT_10024e80@@3MA,
0x10024e88,2,2,0,?_DAT_10024e88@@3IA | ?_DAT_10024e88@@3MA,
0x10024e90,2,3,0,?DAT_10024e90@@3MA | ?_DAT_10024e90@@3MA,
0x10024e98,1,1,0,?DAT_10024e98@@3MA,
0x10024ea0,1,1,0,?DAT_10024ea0@@3MA,
0x10024ea8,1,1,0,?_DAT_10024ea8@@3IA,
0x10024eb0,3,3,0,?DAT_10024eb0@@3MA | ?_DAT_10024eb0@@3MA | _DAT_10024eb0,
0x10024eb8,1,1,0,_DAT_10024eb8,
0x10024ec0,2,2,0,?DAT_10024ec0@@3MA | ?_DAT_10024ec0@@3MA,
0x10024ec8,2,5,0,?DAT_10024ec8@@3IA | ?_DAT_10024ec8@@3IA,
0x10024ed0,1,2,0,?_DAT_10024ed0@@3MA,
0x10024ed8,2,5,0,?DAT_10024ed8@@3MA | ?_DAT_10024ed8@@3MA,
0x10024ee0,2,5,0,?DAT_10024ee0@@3MA | ?_DAT_10024ee0@@3MA,
0x10024eec,1,1,0,?_DAT_10024eec@@3IA,
0x10024ef0,1,1,0,?_DAT_10024ef0@@3MA,
0x10024ef8,1,2,0,?_DAT_10024ef8@@3MA,
0x10024f00,1,1,0,?_DAT_10024f00@@3MA,
0x10024f08,1,1,0,?_DAT_10024f08@@3MA,
0x10024f10,1,2,0,?_DAT_10024f10@@3MA,
0x10024f14,1,1,0,?_DAT_10024f14@@3MA,
0x10024f28,2,5,0,?DAT_10024f28@@3MA | ?_DAT_10024f28@@3MA,
0x10024f30,1,2,0,?_DAT_10024f30@@3MA,
0x10024f38,1,1,0,?_DAT_10024f38@@3MA,
0x10024f3c,2,2,0,?DAT_10024f3c@@3MA | ?_DAT_10024f3c@@3MA,
0x10024f40,2,3,0,?DAT_10024f40@@3MA | ?_DAT_10024f40@@3MA,
0x10024f50,2,2,0,?DAT_10024f50@@3MA | ?_DAT_10024f50@@3MA,
0x10024f58,2,3,0,?DAT_10024f58@@3MA | ?_DAT_10024f58@@3MA,
0x10024f60,1,1,0,?_DAT_10024f60@@3MA,
0x10024f68,1,1,0,?_DAT_10024f68@@3MA,
0x10024f70,1,1,0,?_DAT_10024f70@@3MA,
0x10024f78,1,1,0,?_DAT_10024f78@@3MA,
0x10024f80,1,1,0,?_DAT_10024f80@@3MA,
0x10024f88,1,1,0,?_DAT_10024f88@@3NA,
0x10024f90,1,1,0,?_DAT_10024f90@@3HA,
0x10024f94,1,1,0,?_DAT_10024f94@@3HA,
0x10024fa0,1,1,0,?_DAT_10024fa0@@3MA,
0x10024fa8,1,1,0,?_DAT_10024fa8@@3MA,
0x10024fac,1,1,0,?_DAT_10024fac@@3MA,
0x10024fb0,1,1,0,?_DAT_10024fb0@@3MA,
0x10024fb8,1,1,0,?_DAT_10024fb8@@3MA,
0x10024fc0,1,1,0,?_DAT_10024fc0@@3MA,
0x10024fc8,1,2,0,?_DAT_10024fc8@@3MA,
0x10024fd8,1,2,0,?_DAT_10024fd8@@3MA,
0x10024fe0,1,1,0,?_DAT_10024fe0@@3MA,
0x10024fe8,1,1,0,?_DAT_10024fe8@@3MA,
0x10024ff0,1,1,0,?_DAT_10024ff0@@3IA,
0x10024ff8,1,1,0,?_DAT_10024ff8@@3IA,
0x10025000,1,1,0,?_DAT_10025000@@3IA,
0x10025010,1,1,0,?DAT_10025010@@3NA,
0x10025018,1,1,0,?DAT_10025018@@3NA,
0x10025020,1,1,0,?DAT_10025020@@3NA,
0x10025028,1,1,0,?DAT_10025028@@3NA,
0x10025810,1,1,0,?_DAT_10025810@@3NA,
0x10025820,1,1,0,?_DAT_10025820@@3NA,
0x10025830,1,1,0,?_DAT_10025830@@3NA,
0x10025840,1,1,0,?_DAT_10025840@@3NA,
0x10025850,1,1,0,?DAT_10025850@@3NA,
0x10025858,1,1,0,?DAT_10025858@@3NA,
0x10025860,1,1,0,?_DAT_10025860@@3NA,
0x10025870,1,1,0,?DAT_10025870@@3NA,
0x10025878,1,1,0,?_DAT_10025878@@3NA,
0x10025890,1,1,0,?_DAT_10025890@@3NA,
0x100258b0,1,4,0,_DAT_100258b0,
0x100258e8,1,3,0,_DAT_100258e8,
0x100258ea,1,3,0,_DAT_100258ea,
0x10025930,1,1,0,_DAT_10025930,
0x10026130,1,1,0,_DAT_10026130,
0x10026140,1,1,0,_DAT_10026140,
0x10026150,1,1,0,_DAT_10026150,
0x10026160,1,1,0,_DAT_10026160,
0x10026170,1,1,0,_DAT_10026170,
0x10026178,1,1,0,_DAT_10026178,
0x10026180,1,1,0,_DAT_10026180,
0x10026190,1,1,0,_DAT_10026190,
0x10026198,1,1,0,_DAT_10026198,
0x100261c0,1,1,0,_DAT_100261c0,
0x100281ac,1,1,0,?DAT_100281ac@@3EA,
0x10028608,2,4,0,?DAT_10028608@@3EA | ?DAT_10028608@@3PAXA,
0x10029060,1,1,0,?DAT_10029060@@3QBIB,
0x100291c8,1,1,0,_DAT_100291c8,
0x100291cc,1,1,0,_DAT_100291cc,
0x10029430,1,1,0,?DAT_10029430@@3EA,
0x10029450,2,7,0,?DAT_10029450@@3EA | _DAT_10029450,
0x10029490,3,23,0,?DAT_10029490@@3EA | ?DAT_10029490@@3IA | _DAT_10029490,
0x10029494,1,2,0,_DAT_10029494,
0x100294a0,3,4,0,?DAT_100294a0@@3JA | ?DAT_100294a0@@3QBEB | _DAT_100294A0,
0x100296c0,1,1,0,?DAT_100296c0@@3EA,
0x100297c8,1,1,0,?DAT_100297c8@@3EA,
0x100298cc,1,1,0,?DAT_100298cc@@3PAEA,
0x100298d0,1,1,0,?DAT_100298d0@@3PAIA,
0x100298e0,1,1,0,?DAT_100298e0@@3PAEA,
0x100299c0,2,4,0,?DAT_100299c0@@3IA | ?DAT_100299c0@@3JA,
0x10029b30,1,2,0,_DAT_10029b30,
0x10029c0c,4,4,0,?DAT_10029c0c@@3HA | ?DAT_10029c0c@@3IA | ?DAT_10029c0c@@3KA | _DAT_10029c0c,
0x10029c10,2,3,0,?DAT_10029c10@@3IA | _DAT_10029c10,
0x10029c30,1,1,0,_DAT_10029c30,
0x10029d30,1,2,0,_DAT_10029d30,
0x10029d70,1,5,0,_DAT_10029d70,
0x10029d74,1,1,0,_DAT_10029d74,
0x10029f10,1,3,0,_DAT_10029f10,
0x100374bc,1,1,0,?DAT_100374bc@@3EA,
0x100374c0,1,1,0,?DAT_100374c0@@3PAIA,
0x10037594,1,1,0,?DAT_10037594@@3PAHA,
0x1003759c,1,4,0,?DAT_1003759c@@3IA,
0x100375b8,2,2,0,?DAT_100375b8@@3PAIA | ?DAT_100375b8@@3PAXA,
0x100375bc,2,2,0,?DAT_100375bc@@3IA | ?DAT_100375bc@@3PAIA,
0x100375c0,2,2,0,?DAT_100375c0@@3IA | ?DAT_100375c0@@3PAIA,
0x100375c8,2,2,0,?DAT_100375c8@@3PAIA | ?DAT_100375c8@@3PAXA,
0x100375cc,2,2,0,?DAT_100375cc@@3IA | ?DAT_100375cc@@3PAIA,
0x100375d0,2,2,0,?DAT_100375d0@@3IA | ?DAT_100375d0@@3PAIA,
0x100375f0,1,1,0,?DAT_100375f0@@3PAXA,
0x100375f4,1,1,0,?_DAT_100375f4@@3IA,
0x100375f8,1,1,0,?_DAT_100375f8@@3IA,
0x10037600,2,2,0,?DAT_10037600@@3PAIA | ?DAT_10037600@@3PAXA,
0x10037604,2,2,0,?DAT_10037604@@3IA | ?DAT_10037604@@3PAIA,
0x10037608,2,2,0,?DAT_10037608@@3IA | ?DAT_10037608@@3PAIA,
0x10037628,1,1,0,?DAT_10037628@@3PAXA,
0x1003762c,1,1,0,?_DAT_1003762c@@3IA,
0x10037630,1,1,0,?_DAT_10037630@@3IA,
0x10037638,2,2,0,?DAT_10037638@@3PAIA | ?DAT_10037638@@3PAXA,
0x1003763c,2,2,0,?DAT_1003763c@@3IA | ?DAT_1003763c@@3PAIA,
0x10037640,2,2,0,?DAT_10037640@@3IA | ?DAT_10037640@@3PAIA,
0x10037698,1,1,0,?DAT_10037698@@3PAXA,
0x1003769c,1,1,0,?_DAT_1003769c@@3IA,
0x100376a0,1,1,0,?_DAT_100376a0@@3IA,
0x100376a8,2,2,0,?DAT_100376a8@@3PAIA | ?DAT_100376a8@@3PAXA,
0x100376ac,2,2,0,?DAT_100376ac@@3IA | ?DAT_100376ac@@3PAIA,
0x100376b0,2,2,0,?DAT_100376b0@@3IA | ?DAT_100376b0@@3PAIA,
0x100376d0,1,1,0,?DAT_100376d0@@3PAXA,
0x100376d4,1,1,0,?_DAT_100376d4@@3IA,
0x100376d8,1,1,0,?_DAT_100376d8@@3IA,
0x100376e0,2,2,0,?DAT_100376e0@@3PAIA | ?DAT_100376e0@@3PAXA,
0x100376e4,2,2,0,?DAT_100376e4@@3IA | ?DAT_100376e4@@3PAIA,
0x100376e8,2,2,0,?DAT_100376e8@@3IA | ?DAT_100376e8@@3PAIA,
0x10037708,1,1,0,?DAT_10037708@@3PAXA,
0x1003770c,1,1,0,?_DAT_1003770c@@3IA,
0x10037710,1,1,0,?_DAT_10037710@@3IA,
0x10037718,1,1,0,?DAT_10037718@@3PAXA,
0x1003771c,1,1,0,?DAT_1003771c@@3IA,
0x10037720,1,1,0,?DAT_10037720@@3IA,
0x10037740,2,2,0,?DAT_10037740@@3PAIA | ?DAT_10037740@@3PAXA,
0x10037744,2,2,0,?DAT_10037744@@3IA | ?DAT_10037744@@3PAIA,
0x10037748,2,2,0,?DAT_10037748@@3IA | ?DAT_10037748@@3PAIA,
0x10037750,2,2,0,?DAT_10037750@@3PAIA | ?DAT_10037750@@3PAXA,
0x10037754,2,2,0,?DAT_10037754@@3IA | ?DAT_10037754@@3PAIA,
0x10037758,2,2,0,?DAT_10037758@@3IA | ?DAT_10037758@@3PAIA,
0x10037778,1,1,0,?DAT_10037778@@3PAXA,
0x1003777c,1,1,0,?_DAT_1003777c@@3IA,
0x10037780,1,1,0,?_DAT_10037780@@3IA,
0x10037788,2,2,0,?DAT_10037788@@3PAIA | ?DAT_10037788@@3PAXA,
0x1003778c,2,2,0,?DAT_1003778c@@3IA | ?DAT_1003778c@@3PAIA,
0x10037790,2,2,0,?DAT_10037790@@3IA | ?DAT_10037790@@3PAIA,
0x100377b0,1,1,0,?DAT_100377b0@@3PAXA,
0x100377b4,1,1,0,?_DAT_100377b4@@3IA,
0x100377b8,1,1,0,?_DAT_100377b8@@3IA,
0x100377c0,2,2,0,?DAT_100377c0@@3PAIA | ?DAT_100377c0@@3PAXA,
0x100377c4,2,2,0,?DAT_100377c4@@3IA | ?DAT_100377c4@@3PAIA,
0x100377c8,2,2,0,?DAT_100377c8@@3IA | ?DAT_100377c8@@3PAIA,
0x100377e8,2,2,0,?DAT_100377e8@@3PAIA | ?DAT_100377e8@@3PAXA,
0x100377ec,2,2,0,?DAT_100377ec@@3IA | ?DAT_100377ec@@3PAIA,
0x100377f0,2,2,0,?DAT_100377f0@@3IA | ?DAT_100377f0@@3PAIA,
0x100377f8,2,2,0,?DAT_100377f8@@3PAIA | ?DAT_100377f8@@3PAXA,
0x100377fc,2,2,0,?DAT_100377fc@@3IA | ?DAT_100377fc@@3PAIA,
0x10037800,2,2,0,?DAT_10037800@@3IA | ?DAT_10037800@@3PAIA,
0x10037820,2,2,0,?DAT_10037820@@3PAIA | ?DAT_10037820@@3PAXA,
0x10037824,2,2,0,?DAT_10037824@@3IA | ?DAT_10037824@@3PAIA,
0x10037828,2,2,0,?DAT_10037828@@3IA | ?DAT_10037828@@3PAIA,
0x10037830,2,2,0,?DAT_10037830@@3PAIA | ?DAT_10037830@@3PAXA,
0x10037834,2,2,0,?DAT_10037834@@3IA | ?DAT_10037834@@3PAIA,
0x10037838,2,2,0,?DAT_10037838@@3IA | ?DAT_10037838@@3PAIA,
0x10037858,1,1,0,?DAT_10037858@@3PAXA,
0x1003785c,1,1,0,?_DAT_1003785c@@3IA,
0x10037860,1,1,0,?_DAT_10037860@@3IA,
0x10037868,1,1,0,?DAT_10037868@@3PAXA,
0x1003786c,1,1,0,?_DAT_1003786c@@3IA,
0x10037870,1,1,0,?_DAT_10037870@@3IA,
0x10037890,1,1,0,?DAT_10037890@@3PAXA,
0x10037894,1,1,0,?_DAT_10037894@@3IA,
0x10037898,1,1,0,?_DAT_10037898@@3IA,
0x100378a0,2,2,0,?DAT_100378a0@@3PAIA | ?DAT_100378a0@@3PAXA,
0x100378a4,2,2,0,?DAT_100378a4@@3IA | ?DAT_100378a4@@3PAIA,
0x100378a8,2,2,0,?DAT_100378a8@@3IA | ?DAT_100378a8@@3PAIA,
0x100378c8,1,1,0,?DAT_100378c8@@3PAXA,
0x100378cc,1,1,0,?_DAT_100378cc@@3IA,
0x100378d0,1,1,0,?_DAT_100378d0@@3IA,
0x100378d8,2,2,0,?DAT_100378d8@@3PAIA | ?DAT_100378d8@@3PAXA,
0x100378dc,2,2,0,?DAT_100378dc@@3IA | ?DAT_100378dc@@3PAIA,
0x100378e0,2,2,0,?DAT_100378e0@@3IA | ?DAT_100378e0@@3PAIA,
0x10037900,1,1,0,?DAT_10037900@@3PAXA,
0x10037904,1,1,0,?_DAT_10037904@@3IA,
0x10037908,1,1,0,?_DAT_10037908@@3IA,
0x10037910,2,2,0,?DAT_10037910@@3PAIA | ?DAT_10037910@@3PAXA,
0x10037914,2,2,0,?DAT_10037914@@3IA | ?DAT_10037914@@3PAIA,
0x10037918,2,2,0,?DAT_10037918@@3IA | ?DAT_10037918@@3PAIA,
0x10037938,1,1,0,?DAT_10037938@@3PAXA,
0x1003793c,1,1,0,?_DAT_1003793c@@3IA,
0x10037940,1,1,0,?_DAT_10037940@@3IA,
0x10037948,2,2,0,?DAT_10037948@@3PAIA | ?DAT_10037948@@3PAXA,
0x1003794c,2,2,0,?DAT_1003794c@@3IA | ?DAT_1003794c@@3PAIA,
0x10037950,2,2,0,?DAT_10037950@@3IA | ?DAT_10037950@@3PAIA,
0x10037970,1,1,0,?DAT_10037970@@3PAXA,
0x10037974,1,1,0,?_DAT_10037974@@3IA,
0x10037978,1,1,0,?_DAT_10037978@@3IA,
0x10037980,2,2,0,?DAT_10037980@@3PAIA | ?DAT_10037980@@3PAXA,
0x10037984,2,2,0,?DAT_10037984@@3IA | ?DAT_10037984@@3PAIA,
0x10037988,2,2,0,?DAT_10037988@@3IA | ?DAT_10037988@@3PAIA,
0x100379a8,1,1,0,?DAT_100379a8@@3PAXA,
0x100379ac,1,1,0,?_DAT_100379ac@@3IA,
0x100379b0,1,1,0,?_DAT_100379b0@@3IA,
0x100379b8,2,2,0,?DAT_100379b8@@3PAIA | ?DAT_100379b8@@3PAXA,
0x100379bc,2,2,0,?DAT_100379bc@@3IA | ?DAT_100379bc@@3PAIA,
0x100379c0,2,2,0,?DAT_100379c0@@3IA | ?DAT_100379c0@@3PAIA,
0x100379e0,1,1,0,?DAT_100379e0@@3PAXA,
0x100379e4,1,1,0,?_DAT_100379e4@@3IA,
0x100379e8,1,1,0,?_DAT_100379e8@@3IA,
0x100379f0,2,2,0,?DAT_100379f0@@3PAIA | ?DAT_100379f0@@3PAXA,
0x100379f4,2,2,0,?DAT_100379f4@@3IA | ?DAT_100379f4@@3PAIA,
0x100379f8,2,2,0,?DAT_100379f8@@3IA | ?DAT_100379f8@@3PAIA,
0x10039570,1,2,0,_DAT_10039570,
0x10039580,1,1,0,_DAT_10039580,
0x10039590,1,1,0,_DAT_10039590,
0x100395c0,1,1,0,?DAT_100395c0@@3IA,
0x100395c4,1,1,0,?DAT_100395c4@@3IA,
0x100395c8,1,1,0,?DAT_100395c8@@3IA,
0x100395cc,1,1,0,?DAT_100395cc@@3IA,
0x100395d0,1,1,0,?DAT_100395d0@@3IA,
0x100395d4,1,1,0,?DAT_100395d4@@3IA,
0x100395d8,1,1,0,?DAT_100395d8@@3IA,
0x100395dc,1,1,0,?DAT_100395dc@@3IA,
0x100395e0,1,1,0,?DAT_100395e0@@3IA,
0x100395e4,1,1,0,?DAT_100395e4@@3IA,
0x100395e8,1,1,0,?DAT_100395e8@@3IA,
0x100395ec,1,1,0,?DAT_100395ec@@3IA,
0x10039698,1,2,0,_DAT_10039698,
0x100396d8,1,1,0,_DAT_100396d8,
0x100396f4,1,1,0,?DAT_100396f4@@3IA,
0x100397f8,1,2,0,_DAT_100397f8,
0x100399b8,1,1,0,?_DAT_100399b8@@3NA,
0x100399c8,1,1,0,?_DAT_100399c8@@3NA,
0x100399e0,1,1,0,?DAT_100399e0@@3UBadAllocStorage@@A,
0x100399ec,1,1,0,?_DAT_100399ec@@3IA,
0x100399f0,1,1,0,?DAT_100399f0@@3HA,
0x100399f4,2,2,0,?DAT_100399f4@@3PADA | _DAT_100399f4,
0x100399fc,1,1,0,_DAT_100399fc,
0x10039a00,1,4,0,_DAT_10039a00,
0x10039a04,1,2,0,?DAT_10039a04@@3IA,
0x10039a08,1,4,0,_DAT_10039a08,
0x10039a0c,1,1,0,_DAT_10039a0c,
0x10039a1c,1,1,0,_DAT_10039a1c,
0x10039a34,1,1,0,_DAT_10039a34,
0x10039a38,2,2,0,?DAT_10039a38@@3HA | _DAT_10039a38,
0x10039a3c,1,1,0,_DAT_10039a3c,
0x10039a40,2,3,0,?_DAT_10039a40@@3HA | ?_DAT_10039a40@@3IA,
0x10039a44,1,1,0,?DAT_10039a44@@3HA,
0x10039a48,1,1,0,?DAT_10039a48@@3PAHA,
0x10039a4c,1,2,0,?DAT_10039a4c@@3IA,
0x10039a50,1,1,0,?DAT_10039a50@@3HA,
0x10039a58,2,2,0,?DAT_10039a58@@3HA | _DAT_10039a58,
0x10039a5c,1,1,0,?DAT_10039a5c@@3GA,
0x10039a68,1,1,0,?_DAT_10039a68@@3IA,
0x10039a6c,1,1,0,?_DAT_10039a6c@@3IA,
0x10039a70,1,1,0,?_DAT_10039a70@@3IA,
0x10039a78,1,1,0,_DAT_10039a78,
0x10039a7c,1,3,0,?DAT_10039a7c@@3PAXA,
0x10039a80,1,1,0,_DAT_10039a80,
0x10039a84,2,5,0,?DAT_10039a84@@3HA | _DAT_10039a84,
0x10039a88,1,1,0,_DAT_10039a88,
0x10039b54,1,1,0,_DAT_10039b54,
0x10039b8c,1,1,0,_DAT_10039b8c,
0x10039b90,2,8,0,?DAT_10039b90@@3PAXA | _DAT_10039b90,
0x10039b98,1,1,0,_DAT_10039b98,
0x10039bca,1,1,0,_DAT_10039bca,
0x1003a1c0,2,2,0,?DAT_1003a1c0@@3PAXA | _DAT_1003a1c0,
0x1003a1c4,2,3,0,?DAT_1003a1c4@@3HA | _DAT_1003a1c4,
0x1003a1c8,1,1,0,_DAT_1003a1c8,
0x1003a318,1,2,0,_DAT_1003a318,
0x1003a31c,1,2,0,_DAT_1003a31c,
0x1003a320,1,2,0,_DAT_1003a320,
0x1003a324,1,3,0,_DAT_1003a324,
0x1003a328,1,2,0,_DAT_1003a328,
0x1003a334,1,1,0,?DAT_1003a334@@3IA,
0x1003a37c,1,1,0,_DAT_1003a37c,
0x1003a380,1,1,0,_DAT_1003a380,
0x1003a384,1,1,0,_DAT_1003a384,
0x1003a388,1,1,0,_DAT_1003a388,
0x1003a38c,1,1,0,_DAT_1003a38c,
0x1003a390,1,1,0,_DAT_1003a390,
0x1003a3e8,1,1,0,_DAT_1003a3e8,
0x1003a4a8,1,1,0,_DAT_1003a4a8,
0x1003a6bc,1,1,0,_DAT_1003a6bc,
0x1003a6c0,1,2,0,?DAT_1003a6c0@@3PAU_iobuf@@A,
0x1003a6c4,2,2,0,?DAT_1003a6c4@@3DA | ?DAT_1003a6c4@@3EA,
0x1003a6c5,2,2,0,?DAT_1003a6c5@@3DA | ?DAT_1003a6c5@@3EA,
0x1003a6c6,1,1,0,?DAT_1003a6c6@@3EA,
0x1003a6c8,1,2,0,?DAT_1003a6c8@@3PADA,
0x1003a8c8,2,4,0,?DAT_1003a8c8@@3DA | ?DAT_1003a8c8@@3PADA,
0x1003aac8,2,3,0,?DAT_1003aac8@@3HA | _DAT_1003aac8,
0x1003aacc,3,6,0,?DAT_1003aacc@@3HA | ?DAT_1003aacc@@3IA | _DAT_1003aacc,
0x1003aed8,2,2,0,?DAT_1003aed8@@3IA | _DAT_1003aed8,
0x1003aedc,2,2,0,?DAT_1003aedc@@3IC | ?DAT_1003aedc@@3PAEA,
0x1003aee0,1,1,0,?DAT_1003aee0@@3IC,
0x1003aee4,1,1,0,?DAT_1003aee4@@3IC,
0x1003aee8,1,1,0,?DAT_1003aee8@@3IC,
0x1003aeec,2,2,0,?DAT_1003aeec@@3DA | ?DAT_1003aeec@@3IC,
0x1003aef0,2,2,0,?DAT_1003aef0@@3DA | ?DAT_1003aef0@@3EC,
0x1003aef1,1,1,0,?DAT_1003aef1@@3DA,
0x1003aef3,1,1,0,?DAT_1003aef3@@3EA,
0x1003aef4,2,2,0,?DAT_1003aef4@@3HA | ?DAT_1003aef4@@3HC,
0x1003b6fc,1,1,0,?DAT_1003b6fc@@3HA,
0x1003b700,2,3,0,?DAT_1003b700@@3PAIA | _DAT_1003b700,
0x1003bbb0,2,2,0,?DAT_1003bbb0@@3IA | _DAT_1003bbb0,
0x1003bbb4,1,2,0,?DAT_1003bbb4@@3IA,
0x1003bbbc,1,1,0,?DAT_1003bbbc@@3HA,
0x1003bbc0,1,1,0,?_DAT_1003bbc0@@3PAHA,
0x1003bc00,1,1,0,?_DAT_1003bc00@@3HA,
0x1003bc04,1,1,0,?DAT_1003bc04@@3HA,
0x1003bc0c,1,1,0,?DAT_1003bc0c@@3HA,
0x1003bc18,1,1,0,?DAT_1003bc18@@3HA,
0x1003bc1c,2,5,0,?DAT_1003bc1c@@3IA | ?DAT_1003bc1c@@3MA,
0x1003bc20,1,1,0,?_DAT_1003bc20@@3IA,
0x1003bc24,1,1,0,?DAT_1003bc24@@3HA,
0x1003bc30,1,1,0,?_DAT_1003bc30@@3PAHA,
0x1003bc70,2,2,0,?DAT_1003bc70@@3IA | _DAT_1003bc70,
0x1003bc74,1,1,0,?DAT_1003bc74@@3HA,
0x1003bc78,2,2,0,?DAT_1003bc78@@3HA | ?DAT_1003bc78@@3IC,
0x1003bc7c,1,2,0,?DAT_1003bc7c@@3IA,
0x1003bd8c,2,3,0,?DAT_1003bd8c@@3GA | _DAT_1003bd8c,
0x1003bd90,1,1,0,?DAT_1003bd90@@3HA,
0x1003bd98,2,2,0,?DAT_1003bd98@@3IA | _DAT_1003bd98,
0x1003bd9c,2,2,0,?DAT_1003bd9c@@3HA | ?DAT_1003bd9c@@3PAUTexture@@A,
0x1003bda0,1,1,0,?DAT_1003bda0@@3PAUTexture@@A,
0x1003bda4,1,1,0,?DAT_1003bda4@@3PAUTexture@@A,
0x1003c1a8,1,1,0,?_DAT_1003c1a8@@3PAHA,
0x1003c1ec,1,1,0,?DAT_1003c1ec@@3IC,
0x1003c1f8,2,2,0,?DAT_1003c1f8@@3IA | ?DAT_1003c1f8@@3MA,
0x1003c1fc,2,2,0,?DAT_1003c1fc@@3HA | ?DAT_1003c1fc@@3HC,
0x1003c208,1,1,0,?_DAT_1003c208@@3PAHA,
0x1003c248,3,18,0,?DAT_1003c248@@3HA | ?DAT_1003c248@@3HC | _DAT_1003c248,
0x1003c24c,1,1,0,?_DAT_1003c24c@@3HA,
0x1003c250,1,1,0,?DAT_1003c250@@3HA,
0x1003c254,1,1,0,?DAT_1003c254@@3HA,
0x1003c25c,2,5,0,?DAT_1003c25c@@3PADA | _DAT_1003c25c,
0x1003c260,1,2,0,?_DAT_1003c260@@3HA,
0x1003c328,1,2,0,?DAT_1003c328@@3IA,
0x1003c36c,2,2,0,?DAT_1003c36c@@3PAIA | ?DAT_1003c36c@@3PAXA,
0x1003c370,2,2,0,?DAT_1003c370@@3IA | ?DAT_1003c370@@3PAIA,
0x1003c374,2,2,0,?DAT_1003c374@@3IA | ?DAT_1003c374@@3PAIA,
0x1003c37c,2,2,0,?DAT_1003c37c@@3PAIA | ?DAT_1003c37c@@3PAXA,
0x1003c380,2,2,0,?DAT_1003c380@@3IA | ?DAT_1003c380@@3PAIA,
0x1003c384,2,2,0,?DAT_1003c384@@3IA | ?DAT_1003c384@@3PAIA,
0x1003c390,3,18,0,?DAT_1003c390@@3HA | ?DAT_1003c390@@3IA | ?DAT_1003c390@@3PAIA,
0x1003c394,1,1,0,?DAT_1003c394@@3PAEA,
0x1003c398,3,6,1,?DAT_1003c398@@3IA | ?DAT_1003c398@@3PAPAXA | _DAT_1003c398,?DAT_1003c398@@3IA
0x1003c39c,3,5,0,?DAT_1003c39c@@3HA | ?DAT_1003c39c@@3IA | ?DAT_1003c39c@@3PAPAXA,
0x1003c3a0,2,6,0,?DAT_1003c3a0@@3HA | ?DAT_1003c3a0@@3PAPAXA,
0x1003c3a4,2,5,0,?DAT_1003c3a4@@3HA | ?DAT_1003c3a4@@3IA,
0x1003c3a8,3,6,0,?DAT_1003c3a8@@3HA | ?DAT_1003c3a8@@3IA | ?DAT_1003c3a8@@3PAPAXA,
0x1003c3ac,3,6,0,?DAT_1003c3ac@@3HA | ?DAT_1003c3ac@@3IA | ?DAT_1003c3ac@@3PAXA,
0x1003c3b4,4,7,0,?DAT_1003c3b4@@3HA | ?DAT_1003c3b4@@3IA | ?DAT_1003c3b4@@3PAPAEA | ?DAT_1003c3b4@@3PAPAXA,
0x1003c3b8,2,6,0,?DAT_1003c3b8@@3HA | ?DAT_1003c3b8@@3PAPAXA,
0x1003c3bc,2,6,0,?DAT_1003c3bc@@3HA | ?DAT_1003c3bc@@3PAPAIA,
0x1003c3c0,3,7,0,?DAT_1003c3c0@@3HA | ?DAT_1003c3c0@@3IA | ?DAT_1003c3c0@@3PAPAXA,
0x1003c3c4,3,7,0,?DAT_1003c3c4@@3HA | ?DAT_1003c3c4@@3IA | ?DAT_1003c3c4@@3PAPAXA,
0x1003c3c8,2,6,0,?DAT_1003c3c8@@3HA | ?DAT_1003c3c8@@3PAPAXA,
0x1003c3cc,1,1,0,?DAT_1003c3cc@@3PAPAIA,
0x1003c3d0,4,6,0,?DAT_1003c3d0@@3HA | ?DAT_1003c3d0@@3IA | ?DAT_1003c3d0@@3IC | ?DAT_1003c3d0@@3PAPAXA,
0x1003c3d4,3,6,0,?DAT_1003c3d4@@3HA | ?DAT_1003c3d4@@3IA | ?DAT_1003c3d4@@3PAPAXA,
0x1003c3d8,3,6,0,?DAT_1003c3d8@@3HA | ?DAT_1003c3d8@@3IA | ?DAT_1003c3d8@@3PAPAXA,
0x1003c3dc,4,6,0,?DAT_1003c3dc@@3HA | ?DAT_1003c3dc@@3IA | ?DAT_1003c3dc@@3PAEA | ?DAT_1003c3dc@@3PAPAXA,
0x1003c3e0,3,6,0,?DAT_1003c3e0@@3HA | ?DAT_1003c3e0@@3IA | ?DAT_1003c3e0@@3PAPAXA,
0x1003c3e4,1,5,0,?DAT_1003c3e4@@3HA,
0x1003c3e8,3,7,0,?DAT_1003c3e8@@3EA | ?DAT_1003c3e8@@3PAXA | _DAT_1003c3e8,
0x1003c3ec,3,8,0,?DAT_1003c3ec@@3PAEA | ?DAT_1003c3ec@@3PAHA | _DAT_1003c3ec,
0x1003c3f0,2,4,0,?DAT_1003c3f0@@3PBDB | ?_DAT_1003c3f0@@3PBDB,
0x1003c3f4,3,4,0,?DAT_1003c3f4@@3EA | ?DAT_1003c3f4@@3GA | ?_DAT_1003c3f4@@3GA,
0x1003c3f5,1,1,0,?DAT_1003c3f5@@3EA,
0x1003c3f6,3,4,0,?DAT_1003c3f6@@3EA | ?DAT_1003c3f6@@3GA | ?_DAT_1003c3f6@@3GA,
0x1003c3f7,1,1,0,?DAT_1003c3f7@@3EA,
0x1003c3f8,1,1,0,?DAT_1003c3f8@@3EA,
0x1003c3f9,1,1,0,?DAT_1003c3f9@@3EA,
0x1003c3fc,4,6,0,?DAT_1003c3fc@@3HA | ?_DAT_1003c3fc@@3HA | ?_DAT_1003c3fc@@3IA | _DAT_1003c3fc,
0x1003c400,2,4,0,?DAT_1003c400@@3HA | ?_DAT_1003c400@@3IA,
0x1003c404,1,4,0,_DAT_1003c404,
0x1003c408,1,1,0,_DAT_1003c408,
0x1003c40c,1,2,0,_DAT_1003c40c,
0x1003c410,1,1,0,_DAT_1003c410,
0x1003c414,2,6,0,?DAT_1003c414@@3IA | _DAT_1003c414,
0x1003c418,2,12,0,?DAT_1003c418@@3IA | _DAT_1003c418,
0x1003c420,5,29,0,?DAT_1003C420@@3PAPAEA | ?DAT_1003c420@@3PAEA | ?DAT_1003c420@@3PAPADA | ?DAT_1003c420@@3PAPAEA | _DAT_1003c420,
0x1003c520,2,4,0,?DAT_1003c520@@3PAPAUCRTStreamBlock_0x38@@A | _DAT_1003c520,
0x1003d540,2,3,0,?DAT_1003d540@@3HA | _DAT_1003d540,
0x1003d548,2,2,0,?DAT_1003d548@@3PAXA | _DAT_1003d548,
0x1003d54c,2,2,0,?DAT_1003d54c@@3PAXA | _DAT_1003d54c,
0x1003d550,1,3,0,_DAT_1003d550,
0x1003d554,1,1,0,_DAT_1003d554,
0x1003d558,2,2,0,?DAT_1003d558@@3PADA | _DAT_1003d558,
