address,section,storage_class,rva_in_section,virtual_size,raw_size,file_offset,initial_bytes
0x100220C4,.rdata,raw-backed,0xC4,0x6F44,0x7000,0x208C4,E2 8C 02 00
0x100220C8,.rdata,raw-backed,0xC8,0x6F44,0x7000,0x208C8,EC 8C 02 00
0x10022154,.rdata,raw-backed,0x154,0x6F44,0x7000,0x20954,00 00 00 00
0x100221B4,.rdata,raw-backed,0x1B4,0x6F44,0x7000,0x209B4,00 00 00 00
0x100221B8,.rdata,raw-backed,0x1B8,0x6F44,0x7000,0x209B8,00 00 00 00
0x100221D0,.rdata,raw-backed,0x1D0,0x6F44,0x7000,0x209D0,00 00 00 00
0x100221D4,.rdata,raw-backed,0x1D4,0x6F44,0x7000,0x209D4,00 00 00 00
0x100221E4,.rdata,raw-backed,0x1E4,0x6F44,0x7000,0x209E4,00 00 00 00
0x1002226C,.rdata,raw-backed,0x26C,0x6F44,0x7000,0x20A6C,63 73 6D E0
0x100226F0,.rdata,raw-backed,0x6F0,0x6F44,0x7000,0x20EF0,3D 00 00 00
0x10022710,.rdata,raw-backed,0x710,0x6F44,0x7000,0x20F10,06 00 00 06
0x10022770,.rdata,raw-backed,0x770,0x6F44,0x7000,0x20F70,05 00 00 C0
0x10022800,.rdata,raw-backed,0x800,0x6F44,0x7000,0x21000,03 00 00 00
0x10022804,.rdata,raw-backed,0x804,0x6F44,0x7000,0x21004,09 00 00 00
0x1002280C,.rdata,raw-backed,0x80C,0x6F44,0x7000,0x2100C,0C 00 00 00
0x10023090,.rdata,raw-backed,0x1090,0x6F44,0x7000,0x21890,02 00 00 00
0x100243DC,.rdata,raw-backed,0x23DC,0x6F44,0x7000,0x22BDC,5C 00 00 00
0x10024424,.rdata,raw-backed,0x2424,0x6F44,0x7000,0x22C24,6D 61 69 6E
0x10024650,.rdata,raw-backed,0x2650,0x6F44,0x7000,0x22E50,20 25 64 00
0x10024A14,.rdata,raw-backed,0x2A14,0x6F44,0x7000,0x23214,5F 6F 6E 00
0x10024E70,.rdata,raw-backed,0x2E70,0x6F44,0x7000,0x23670,00 00 00 00
0x10024E78,.rdata,raw-backed,0x2E78,0x6F44,0x7000,0x23678,00 00 00 00
0x10024E80,.rdata,raw-backed,0x2E80,0x6F44,0x7000,0x23680,1D E1 63 99
0x10024E88,.rdata,raw-backed,0x2E88,0x6F44,0x7000,0x23688,00 00 00 00
0x10024E90,.rdata,raw-backed,0x2E90,0x6F44,0x7000,0x23690,00 00 80 4F
0x10024E98,.rdata,raw-backed,0x2E98,0x6F44,0x7000,0x23698,00 00 00 00
0x10024EA0,.rdata,raw-backed,0x2EA0,0x6F44,0x7000,0x236A0,00 00 00 00
0x10024EA8,.rdata,raw-backed,0x2EA8,0x6F44,0x7000,0x236A8,00 00 C8 41
0x10024EB0,.rdata,raw-backed,0x2EB0,0x6F44,0x7000,0x236B0,00 00 00 00
0x10024EB8,.rdata,raw-backed,0x2EB8,0x6F44,0x7000,0x236B8,00 00 00 A0
0x10024EC0,.rdata,raw-backed,0x2EC0,0x6F44,0x7000,0x236C0,00 00 00 00
0x10024EC8,.rdata,raw-backed,0x2EC8,0x6F44,0x7000,0x236C8,00 00 00 40
0x10024ED0,.rdata,raw-backed,0x2ED0,0x6F44,0x7000,0x236D0,00 00 00 00
0x10024ED8,.rdata,raw-backed,0x2ED8,0x6F44,0x7000,0x236D8,CD CC 4C 3E
0x10024EE0,.rdata,raw-backed,0x2EE0,0x6F44,0x7000,0x236E0,9A 99 99 99
0x10024EEC,.rdata,raw-backed,0x2EEC,0x6F44,0x7000,0x236EC,33 33 33 3F
0x10024EF0,.rdata,raw-backed,0x2EF0,0x6F44,0x7000,0x236F0,33 33 33 33
0x10024EF8,.rdata,raw-backed,0x2EF8,0x6F44,0x7000,0x236F8,CD CC 8C 3F
0x10024F00,.rdata,raw-backed,0x2F00,0x6F44,0x7000,0x23700,9A 99 99 99
0x10024F08,.rdata,raw-backed,0x2F08,0x6F44,0x7000,0x23708,00 00 00 00
0x10024F10,.rdata,raw-backed,0x2F10,0x6F44,0x7000,0x23710,00 00 16 43
0x10024F14,.rdata,raw-backed,0x2F14,0x6F44,0x7000,0x23714,00 00 48 42
0x10024F28,.rdata,raw-backed,0x2F28,0x6F44,0x7000,0x23728,00 00 00 3F
0x10024F30,.rdata,raw-backed,0x2F30,0x6F44,0x7000,0x23730,00 00 00 00
0x10024F38,.rdata,raw-backed,0x2F38,0x6F44,0x7000,0x23738,00 00 00 BF
0x10024F3C,.rdata,raw-backed,0x2F3C,0x6F44,0x7000,0x2373C,66 66 06 40
0x10024F40,.rdata,raw-backed,0x2F40,0x6F44,0x7000,0x23740,00 00 20 40
0x10024F50,.rdata,raw-backed,0x2F50,0x6F44,0x7000,0x23750,00 00 A0 3F
0x10024F58,.rdata,raw-backed,0x2F58,0x6F44,0x7000,0x23758,9A 99 99 99
0x10024F60,.rdata,raw-backed,0x2F60,0x6F44,0x7000,0x23760,CD CC CC CC
0x10024F68,.rdata,raw-backed,0x2F68,0x6F44,0x7000,0x23768,CD CC 2C 40
0x10024F70,.rdata,raw-backed,0x2F70,0x6F44,0x7000,0x23770,00 00 00 00
0x10024F78,.rdata,raw-backed,0x2F78,0x6F44,0x7000,0x23778,00 00 00 00
0x10024F80,.rdata,raw-backed,0x2F80,0x6F44,0x7000,0x23780,00 00 00 00
0x10024F88,.rdata,raw-backed,0x2F88,0x6F44,0x7000,0x23788,00 00 00 00
0x10024F90,.rdata,raw-backed,0x2F90,0x6F44,0x7000,0x23790,00 00 83 4E
0x10024F94,.rdata,raw-backed,0x2F94,0x6F44,0x7000,0x23794,00 00 80 41
0x10024FA0,.rdata,raw-backed,0x2FA0,0x6F44,0x7000,0x237A0,7A 00 8B FC
0x10024FA8,.rdata,raw-backed,0x2FA8,0x6F44,0x7000,0x237A8,00 00 A5 43
0x10024FAC,.rdata,raw-backed,0x2FAC,0x6F44,0x7000,0x237AC,00 00 34 43
0x10024FB0,.rdata,raw-backed,0x2FB0,0x6F44,0x7000,0x237B0,00 00 00 00
0x10024FB8,.rdata,raw-backed,0x2FB8,0x6F44,0x7000,0x237B8,00 00 B4 43
0x10024FC0,.rdata,raw-backed,0x2FC0,0x6F44,0x7000,0x237C0,00 00 00 00
0x10024FC8,.rdata,raw-backed,0x2FC8,0x6F44,0x7000,0x237C8,00 00 C0 40
0x10024FD8,.rdata,raw-backed,0x2FD8,0x6F44,0x7000,0x237D8,00 00 00 00
0x10024FE0,.rdata,raw-backed,0x2FE0,0x6F44,0x7000,0x237E0,66 66 66 66
0x10024FE8,.rdata,raw-backed,0x2FE8,0x6F44,0x7000,0x237E8,00 00 00 00
0x10024FF0,.rdata,raw-backed,0x2FF0,0x6F44,0x7000,0x237F0,00 00 00 00
0x10024FF8,.rdata,raw-backed,0x2FF8,0x6F44,0x7000,0x237F8,00 00 00 C0
0x10025000,.rdata,raw-backed,0x3000,0x6F44,0x7000,0x23800,00 00 0C 42
0x10025010,.rdata,raw-backed,0x3010,0x6F44,0x7000,0x23810,00 00 00 00
0x10025018,.rdata,raw-backed,0x3018,0x6F44,0x7000,0x23818,00 00 00 00
0x10025020,.rdata,raw-backed,0x3020,0x6F44,0x7000,0x23820,00 00 00 00
0x10025028,.rdata,raw-backed,0x3028,0x6F44,0x7000,0x23828,00 00 00 00
0x10025810,.rdata,raw-backed,0x3810,0x6F44,0x7000,0x24010,55 55 55 55
0x10025820,.rdata,raw-backed,0x3820,0x6F44,0x7000,0x24020,11 11 11 11
0x10025830,.rdata,raw-backed,0x3830,0x6F44,0x7000,0x24030,1A A0 01 1A
0x10025840,.rdata,raw-backed,0x3840,0x6F44,0x7000,0x24040,34 C7 56 A5
0x10025850,.rdata,raw-backed,0x3850,0x6F44,0x7000,0x24050,83 C8 C9 6D
0x10025858,.rdata,raw-backed,0x3858,0x6F44,0x7000,0x24058,00 00 00 00
0x10025860,.rdata,raw-backed,0x3860,0x6F44,0x7000,0x24060,00 00 60 1A
0x10025870,.rdata,raw-backed,0x3870,0x6F44,0x7000,0x24070,00 00 40 54
0x10025878,.rdata,raw-backed,0x3878,0x6F44,0x7000,0x24078,73 70 03 2E
0x10025890,.rdata,raw-backed,0x3890,0x6F44,0x7000,0x24090,FF FF FF FF
0x100258B0,.rdata,raw-backed,0x38B0,0x6F44,0x7000,0x240B0,00 00 00 00
0x100258E8,.rdata,raw-backed,0x38E8,0x6F44,0x7000,0x240E8,7F 02 35 C2
0x100258EA,.rdata,raw-backed,0x38EA,0x6F44,0x7000,0x240EA,35 C2 68 21
0x10025930,.rdata,raw-backed,0x3930,0x6F44,0x7000,0x24130,00 00 00 00
0x10026130,.rdata,raw-backed,0x4130,0x6F44,0x7000,0x24930,55 55 55 55
0x10026140,.rdata,raw-backed,0x4140,0x6F44,0x7000,0x24940,11 11 11 11
0x10026150,.rdata,raw-backed,0x4150,0x6F44,0x7000,0x24950,1A A0 01 1A
0x10026160,.rdata,raw-backed,0x4160,0x6F44,0x7000,0x24960,34 C7 56 A5
0x10026170,.rdata,raw-backed,0x4170,0x6F44,0x7000,0x24970,83 C8 C9 6D
0x10026178,.rdata,raw-backed,0x4178,0x6F44,0x7000,0x24978,00 00 00 00
0x10026180,.rdata,raw-backed,0x4180,0x6F44,0x7000,0x24980,00 00 60 1A
0x10026190,.rdata,raw-backed,0x4190,0x6F44,0x7000,0x24990,00 00 40 54
0x10026198,.rdata,raw-backed,0x4198,0x6F44,0x7000,0x24998,73 70 03 2E
0x100261C0,.rdata,raw-backed,0x41C0,0x6F44,0x7000,0x249C0,00 00 00 00
0x100281AC,.rdata,raw-backed,0x61AC,0x6F44,0x7000,0x269AC,00 00 00 00
0x10028608,.rdata,raw-backed,0x6608,0x6F44,0x7000,0x26E08,00 00 00 00
0x10029060,.data,raw-backed,0x60,0x1455C,0x10A00,0x27860,01 00 00 00
0x100291C8,.data,raw-backed,0x1C8,0x1455C,0x10A00,0x279C8,0C 00 00 00
0x100291CC,.data,raw-backed,0x1CC,0x1455C,0x10A00,0x279CC,08 00 00 00
0x10029430,.data,raw-backed,0x430,0x1455C,0x10A00,0x27C30,00 00 00 00
0x10029450,.data,raw-backed,0x450,0x1455C,0x10A00,0x27C50,FF FF FF FF
0x10029490,.data,raw-backed,0x490,0x1455C,0x10A00,0x27C90,4E E6 40 BB
0x10029494,.data,raw-backed,0x494,0x1455C,0x10A00,0x27C94,B1 19 BF 44
0x100294A0,.data,raw-backed,0x4A0,0x1455C,0x10A00,0x27CA0,00 00 00 00
0x100296C0,.data,raw-backed,0x6C0,0x1455C,0x10A00,0x27EC0,00 00 00 00
0x100297C8,.data,raw-backed,0x7C8,0x1455C,0x10A00,0x27FC8,00 00 00 00
0x100298CC,.data,raw-backed,0x8CC,0x1455C,0x10A00,0x280CC,01 02 04 08
0x100298D0,.data,raw-backed,0x8D0,0x1455C,0x10A00,0x280D0,A4 03 00 00
0x100298E0,.data,raw-backed,0x8E0,0x1455C,0x10A00,0x280E0,A6 DF 00 00
0x100299C0,.data,raw-backed,0x9C0,0x1455C,0x10A00,0x281C0,FE FF FF FF
0x10029B30,.data,raw-backed,0xB30,0x1455C,0x10A00,0x28330,01 00 00 00
0x10029C0C,.data,raw-backed,0xC0C,0x1455C,0x10A00,0x2840C,FF FF FF FF
0x10029C10,.data,raw-backed,0xC10,0x1455C,0x10A00,0x28410,FF FF FF FF
0x10029C30,.data,raw-backed,0xC30,0x1455C,0x10A00,0x28430,00 00 00 00
0x10029D30,.data,raw-backed,0xD30,0x1455C,0x10A00,0x28530,02 00 00 00
0x10029D70,.data,raw-backed,0xD70,0x1455C,0x10A00,0x28570,00 00 00 00
0x10029D74,.data,raw-backed,0xD74,0x1455C,0x10A00,0x28574,01 00 00 00
0x10029F10,.data,raw-backed,0xF10,0x1455C,0x10A00,0x28710,FE FF FF FF
0x100374BC,.data,raw-backed,0xE4BC,0x1455C,0x10A00,0x35CBC,FF 00 00 00
0x100374C0,.data,raw-backed,0xE4C0,0x1455C,0x10A00,0x35CC0,FF AF 00 00
0x10037594,.data,raw-backed,0xE594,0x1455C,0x10A00,0x35D94,F0 E3 B4 00
0x1003759C,.data,raw-backed,0xE59C,0x1455C,0x10A00,0x35D9C,C8 B0 A9 00
0x100375B8,.data,raw-backed,0xE5B8,0x1455C,0x10A00,0x35DB8,00 00 00 00
0x100375BC,.data,raw-backed,0xE5BC,0x1455C,0x10A00,0x35DBC,00 00 00 00
0x100375C0,.data,raw-backed,0xE5C0,0x1455C,0x10A00,0x35DC0,00 00 00 00
0x100375C8,.data,raw-backed,0xE5C8,0x1455C,0x10A00,0x35DC8,00 00 00 00
0x100375CC,.data,raw-backed,0xE5CC,0x1455C,0x10A00,0x35DCC,00 00 00 00
0x100375D0,.data,raw-backed,0xE5D0,0x1455C,0x10A00,0x35DD0,00 00 00 00
0x100375F0,.data,raw-backed,0xE5F0,0x1455C,0x10A00,0x35DF0,00 00 00 00
0x100375F4,.data,raw-backed,0xE5F4,0x1455C,0x10A00,0x35DF4,00 00 00 00
0x100375F8,.data,raw-backed,0xE5F8,0x1455C,0x10A00,0x35DF8,00 00 00 00
0x10037600,.data,raw-backed,0xE600,0x1455C,0x10A00,0x35E00,00 00 00 00
0x10037604,.data,raw-backed,0xE604,0x1455C,0x10A00,0x35E04,00 00 00 00
0x10037608,.data,raw-backed,0xE608,0x1455C,0x10A00,0x35E08,00 00 00 00
0x10037628,.data,raw-backed,0xE628,0x1455C,0x10A00,0x35E28,00 00 00 00
0x1003762C,.data,raw-backed,0xE62C,0x1455C,0x10A00,0x35E2C,00 00 00 00
0x10037630,.data,raw-backed,0xE630,0x1455C,0x10A00,0x35E30,00 00 00 00
0x10037638,.data,raw-backed,0xE638,0x1455C,0x10A00,0x35E38,00 00 00 00
0x1003763C,.data,raw-backed,0xE63C,0x1455C,0x10A00,0x35E3C,00 00 00 00
0x10037640,.data,raw-backed,0xE640,0x1455C,0x10A00,0x35E40,00 00 00 00
0x10037698,.data,raw-backed,0xE698,0x1455C,0x10A00,0x35E98,00 00 00 00
0x1003769C,.data,raw-backed,0xE69C,0x1455C,0x10A00,0x35E9C,00 00 00 00
0x100376A0,.data,raw-backed,0xE6A0,0x1455C,0x10A00,0x35EA0,00 00 00 00
0x100376A8,.data,raw-backed,0xE6A8,0x1455C,0x10A00,0x35EA8,00 00 00 00
0x100376AC,.data,raw-backed,0xE6AC,0x1455C,0x10A00,0x35EAC,00 00 00 00
0x100376B0,.data,raw-backed,0xE6B0,0x1455C,0x10A00,0x35EB0,00 00 00 00
0x100376D0,.data,raw-backed,0xE6D0,0x1455C,0x10A00,0x35ED0,00 00 00 00
0x100376D4,.data,raw-backed,0xE6D4,0x1455C,0x10A00,0x35ED4,00 00 00 00
0x100376D8,.data,raw-backed,0xE6D8,0x1455C,0x10A00,0x35ED8,00 00 00 00
0x100376E0,.data,raw-backed,0xE6E0,0x1455C,0x10A00,0x35EE0,00 00 00 00
0x100376E4,.data,raw-backed,0xE6E4,0x1455C,0x10A00,0x35EE4,00 00 00 00
0x100376E8,.data,raw-backed,0xE6E8,0x1455C,0x10A00,0x35EE8,00 00 00 00
0x10037708,.data,raw-backed,0xE708,0x1455C,0x10A00,0x35F08,00 00 00 00
0x1003770C,.data,raw-backed,0xE70C,0x1455C,0x10A00,0x35F0C,00 00 00 00
0x10037710,.data,raw-backed,0xE710,0x1455C,0x10A00,0x35F10,00 00 00 00
0x10037718,.data,raw-backed,0xE718,0x1455C,0x10A00,0x35F18,00 00 00 00
0x1003771C,.data,raw-backed,0xE71C,0x1455C,0x10A00,0x35F1C,00 00 00 00
0x10037720,.data,raw-backed,0xE720,0x1455C,0x10A00,0x35F20,00 00 00 00
0x10037740,.data,raw-backed,0xE740,0x1455C,0x10A00,0x35F40,00 00 00 00
0x10037744,.data,raw-backed,0xE744,0x1455C,0x10A00,0x35F44,00 00 00 00
0x10037748,.data,raw-backed,0xE748,0x1455C,0x10A00,0x35F48,00 00 00 00
0x10037750,.data,raw-backed,0xE750,0x1455C,0x10A00,0x35F50,00 00 00 00
0x10037754,.data,raw-backed,0xE754,0x1455C,0x10A00,0x35F54,00 00 00 00
0x10037758,.data,raw-backed,0xE758,0x1455C,0x10A00,0x35F58,00 00 00 00
0x10037778,.data,raw-backed,0xE778,0x1455C,0x10A00,0x35F78,00 00 00 00
0x1003777C,.data,raw-backed,0xE77C,0x1455C,0x10A00,0x35F7C,00 00 00 00
0x10037780,.data,raw-backed,0xE780,0x1455C,0x10A00,0x35F80,00 00 00 00
0x10037788,.data,raw-backed,0xE788,0x1455C,0x10A00,0x35F88,00 00 00 00
0x1003778C,.data,raw-backed,0xE78C,0x1455C,0x10A00,0x35F8C,00 00 00 00
0x10037790,.data,raw-backed,0xE790,0x1455C,0x10A00,0x35F90,00 00 00 00
0x100377B0,.data,raw-backed,0xE7B0,0x1455C,0x10A00,0x35FB0,00 00 00 00
0x100377B4,.data,raw-backed,0xE7B4,0x1455C,0x10A00,0x35FB4,00 00 00 00
0x100377B8,.data,raw-backed,0xE7B8,0x1455C,0x10A00,0x35FB8,00 00 00 00
0x100377C0,.data,raw-backed,0xE7C0,0x1455C,0x10A00,0x35FC0,00 00 00 00
0x100377C4,.data,raw-backed,0xE7C4,0x1455C,0x10A00,0x35FC4,00 00 00 00
0x100377C8,.data,raw-backed,0xE7C8,0x1455C,0x10A00,0x35FC8,00 00 00 00
0x100377E8,.data,raw-backed,0xE7E8,0x1455C,0x10A00,0x35FE8,00 00 00 00
0x100377EC,.data,raw-backed,0xE7EC,0x1455C,0x10A00,0x35FEC,00 00 00 00
0x100377F0,.data,raw-backed,0xE7F0,0x1455C,0x10A00,0x35FF0,00 00 00 00
0x100377F8,.data,raw-backed,0xE7F8,0x1455C,0x10A00,0x35FF8,00 00 00 00
0x100377FC,.data,raw-backed,0xE7FC,0x1455C,0x10A00,0x35FFC,00 00 00 00
0x10037800,.data,raw-backed,0xE800,0x1455C,0x10A00,0x36000,00 00 00 00
0x10037820,.data,raw-backed,0xE820,0x1455C,0x10A00,0x36020,00 00 00 00
0x10037824,.data,raw-backed,0xE824,0x1455C,0x10A00,0x36024,00 00 00 00
0x10037828,.data,raw-backed,0xE828,0x1455C,0x10A00,0x36028,00 00 00 00
0x10037830,.data,raw-backed,0xE830,0x1455C,0x10A00,0x36030,00 00 00 00
0x10037834,.data,raw-backed,0xE834,0x1455C,0x10A00,0x36034,00 00 00 00
0x10037838,.data,raw-backed,0xE838,0x1455C,0x10A00,0x36038,00 00 00 00
0x10037858,.data,raw-backed,0xE858,0x1455C,0x10A00,0x36058,00 00 00 00
0x1003785C,.data,raw-backed,0xE85C,0x1455C,0x10A00,0x3605C,00 00 00 00
0x10037860,.data,raw-backed,0xE860,0x1455C,0x10A00,0x36060,00 00 00 00
0x10037868,.data,raw-backed,0xE868,0x1455C,0x10A00,0x36068,00 00 00 00
0x1003786C,.data,raw-backed,0xE86C,0x1455C,0x10A00,0x3606C,00 00 00 00
0x10037870,.data,raw-backed,0xE870,0x1455C,0x10A00,0x36070,00 00 00 00
0x10037890,.data,raw-backed,0xE890,0x1455C,0x10A00,0x36090,00 00 00 00
0x10037894,.data,raw-backed,0xE894,0x1455C,0x10A00,0x36094,00 00 00 00
0x10037898,.data,raw-backed,0xE898,0x1455C,0x10A00,0x36098,00 00 00 00
0x100378A0,.data,raw-backed,0xE8A0,0x1455C,0x10A00,0x360A0,00 00 00 00
0x100378A4,.data,raw-backed,0xE8A4,0x1455C,0x10A00,0x360A4,00 00 00 00
0x100378A8,.data,raw-backed,0xE8A8,0x1455C,0x10A00,0x360A8,00 00 00 00
0x100378C8,.data,raw-backed,0xE8C8,0x1455C,0x10A00,0x360C8,00 00 00 00
0x100378CC,.data,raw-backed,0xE8CC,0x1455C,0x10A00,0x360CC,00 00 00 00
0x100378D0,.data,raw-backed,0xE8D0,0x1455C,0x10A00,0x360D0,00 00 00 00
0x100378D8,.data,raw-backed,0xE8D8,0x1455C,0x10A00,0x360D8,00 00 00 00
0x100378DC,.data,raw-backed,0xE8DC,0x1455C,0x10A00,0x360DC,00 00 00 00
0x100378E0,.data,raw-backed,0xE8E0,0x1455C,0x10A00,0x360E0,00 00 00 00
0x10037900,.data,raw-backed,0xE900,0x1455C,0x10A00,0x36100,00 00 00 00
0x10037904,.data,raw-backed,0xE904,0x1455C,0x10A00,0x36104,00 00 00 00
0x10037908,.data,raw-backed,0xE908,0x1455C,0x10A00,0x36108,00 00 00 00
0x10037910,.data,raw-backed,0xE910,0x1455C,0x10A00,0x36110,00 00 00 00
0x10037914,.data,raw-backed,0xE914,0x1455C,0x10A00,0x36114,00 00 00 00
0x10037918,.data,raw-backed,0xE918,0x1455C,0x10A00,0x36118,00 00 00 00
0x10037938,.data,raw-backed,0xE938,0x1455C,0x10A00,0x36138,00 00 00 00
0x1003793C,.data,raw-backed,0xE93C,0x1455C,0x10A00,0x3613C,00 00 00 00
0x10037940,.data,raw-backed,0xE940,0x1455C,0x10A00,0x36140,00 00 00 00
0x10037948,.data,raw-backed,0xE948,0x1455C,0x10A00,0x36148,00 00 00 00
0x1003794C,.data,raw-backed,0xE94C,0x1455C,0x10A00,0x3614C,00 00 00 00
0x10037950,.data,raw-backed,0xE950,0x1455C,0x10A00,0x36150,00 00 00 00
0x10037970,.data,raw-backed,0xE970,0x1455C,0x10A00,0x36170,00 00 00 00
0x10037974,.data,raw-backed,0xE974,0x1455C,0x10A00,0x36174,00 00 00 00
0x10037978,.data,raw-backed,0xE978,0x1455C,0x10A00,0x36178,00 00 00 00
0x10037980,.data,raw-backed,0xE980,0x1455C,0x10A00,0x36180,00 00 00 00
0x10037984,.data,raw-backed,0xE984,0x1455C,0x10A00,0x36184,00 00 00 00
0x10037988,.data,raw-backed,0xE988,0x1455C,0x10A00,0x36188,00 00 00 00
0x100379A8,.data,raw-backed,0xE9A8,0x1455C,0x10A00,0x361A8,00 00 00 00
0x100379AC,.data,raw-backed,0xE9AC,0x1455C,0x10A00,0x361AC,00 00 00 00
0x100379B0,.data,raw-backed,0xE9B0,0x1455C,0x10A00,0x361B0,00 00 00 00
0x100379B8,.data,raw-backed,0xE9B8,0x1455C,0x10A00,0x361B8,00 00 00 00
0x100379BC,.data,raw-backed,0xE9BC,0x1455C,0x10A00,0x361BC,00 00 00 00
0x100379C0,.data,raw-backed,0xE9C0,0x1455C,0x10A00,0x361C0,00 00 00 00
0x100379E0,.data,raw-backed,0xE9E0,0x1455C,0x10A00,0x361E0,00 00 00 00
0x100379E4,.data,raw-backed,0xE9E4,0x1455C,0x10A00,0x361E4,00 00 00 00
0x100379E8,.data,raw-backed,0xE9E8,0x1455C,0x10A00,0x361E8,00 00 00 00
0x100379F0,.data,raw-backed,0xE9F0,0x1455C,0x10A00,0x361F0,00 00 00 00
0x100379F4,.data,raw-backed,0xE9F4,0x1455C,0x10A00,0x361F4,00 00 00 00
0x100379F8,.data,raw-backed,0xE9F8,0x1455C,0x10A00,0x361F8,00 00 00 00
0x10039570,.data,raw-backed,0x10570,0x1455C,0x10A00,0x37D70,73 69 6E 00
0x10039580,.data,raw-backed,0x10580,0x1455C,0x10A00,0x37D80,63 6F 73 00
0x10039590,.data,raw-backed,0x10590,0x1455C,0x10A00,0x37D90,73 71 72 74
0x100395C0,.data,raw-backed,0x105C0,0x1455C,0x10A00,0x37DC0,00 04 00 00
0x100395C4,.data,raw-backed,0x105C4,0x1455C,0x10A00,0x37DC4,01 FC FF FF
0x100395C8,.data,raw-backed,0x105C8,0x1455C,0x10A00,0x37DC8,35 00 00 00
0x100395CC,.data,raw-backed,0x105CC,0x1455C,0x10A00,0x37DCC,0B 00 00 00
0x100395D0,.data,raw-backed,0x105D0,0x1455C,0x10A00,0x37DD0,40 00 00 00
0x100395D4,.data,raw-backed,0x105D4,0x1455C,0x10A00,0x37DD4,FF 03 00 00
0x100395D8,.data,raw-backed,0x105D8,0x1455C,0x10A00,0x37DD8,80 00 00 00
0x100395DC,.data,raw-backed,0x105DC,0x1455C,0x10A00,0x37DDC,81 FF FF FF
0x100395E0,.data,raw-backed,0x105E0,0x1455C,0x10A00,0x37DE0,18 00 00 00
0x100395E4,.data,raw-backed,0x105E4,0x1455C,0x10A00,0x37DE4,08 00 00 00
0x100395E8,.data,raw-backed,0x105E8,0x1455C,0x10A00,0x37DE8,20 00 00 00
0x100395EC,.data,raw-backed,0x105EC,0x1455C,0x10A00,0x37DEC,7F 00 00 00
0x10039698,.data,raw-backed,0x10698,0x1455C,0x10A00,0x37E98,18 00 00 00
0x100396D8,.data,raw-backed,0x106D8,0x1455C,0x10A00,0x37ED8,94 26 00 00
0x100396F4,.data,raw-backed,0x106F4,0x1455C,0x10A00,0x37EF4,01 00 00 00
0x100397F8,.data,raw-backed,0x107F8,0x1455C,0x10A00,0x37FF8,0E A6 AE A0
0x100399B8,.data,raw-backed,0x109B8,0x1455C,0x10A00,0x381B8,00 00 00 00
0x100399C8,.data,raw-backed,0x109C8,0x1455C,0x10A00,0x381C8,FF FF FF FF
0x100399E0,.data,raw-backed,0x109E0,0x1455C,0x10A00,0x381E0,00 00 00 00
0x100399EC,.data,raw-backed,0x109EC,0x1455C,0x10A00,0x381EC,00 00 00 00
0x100399F0,.data,raw-backed,0x109F0,0x1455C,0x10A00,0x381F0,00 00 00 00
0x100399F4,.data,raw-backed,0x109F4,0x1455C,0x10A00,0x381F4,00 00 00 00
0x100399FC,.data,raw-backed,0x109FC,0x1455C,0x10A00,0x381FC,00 00 00 00
0x10039A00,.data,virtual-zero-fill,0x10A00,0x1455C,0x10A00,,00 00 00 00
0x10039A04,.data,virtual-zero-fill,0x10A04,0x1455C,0x10A00,,00 00 00 00
0x10039A08,.data,virtual-zero-fill,0x10A08,0x1455C,0x10A00,,00 00 00 00
0x10039A0C,.data,virtual-zero-fill,0x10A0C,0x1455C,0x10A00,,00 00 00 00
0x10039A1C,.data,virtual-zero-fill,0x10A1C,0x1455C,0x10A00,,00 00 00 00
0x10039A34,.data,virtual-zero-fill,0x10A34,0x1455C,0x10A00,,00 00 00 00
0x10039A38,.data,virtual-zero-fill,0x10A38,0x1455C,0x10A00,,00 00 00 00
0x10039A3C,.data,virtual-zero-fill,0x10A3C,0x1455C,0x10A00,,00 00 00 00
0x10039A40,.data,virtual-zero-fill,0x10A40,0x1455C,0x10A00,,00 00 00 00
0x10039A44,.data,virtual-zero-fill,0x10A44,0x1455C,0x10A00,,00 00 00 00
0x10039A48,.data,virtual-zero-fill,0x10A48,0x1455C,0x10A00,,00 00 00 00
0x10039A4C,.data,virtual-zero-fill,0x10A4C,0x1455C,0x10A00,,00 00 00 00
0x10039A50,.data,virtual-zero-fill,0x10A50,0x1455C,0x10A00,,00 00 00 00
0x10039A58,.data,virtual-zero-fill,0x10A58,0x1455C,0x10A00,,00 00 00 00
0x10039A5C,.data,virtual-zero-fill,0x10A5C,0x1455C,0x10A00,,00 00 00 00
0x10039A68,.data,virtual-zero-fill,0x10A68,0x1455C,0x10A00,,00 00 00 00
0x10039A6C,.data,virtual-zero-fill,0x10A6C,0x1455C,0x10A00,,00 00 00 00
0x10039A70,.data,virtual-zero-fill,0x10A70,0x1455C,0x10A00,,00 00 00 00
0x10039A78,.data,virtual-zero-fill,0x10A78,0x1455C,0x10A00,,00 00 00 00
0x10039A7C,.data,virtual-zero-fill,0x10A7C,0x1455C,0x10A00,,00 00 00 00
0x10039A80,.data,virtual-zero-fill,0x10A80,0x1455C,0x10A00,,00 00 00 00
0x10039A84,.data,virtual-zero-fill,0x10A84,0x1455C,0x10A00,,00 00 00 00
0x10039A88,.data,virtual-zero-fill,0x10A88,0x1455C,0x10A00,,00 00 00 00
0x10039B54,.data,virtual-zero-fill,0x10B54,0x1455C,0x10A00,,00 00 00 00
0x10039B8C,.data,virtual-zero-fill,0x10B8C,0x1455C,0x10A00,,00 00 00 00
0x10039B90,.data,virtual-zero-fill,0x10B90,0x1455C,0x10A00,,00 00 00 00
0x10039B98,.data,virtual-zero-fill,0x10B98,0x1455C,0x10A00,,00 00 00 00
0x10039BCA,.data,virtual-zero-fill,0x10BCA,0x1455C,0x10A00,,00 00 00 00
0x1003A1C0,.data,virtual-zero-fill,0x111C0,0x1455C,0x10A00,,00 00 00 00
0x1003A1C4,.data,virtual-zero-fill,0x111C4,0x1455C,0x10A00,,00 00 00 00
0x1003A1C8,.data,virtual-zero-fill,0x111C8,0x1455C,0x10A00,,00 00 00 00
0x1003A318,.data,virtual-zero-fill,0x11318,0x1455C,0x10A00,,00 00 00 00
0x1003A31C,.data,virtual-zero-fill,0x1131C,0x1455C,0x10A00,,00 00 00 00
0x1003A320,.data,virtual-zero-fill,0x11320,0x1455C,0x10A00,,00 00 00 00
0x1003A324,.data,virtual-zero-fill,0x11324,0x1455C,0x10A00,,00 00 00 00
0x1003A328,.data,virtual-zero-fill,0x11328,0x1455C,0x10A00,,00 00 00 00
0x1003A334,.data,virtual-zero-fill,0x11334,0x1455C,0x10A00,,00 00 00 00
0x1003A37C,.data,virtual-zero-fill,0x1137C,0x1455C,0x10A00,,00 00 00 00
0x1003A380,.data,virtual-zero-fill,0x11380,0x1455C,0x10A00,,00 00 00 00
0x1003A384,.data,virtual-zero-fill,0x11384,0x1455C,0x10A00,,00 00 00 00
0x1003A388,.data,virtual-zero-fill,0x11388,0x1455C,0x10A00,,00 00 00 00
0x1003A38C,.data,virtual-zero-fill,0x1138C,0x1455C,0x10A00,,00 00 00 00
0x1003A390,.data,virtual-zero-fill,0x11390,0x1455C,0x10A00,,00 00 00 00
0x1003A3E8,.data,virtual-zero-fill,0x113E8,0x1455C,0x10A00,,00 00 00 00
0x1003A4A8,.data,virtual-zero-fill,0x114A8,0x1455C,0x10A00,,00 00 00 00
0x1003A6BC,.data,virtual-zero-fill,0x116BC,0x1455C,0x10A00,,00 00 00 00
0x1003A6C0,.data,virtual-zero-fill,0x116C0,0x1455C,0x10A00,,00 00 00 00
0x1003A6C4,.data,virtual-zero-fill,0x116C4,0x1455C,0x10A00,,00 00 00 00
0x1003A6C5,.data,virtual-zero-fill,0x116C5,0x1455C,0x10A00,,00 00 00 00
0x1003A6C6,.data,virtual-zero-fill,0x116C6,0x1455C,0x10A00,,00 00 00 00
0x1003A6C8,.data,virtual-zero-fill,0x116C8,0x1455C,0x10A00,,00 00 00 00
0x1003A8C8,.data,virtual-zero-fill,0x118C8,0x1455C,0x10A00,,00 00 00 00
0x1003AAC8,.data,virtual-zero-fill,0x11AC8,0x1455C,0x10A00,,00 00 00 00
0x1003AACC,.data,virtual-zero-fill,0x11ACC,0x1455C,0x10A00,,00 00 00 00
0x1003AED8,.data,virtual-zero-fill,0x11ED8,0x1455C,0x10A00,,00 00 00 00
0x1003AEDC,.data,virtual-zero-fill,0x11EDC,0x1455C,0x10A00,,00 00 00 00
0x1003AEE0,.data,virtual-zero-fill,0x11EE0,0x1455C,0x10A00,,00 00 00 00
0x1003AEE4,.data,virtual-zero-fill,0x11EE4,0x1455C,0x10A00,,00 00 00 00
0x1003AEE8,.data,virtual-zero-fill,0x11EE8,0x1455C,0x10A00,,00 00 00 00
0x1003AEEC,.data,virtual-zero-fill,0x11EEC,0x1455C,0x10A00,,00 00 00 00
0x1003AEF0,.data,virtual-zero-fill,0x11EF0,0x1455C,0x10A00,,00 00 00 00
0x1003AEF1,.data,virtual-zero-fill,0x11EF1,0x1455C,0x10A00,,00 00 00 00
0x1003AEF3,.data,virtual-zero-fill,0x11EF3,0x1455C,0x10A00,,00 00 00 00
0x1003AEF4,.data,virtual-zero-fill,0x11EF4,0x1455C,0x10A00,,00 00 00 00
0x1003B6FC,.data,virtual-zero-fill,0x126FC,0x1455C,0x10A00,,00 00 00 00
0x1003B700,.data,virtual-zero-fill,0x12700,0x1455C,0x10A00,,00 00 00 00
0x1003BBB0,.data,virtual-zero-fill,0x12BB0,0x1455C,0x10A00,,00 00 00 00
0x1003BBB4,.data,virtual-zero-fill,0x12BB4,0x1455C,0x10A00,,00 00 00 00
0x1003BBBC,.data,virtual-zero-fill,0x12BBC,0x1455C,0x10A00,,00 00 00 00
0x1003BBC0,.data,virtual-zero-fill,0x12BC0,0x1455C,0x10A00,,00 00 00 00
0x1003BC00,.data,virtual-zero-fill,0x12C00,0x1455C,0x10A00,,00 00 00 00
0x1003BC04,.data,virtual-zero-fill,0x12C04,0x1455C,0x10A00,,00 00 00 00
0x1003BC0C,.data,virtual-zero-fill,0x12C0C,0x1455C,0x10A00,,00 00 00 00
0x1003BC18,.data,virtual-zero-fill,0x12C18,0x1455C,0x10A00,,00 00 00 00
0x1003BC1C,.data,virtual-zero-fill,0x12C1C,0x1455C,0x10A00,,00 00 00 00
0x1003BC20,.data,virtual-zero-fill,0x12C20,0x1455C,0x10A00,,00 00 00 00
0x1003BC24,.data,virtual-zero-fill,0x12C24,0x1455C,0x10A00,,00 00 00 00
0x1003BC30,.data,virtual-zero-fill,0x12C30,0x1455C,0x10A00,,00 00 00 00
0x1003BC70,.data,virtual-zero-fill,0x12C70,0x1455C,0x10A00,,00 00 00 00
0x1003BC74,.data,virtual-zero-fill,0x12C74,0x1455C,0x10A00,,00 00 00 00
0x1003BC78,.data,virtual-zero-fill,0x12C78,0x1455C,0x10A00,,00 00 00 00
0x1003BC7C,.data,virtual-zero-fill,0x12C7C,0x1455C,0x10A00,,00 00 00 00
0x1003BD8C,.data,virtual-zero-fill,0x12D8C,0x1455C,0x10A00,,00 00 00 00
0x1003BD90,.data,virtual-zero-fill,0x12D90,0x1455C,0x10A00,,00 00 00 00
0x1003BD98,.data,virtual-zero-fill,0x12D98,0x1455C,0x10A00,,00 00 00 00
0x1003BD9C,.data,virtual-zero-fill,0x12D9C,0x1455C,0x10A00,,00 00 00 00
0x1003BDA0,.data,virtual-zero-fill,0x12DA0,0x1455C,0x10A00,,00 00 00 00
0x1003BDA4,.data,virtual-zero-fill,0x12DA4,0x1455C,0x10A00,,00 00 00 00
0x1003C1A8,.data,virtual-zero-fill,0x131A8,0x1455C,0x10A00,,00 00 00 00
0x1003C1EC,.data,virtual-zero-fill,0x131EC,0x1455C,0x10A00,,00 00 00 00
0x1003C1F8,.data,virtual-zero-fill,0x131F8,0x1455C,0x10A00,,00 00 00 00
0x1003C1FC,.data,virtual-zero-fill,0x131FC,0x1455C,0x10A00,,00 00 00 00
0x1003C208,.data,virtual-zero-fill,0x13208,0x1455C,0x10A00,,00 00 00 00
0x1003C248,.data,virtual-zero-fill,0x13248,0x1455C,0x10A00,,00 00 00 00
0x1003C24C,.data,virtual-zero-fill,0x1324C,0x1455C,0x10A00,,00 00 00 00
0x1003C250,.data,virtual-zero-fill,0x13250,0x1455C,0x10A00,,00 00 00 00
0x1003C254,.data,virtual-zero-fill,0x13254,0x1455C,0x10A00,,00 00 00 00
0x1003C25C,.data,virtual-zero-fill,0x1325C,0x1455C,0x10A00,,00 00 00 00
0x1003C260,.data,virtual-zero-fill,0x13260,0x1455C,0x10A00,,00 00 00 00
0x1003C328,.data,virtual-zero-fill,0x13328,0x1455C,0x10A00,,00 00 00 00
0x1003C36C,.data,virtual-zero-fill,0x1336C,0x1455C,0x10A00,,00 00 00 00
0x1003C370,.data,virtual-zero-fill,0x13370,0x1455C,0x10A00,,00 00 00 00
0x1003C374,.data,virtual-zero-fill,0x13374,0x1455C,0x10A00,,00 00 00 00
0x1003C37C,.data,virtual-zero-fill,0x1337C,0x1455C,0x10A00,,00 00 00 00
0x1003C380,.data,virtual-zero-fill,0x13380,0x1455C,0x10A00,,00 00 00 00
0x1003C384,.data,virtual-zero-fill,0x13384,0x1455C,0x10A00,,00 00 00 00
0x1003C390,.data,virtual-zero-fill,0x13390,0x1455C,0x10A00,,00 00 00 00
0x1003C394,.data,virtual-zero-fill,0x13394,0x1455C,0x10A00,,00 00 00 00
0x1003C398,.data,virtual-zero-fill,0x13398,0x1455C,0x10A00,,00 00 00 00
0x1003C39C,.data,virtual-zero-fill,0x1339C,0x1455C,0x10A00,,00 00 00 00
0x1003C3A0,.data,virtual-zero-fill,0x133A0,0x1455C,0x10A00,,00 00 00 00
0x1003C3A4,.data,virtual-zero-fill,0x133A4,0x1455C,0x10A00,,00 00 00 00
0x1003C3A8,.data,virtual-zero-fill,0x133A8,0x1455C,0x10A00,,00 00 00 00
0x1003C3AC,.data,virtual-zero-fill,0x133AC,0x1455C,0x10A00,,00 00 00 00
0x1003C3B4,.data,virtual-zero-fill,0x133B4,0x1455C,0x10A00,,00 00 00 00
0x1003C3B8,.data,virtual-zero-fill,0x133B8,0x1455C,0x10A00,,00 00 00 00
0x1003C3BC,.data,virtual-zero-fill,0x133BC,0x1455C,0x10A00,,00 00 00 00
0x1003C3C0,.data,virtual-zero-fill,0x133C0,0x1455C,0x10A00,,00 00 00 00
0x1003C3C4,.data,virtual-zero-fill,0x133C4,0x1455C,0x10A00,,00 00 00 00
0x1003C3C8,.data,virtual-zero-fill,0x133C8,0x1455C,0x10A00,,00 00 00 00
0x1003C3CC,.data,virtual-zero-fill,0x133CC,0x1455C,0x10A00,,00 00 00 00
0x1003C3D0,.data,virtual-zero-fill,0x133D0,0x1455C,0x10A00,,00 00 00 00
0x1003C3D4,.data,virtual-zero-fill,0x133D4,0x1455C,0x10A00,,00 00 00 00
0x1003C3D8,.data,virtual-zero-fill,0x133D8,0x1455C,0x10A00,,00 00 00 00
0x1003C3DC,.data,virtual-zero-fill,0x133DC,0x1455C,0x10A00,,00 00 00 00
0x1003C3E0,.data,virtual-zero-fill,0x133E0,0x1455C,0x10A00,,00 00 00 00
0x1003C3E4,.data,virtual-zero-fill,0x133E4,0x1455C,0x10A00,,00 00 00 00
0x1003C3E8,.data,virtual-zero-fill,0x133E8,0x1455C,0x10A00,,00 00 00 00
0x1003C3EC,.data,virtual-zero-fill,0x133EC,0x1455C,0x10A00,,00 00 00 00
0x1003C3F0,.data,virtual-zero-fill,0x133F0,0x1455C,0x10A00,,00 00 00 00
0x1003C3F4,.data,virtual-zero-fill,0x133F4,0x1455C,0x10A00,,00 00 00 00
0x1003C3F5,.data,virtual-zero-fill,0x133F5,0x1455C,0x10A00,,00 00 00 00
0x1003C3F6,.data,virtual-zero-fill,0x133F6,0x1455C,0x10A00,,00 00 00 00
0x1003C3F7,.data,virtual-zero-fill,0x133F7,0x1455C,0x10A00,,00 00 00 00
0x1003C3F8,.data,virtual-zero-fill,0x133F8,0x1455C,0x10A00,,00 00 00 00
0x1003C3F9,.data,virtual-zero-fill,0x133F9,0x1455C,0x10A00,,00 00 00 00
0x1003C3FC,.data,virtual-zero-fill,0x133FC,0x1455C,0x10A00,,00 00 00 00
0x1003C400,.data,virtual-zero-fill,0x13400,0x1455C,0x10A00,,00 00 00 00
0x1003C404,.data,virtual-zero-fill,0x13404,0x1455C,0x10A00,,00 00 00 00
0x1003C408,.data,virtual-zero-fill,0x13408,0x1455C,0x10A00,,00 00 00 00
0x1003C40C,.data,virtual-zero-fill,0x1340C,0x1455C,0x10A00,,00 00 00 00
0x1003C410,.data,virtual-zero-fill,0x13410,0x1455C,0x10A00,,00 00 00 00
0x1003C414,.data,virtual-zero-fill,0x13414,0x1455C,0x10A00,,00 00 00 00
0x1003C418,.data,virtual-zero-fill,0x13418,0x1455C,0x10A00,,00 00 00 00
0x1003C420,.data,virtual-zero-fill,0x13420,0x1455C,0x10A00,,00 00 00 00
0x1003C520,.data,virtual-zero-fill,0x13520,0x1455C,0x10A00,,00 00 00 00
0x1003D540,.data,virtual-zero-fill,0x14540,0x1455C,0x10A00,,00 00 00 00
0x1003D548,.data,virtual-zero-fill,0x14548,0x1455C,0x10A00,,00 00 00 00
0x1003D54C,.data,virtual-zero-fill,0x1454C,0x1455C,0x10A00,,00 00 00 00
0x1003D550,.data,virtual-zero-fill,0x14550,0x1455C,0x10A00,,00 00 00 00
0x1003D554,.data,virtual-zero-fill,0x14554,0x1455C,0x10A00,,00 00 00 00
0x1003D558,.data,virtual-zero-fill,0x14558,0x1455C,0x10A00,,00 00 00 00
