address,bytes_16,little_endian_u32,defined_data
10022154,"00 00 00 00 70 08 02 10 D0 08 02 10 10 09 02 10",0x00000000,"undefined4:undefined4 00000000h"
10022158,"70 08 02 10 D0 08 02 10 10 09 02 10 20 09 02 10",0x10020870,"undefined *:addr 10020870"
1002215c,"D0 08 02 10 10 09 02 10 20 09 02 10 30 09 02 10",0x100208D0,"undefined *:addr 100208d0"
10022160,"10 09 02 10 20 09 02 10 30 09 02 10 40 09 02 10",0x10020910,"undefined *:addr 10020910"
10022164,"20 09 02 10 30 09 02 10 40 09 02 10 50 09 02 10",0x10020920,"undefined *:addr 10020920"
10022168,"30 09 02 10 40 09 02 10 50 09 02 10 60 09 02 10",0x10020930,"undefined *:addr 10020930"
1002216c,"40 09 02 10 50 09 02 10 60 09 02 10 70 09 02 10",0x10020940,"undefined *:addr 10020940"
10022170,"50 09 02 10 60 09 02 10 70 09 02 10 80 09 02 10",0x10020950,"undefined *:addr 10020950"
10022174,"60 09 02 10 70 09 02 10 80 09 02 10 90 09 02 10",0x10020960,"undefined *:addr 10020960"
10022178,"70 09 02 10 80 09 02 10 90 09 02 10 A0 09 02 10",0x10020970,"undefined *:addr 10020970"
1002217c,"80 09 02 10 90 09 02 10 A0 09 02 10 B0 09 02 10",0x10020980,"undefined *:addr 10020980"
10022180,"90 09 02 10 A0 09 02 10 B0 09 02 10 C0 09 02 10",0x10020990,"undefined *:addr 10020990"
10022184,"A0 09 02 10 B0 09 02 10 C0 09 02 10 D0 09 02 10",0x100209A0,"undefined *:addr 100209a0"
10022188,"B0 09 02 10 C0 09 02 10 D0 09 02 10 E0 09 02 10",0x100209B0,"undefined *:addr 100209b0"
1002218c,"C0 09 02 10 D0 09 02 10 E0 09 02 10 F0 09 02 10",0x100209C0,"undefined *:addr 100209c0"
10022190,"D0 09 02 10 E0 09 02 10 F0 09 02 10 10 0A 02 10",0x100209D0,"undefined *:addr 100209d0"
10022194,"E0 09 02 10 F0 09 02 10 10 0A 02 10 20 0A 02 10",0x100209E0,"undefined *:addr 100209e0"
10022198,"F0 09 02 10 10 0A 02 10 20 0A 02 10 30 0A 02 10",0x100209F0,"undefined *:addr 100209f0"
1002219c,"10 0A 02 10 20 0A 02 10 30 0A 02 10 40 0A 02 10",0x10020A10,"undefined *:addr 10020a10"
100221a0,"20 0A 02 10 30 0A 02 10 40 0A 02 10 50 0A 02 10",0x10020A20,"undefined *:addr 10020a20"
100221a4,"30 0A 02 10 40 0A 02 10 50 0A 02 10 60 0A 02 10",0x10020A30,"undefined *:addr 10020a30"
100221a8,"40 0A 02 10 50 0A 02 10 60 0A 02 10 00 00 00 00",0x10020A40,"undefined *:addr 10020a40"
100221ac,"50 0A 02 10 60 0A 02 10 00 00 00 00 00 00 00 00",0x10020A50,"undefined *:addr 10020a50"
100221b0,"60 0A 02 10 00 00 00 00 00 00 00 00 BC 04 01 10",0x10020A60,"undefined *:addr 10020a60"
