slot_index,slot_va,entry_target_va,entry_candidate_source,entry_objective_verdict,decoded_thunk_exit_callback_va,exit_callback_source,exit_callback_objective_verdict
0,0x10022154,0x00000000,,,,,
1,0x10022158,0x10020870,src/functions/10020870.cpp,PASS,,,
2,0x1002215c,0x100208d0,,,0x10020a80,src/functions/10020a80.cpp,PASS
3,0x10022160,0x10020910,,,0x10020a90,src/functions/10020a90.cpp,PASS
4,0x10022164,0x10020920,,,0x10020af0,src/functions/10020af0.cpp,PASS
5,0x10022168,0x10020930,,,0x10020b50,src/functions/10020b50.cpp,PASS
6,0x1002216c,0x10020940,,,0x10020bb0,src/functions/10020bb0.cpp,PASS
7,0x10022170,0x10020950,,,0x10020c10,src/functions/10020c10.cpp,PASS
8,0x10022174,0x10020960,,,0x10020c70,src/functions/10020c70.cpp,PASS
9,0x10022178,0x10020970,,,0x10020cd0,src/functions/10020cd0.cpp,PASS
10,0x1002217c,0x10020980,,,0x10020d30,src/functions/10020d30.cpp,PASS
11,0x10022180,0x10020990,,,0x10020d90,src/functions/10020d90.cpp,PASS
12,0x10022184,0x100209a0,,,0x10020df0,src/functions/10020df0.cpp,PASS
13,0x10022188,0x100209b0,,,0x10020e50,src/functions/10020e50.cpp,PASS
14,0x1002218c,0x100209c0,,,0x10020eb0,src/functions/10020eb0.cpp,PASS
15,0x10022190,0x100209d0,,,0x10020f10,src/functions/10020f10.cpp,PASS
16,0x10022194,0x100209e0,,,0x10020f70,src/functions/10020f70.cpp,PASS
17,0x10022198,0x100209f0,,,0x10020fd0,src/functions/10020fd0.cpp,PASS
18,0x1002219c,0x10020a10,,,0x10021030,src/functions/10021030.cpp,PASS
19,0x100221a0,0x10020a20,,,0x10021090,src/functions/10021090.cpp,PASS
20,0x100221a4,0x10020a30,,,0x100210f0,src/functions/100210f0.cpp,PASS
21,0x100221a8,0x10020a40,,,0x10021150,src/functions/10021150.cpp,PASS
22,0x100221ac,0x10020a50,,,0x100211b0,src/functions/100211b0.cpp,PASS
23,0x100221b0,0x10020a60,,,0x10021210,src/functions/10021210.cpp,PASS
