table_site_va,startup_thunk_va,registration_call_va,callback_va,callback_candidate_source,candidate_objective_verdict
1002215c,100208d0,100208f4,10020a80,src/functions/10020a80.cpp,PASS
10022160,10020910,10020915,10020a90,src/functions/10020a90.cpp,PASS
10022164,10020920,10020925,10020af0,src/functions/10020af0.cpp,PASS
10022168,10020930,10020935,10020b50,src/functions/10020b50.cpp,PASS
1002216c,10020940,10020945,10020bb0,src/functions/10020bb0.cpp,PASS
10022170,10020950,10020955,10020c10,src/functions/10020c10.cpp,PASS
10022174,10020960,10020965,10020c70,src/functions/10020c70.cpp,PASS
10022178,10020970,10020975,10020cd0,src/functions/10020cd0.cpp,PASS
1002217c,10020980,10020985,10020d30,src/functions/10020d30.cpp,PASS
10022180,10020990,10020995,10020d90,src/functions/10020d90.cpp,PASS
10022184,100209a0,100209a5,10020df0,src/functions/10020df0.cpp,PASS
10022188,100209b0,100209b5,10020e50,src/functions/10020e50.cpp,PASS
1002218c,100209c0,100209c5,10020eb0,src/functions/10020eb0.cpp,PASS
10022190,100209d0,100209d5,10020f10,src/functions/10020f10.cpp,PASS
10022194,100209e0,100209e5,10020f70,src/functions/10020f70.cpp,PASS
10022198,100209f0,10020a04,10020fd0,src/functions/10020fd0.cpp,PASS
1002219c,10020a10,10020a15,10021030,src/functions/10021030.cpp,PASS
100221a0,10020a20,10020a25,10021090,src/functions/10021090.cpp,PASS
100221a4,10020a30,10020a35,100210f0,src/functions/100210f0.cpp,PASS
100221a8,10020a40,10020a45,10021150,src/functions/10021150.cpp,PASS
100221ac,10020a50,10020a55,100211b0,src/functions/100211b0.cpp,PASS
100221b0,10020a60,10020a65,10021210,src/functions/10021210.cpp,PASS
