hook_site,opcode,target,target_block,instruction_address,instruction,bytes_hex
0x006D6617,0XE8,0x100074D0,".text",0x100074D0,"ADD byte ptr [ESI + 0xf],AH","00 66 0F"
0x006D6617,0XE8,0x100074D0,".text",0x100074D3,"OUTSB DX,ESI","6E"
0x006D6617,0XE8,0x100074D0,".text",0x100074D4,"ROL CL,0xe8","C0 C1 E8"
0x006D6617,0XE8,0x100074D0,".text",0x100074D7,"POP DS","1F"
0x006D6617,0XE8,0x100074D0,".text",0x100074D8,"CVTDQ2PD XMM0,XMM0","F3 0F E6 C0"
0x006D6617,0XE8,0x100074D0,".text",0x100074DC,"ADDSD XMM0,qword ptr [EAX*0x8 + 0x100855c0]","F2 0F 58 04 C5 C0 55 08 10"
0x006D6617,0XE8,0x100074D0,".text",0x100074E5,"MOV EAX,[0x1009e56c]","A1 6C E5 09 10"
0x006D6617,0XE8,0x100074D0,".text",0x100074EA,"MOV dword ptr [EBP + -0x24],EAX","89 45 DC"
0x006D6617,0XE8,0x100074D0,".text",0x100074ED,"LEA EAX,[EBP + -0x28]","8D 45 D8"
0x006D6617,0XE8,0x100074D0,".text",0x100074F0,"PUSH EAX","50"
0x006D6617,0XE8,0x100074D0,".text",0x100074F1,"LEA EAX,[EBP + 0xffffff54]","8D 85 54 FF FF FF"
0x006D6617,0XE8,0x100074D0,".text",0x100074F7,"PUSH EAX","50"
0x006D6617,0XE8,0x100074D0,".text",0x100074F8,"CVTPD2PS XMM0,XMM0","66 0F 5A C0"
0x006D6617,0XE8,0x100074D0,".text",0x100074FC,"LEA EAX,[EBP + -0x18]","8D 45 E8"
0x006D6617,0XE8,0x100074D0,".text",0x100074FF,"PUSH 0x1","6A 01"
0x006D6617,0XE8,0x100074D0,".text",0x10007501,"PUSH EAX","50"
0x006D6617,0XE8,0x100074D0,".text",0x10007502,"MOV EAX,0x54eef0","B8 F0 EE 54 00"
0x006D6617,0XE8,0x100074D0,".text",0x10007507,"MOVSS dword ptr [EBP + 0xffffff10],XMM0","F3 0F 11 85 10 FF FF FF"
0x006D6617,0XE8,0x100074D0,".text",0x1000750F,"CALL EAX","FF D0"
0x006D6617,0XE8,0x100074D0,".text",0x10007511,"MOVSS XMM1,dword ptr [0x00c812a8]","F3 0F 10 0D A8 12 C8 00"
0x006D6617,0XE8,0x100074D0,".text",0x10007519,"ADD ESP,0x10","83 C4 10"
0x006D6617,0XE8,0x100074D0,".text",0x1000751C,"MOVSS XMM0,dword ptr [0x1009e59c]","F3 0F 10 05 9C E5 09 10"
0x006D6617,0XE8,0x100074D0,".text",0x10007524,"COMISS XMM0,XMM1","0F 2F C1"
0x006D6617,0XE8,0x100074D0,".text",0x10007527,"JBE 0x10007531","76 08"
0x005B8FFD,0XE8,0x10008140,".text",0x10008140,"MOV CL,byte ptr [EAX]","8A 08"
0x005B8FFD,0XE8,0x10008140,".text",0x10008142,"CMP CL,byte ptr [EDX + EAX*0x1]","3A 0C 02"
0x005B8FFD,0XE8,0x10008140,".text",0x10008145,"JNZ 0x1000817b","75 34"
0x005B8FFD,0XE8,0x10008140,".text",0x10008147,"TEST CL,CL","84 C9"
0x005B8FFD,0XE8,0x10008140,".text",0x10008149,"JZ 0x1000815b","74 10"
0x005B8FFD,0XE8,0x10008140,".text",0x1000814B,"MOV CL,byte ptr [EAX + 0x1]","8A 48 01"
0x005B8FFD,0XE8,0x10008140,".text",0x1000814E,"CMP CL,byte ptr [EDX + EAX*0x1 + 0x1]","3A 4C 02 01"
0x005B8FFD,0XE8,0x10008140,".text",0x10008152,"JNZ 0x1000817b","75 27"
0x005B8FFD,0XE8,0x10008140,".text",0x10008154,"ADD EAX,0x2","83 C0 02"
0x005B8FFD,0XE8,0x10008140,".text",0x10008157,"TEST CL,CL","84 C9"
0x005B8FFD,0XE8,0x10008140,".text",0x10008159,"JNZ 0x10008140","75 E5"
0x005B8FFD,0XE8,0x10008140,".text",0x1000815B,"MOV EAX,[0x1009fc54]","A1 54 FC 09 10"
0x005B8FFD,0XE8,0x10008140,".text",0x10008160,"XOR ESI,ESI","33 F6"
0x005B8FFD,0XE8,0x10008140,".text",0x10008162,"MOV ECX,dword ptr [0x100a04b0]","8B 0D B0 04 0A 10"
0x005B8FFD,0XE8,0x10008140,".text",0x10008168,"PUSH dword ptr [EAX + ECX*0x4]","FF 34 88"
0x005B8FFD,0XE8,0x10008140,".text",0x1000816B,"MOV EAX,0x74dbc0","B8 C0 DB 74 00"
0x005B8FFD,0XE8,0x10008140,".text",0x10008170,"PUSH EBP","55"
0x005B8FFD,0XE8,0x10008140,".text",0x10008171,"CALL EAX","FF D0"
0x005B8FFD,0XE8,0x10008140,".text",0x10008173,"ADD ESP,0x8","83 C4 08"
0x005B8FFD,0XE8,0x10008140,".text",0x10008176,"JMP 0x100082c4","E9 49 01 00 00"
0x006D6494,0XE8,0x100050E0,".text",0x100050E0,"AND AL,0x8","24 08"
0x006D6494,0XE8,0x100050E0,".text",0x100050E2,"ADD EAX,0x8","83 C0 08"
0x006D6494,0XE8,0x100050E0,".text",0x100050E5,"PUSH 0x10085914","68 14 59 08 10"
0x006D6494,0XE8,0x100050E0,".text",0x100050EA,"PUSH EAX","50"
0x006D6494,0XE8,0x100050E0,".text",0x100050EB,"CALL 0x100100c0","E8 D0 AF 00 00"
0x006D6494,0XE8,0x100050E0,".text",0x100050F0,"MOV EDX,dword ptr [ESP + 0x10]","8B 54 24 10"
0x006D6494,0XE8,0x100050E0,".text",0x100050F4,"ADD ESP,0xc","83 C4 0C"
0x006D6494,0XE8,0x100050E0,".text",0x100050F7,"MOV ECX,dword ptr [ESP + 0x8]","8B 4C 24 08"
0x006D6494,0XE8,0x100050E0,".text",0x100050FB,"LEA EAX,[EDX + EDX*0x4]","8D 04 92"
0x006D6494,0XE8,0x100050E0,".text",0x100050FE,"LEA ESI,[ECX + EAX*0x4]","8D 34 81"
0x006D6494,0XE8,0x100050E0,".text",0x10005101,"MOV EAX,dword ptr [ECX + 0x350]","8B 81 50 03 00 00"
0x006D6494,0XE8,0x100050E0,".text",0x10005107,"LEA ECX,[EDX + EDX*0x2]","8D 0C 52"
0x006D6494,0XE8,0x100050E0,".text",0x1000510A,"MOV EAX,dword ptr [EAX + 0x8]","8B 40 08"
0x006D6494,0XE8,0x100050E0,".text",0x1000510D,"MOV dword ptr [ESI + 0x350],0x0","C7 86 50 03 00 00 00 00 00 00"
0x006D6494,0XE8,0x100050E0,".text",0x10005117,"LEA EAX,[EAX + ECX*0x8]","8D 04 C8"
0x006D6494,0XE8,0x100050E0,".text",0x1000511A,"ADD EAX,-0x18","83 C0 E8"
0x006D6494,0XE8,0x100050E0,".text",0x1000511D,"MOV dword ptr [ESI + 0x34c],EAX","89 86 4C 03 00 00"
0x006D6494,0XE8,0x100050E0,".text",0x10005123,"MOV EAX,dword ptr [ESP + 0x14]","8B 44 24 14"
0x006D6494,0XE8,0x100050E0,".text",0x10005127,"MOV dword ptr [ESI + 0x340],EAX","89 86 40 03 00 00"
0x006D6494,0XE8,0x100050E0,".text",0x1000512D,"XOR EAX,EAX","33 C0"
0x006D6494,0XE8,0x100050E0,".text",0x1000512F,"MOV word ptr [ESI + 0x348],AX","66 89 86 48 03 00 00"
0x006D6494,0XE8,0x100050E0,".text",0x10005136,"CALL 0x100043c0","E8 85 F2 FF FF"
0x006D6494,0XE8,0x100050E0,".text",0x1000513B,"POP ESI","5E"
0x006D6494,0XE8,0x100050E0,".text",0x1000513C,"ADD ESP,0x8","83 C4 08"
0x0053BFCC,0XE8,0x10004B10,".text",0x10004B10,"ADD DH,byte ptr [EBP + 0x15]","02 75 15"
0x0053BFCC,0XE8,0x10004B10,".text",0x10004B13,"ADD EAX,0x2","83 C0 02"
0x0053BFCC,0XE8,0x10004B10,".text",0x10004B16,"TEST CL,CL","84 C9"
0x0053BFCC,0XE8,0x10004B10,".text",0x10004B18,"JNZ 0x10004b00","75 E6"
0x0053BFCC,0XE8,0x10004B10,".text",0x10004B1A,"MOV ESI,dword ptr [EBP + 0x8]","8B 75 08"
0x0053BFCC,0XE8,0x10004B10,".text",0x10004B1D,"MOV dword ptr [EBX + 0x508],ESI","89 B3 08 05 00 00"
0x0053BFCC,0XE8,0x10004B10,".text",0x10004B23,"JMP 0x10004c67","E9 3F 01 00 00"
0x006D6A58,0XE8,0x100042C0,".text",0x100042C0,"CALL 0x93e49fc8","E8 03 5D E4 83"
0x006D6A58,0XE8,0x100042C0,".text",0x100042C5,"INSD ES:EDI,DX","6D"
0x006D6A58,0XE8,0x100042C0,".text",0x100042C6,"ADD.LOCK dword ptr [EBP + -0x2a],ESI","F0 01 75 D6"
0x006D6A58,0XE8,0x100042C0,".text",0x100042CA,"MOV ESI,dword ptr [EBP + -0x4]","8B 75 FC"
0x006D6A58,0XE8,0x100042C0,".text",0x100042CD,"MOV EBX,dword ptr [EBP + -0x14]","8B 5D EC"
0x006D6A58,0XE8,0x100042C0,".text",0x100042D0,"INC ESI","46"
0x006D6A58,0XE8,0x100042C0,".text",0x100042D1,"SUB EBX,-0x80","83 EB 80"
0x006D6A58,0XE8,0x100042C0,".text",0x100042D4,"MOV dword ptr [EBP + -0x4],ESI","89 75 FC"
0x006D6A58,0XE8,0x100042C0,".text",0x100042D7,"CMP ESI,0x8","83 FE 08"
0x006D6A58,0XE8,0x100042C0,".text",0x100042DA,"MOV dword ptr [EBP + -0x14],EBX","89 5D EC"
0x006D6A58,0XE8,0x100042C0,".text",0x100042DD,"MOV ESI,0xc3ef78","BE 78 EF C3 00"
0x006D6A58,0XE8,0x100042C0,".text",0x100042E2,"JL 0x10004260","0F 8C 78 FF FF FF"
0x006D6A58,0XE8,0x100042C0,".text",0x100042E8,"PUSH dword ptr [EBP + 0x14]","FF 75 14"
0x006D6A58,0XE8,0x100042C0,".text",0x100042EB,"MOV EAX,0x7faec0","B8 C0 AE 7F 00"
0x006D6A58,0XE8,0x100042C0,".text",0x100042F0,"CALL EAX","FF D0"
0x006D6A58,0XE8,0x100042C0,".text",0x100042F2,"AND EAX,0xffffff01","25 01 FF FF FF"
0x006D6A58,0XE8,0x100042C0,".text",0x100042F7,"ADD ESP,0x4","83 C4 04"
0x006D6A58,0XE8,0x100042C0,".text",0x100042FA,"OR EAX,0x1","83 C8 01"
0x006D6A58,0XE8,0x100042C0,".text",0x100042FD,"POP EDI","5F"
0x006D6A58,0XE8,0x100042C0,".text",0x100042FE,"POP ESI","5E"
0x006D6A58,0XE8,0x100042C0,".text",0x100042FF,"POP EBX","5B"
0x006D6A58,0XE8,0x100042C0,".text",0x10004300,"MOV ESP,EBP","8B E5"
0x006D6A58,0XE8,0x100042C0,".text",0x10004302,"POP EBP","5D"
0x006D6A58,0XE8,0x100042C0,".text",0x10004303,"RET","C3"
0x005D5BC7,0XE9,0x10008780,".text",0x10008780,"INC ECX","41"
0x005D5BC7,0XE9,0x10008780,".text",0x10008781,"ADD AL,0x8b","04 8B"
0x005D5BC7,0XE9,0x10008780,".text",0x10008783,"ADD EAX,dword ptr [EBX + 0x38908c0]","03 83 C0 08 89 03"
0x005D5BC7,0XE9,0x10008780,".text",0x10008789,"MOV dword ptr [EAX],EDI","89 38"
0x005D5BC7,0XE9,0x10008780,".text",0x1000878B,"MOV ECX,dword ptr [EBX]","8B 0B"
0x005D5BC7,0XE9,0x10008780,".text",0x1000878D,"MOV EAX,dword ptr [EDI]","8B 07"
0x005D5BC7,0XE9,0x10008780,".text",0x1000878F,"MOV dword ptr [ECX + 0x4],EAX","89 41 04"
0x005D5BC7,0XE9,0x10008780,".text",0x10008792,"MOV EAX,dword ptr [EBX]","8B 03"
0x005D5BC7,0XE9,0x10008780,".text",0x10008794,"ADD EAX,0x8","83 C0 08"
0x005D5BC7,0XE9,0x10008780,".text",0x10008797,"MOV dword ptr [EBX],EAX","89 03"
0x005D5BC7,0XE9,0x10008780,".text",0x10008799,"MOV dword ptr [EAX],ESI","89 30"
0x005D5BC7,0XE9,0x10008780,".text",0x1000879B,"MOV ECX,dword ptr [EBX]","8B 0B"
0x005D5BC7,0XE9,0x10008780,".text",0x1000879D,"MOV EAX,dword ptr [ESI]","8B 06"
0x005D5BC7,0XE9,0x10008780,".text",0x1000879F,"MOV dword ptr [ECX + 0x4],EAX","89 41 04"
0x005D5BC7,0XE9,0x10008780,".text",0x100087A2,"ADD dword ptr [EBX],0x8","83 03 08"
0x005D5BC7,0XE9,0x10008780,".text",0x100087A5,"MOV EAX,[0x1009ee9c]","A1 9C EE 09 10"
0x005D5BC7,0XE9,0x10008780,".text",0x100087AA,"MOV dword ptr [EDX],EAX","89 02"
0x005D5BC7,0XE9,0x10008780,".text",0x100087AC,"MOV EAX,[0x1009fc74]","A1 74 FC 09 10"
0x005D5BC7,0XE9,0x10008780,".text",0x100087B1,"MOVD XMM0,EAX","66 0F 6E C0"
0x005D5BC7,0XE9,0x10008780,".text",0x100087B5,"CVTDQ2PS XMM0,XMM0","0F 5B C0"
0x005D5BC7,0XE9,0x10008780,".text",0x100087B8,"TEST EAX,EAX","85 C0"
0x005D5BC7,0XE9,0x10008780,".text",0x100087BA,"JNS 0x100087c4","79 08"
0x005D5BC7,0XE9,0x10008780,".text",0x100087BC,"ADDSS XMM0,dword ptr [0x1009e594]","F3 0F 58 05 94 E5 09 10"
0x005D5BC7,0XE9,0x10008780,".text",0x100087C4,"MOVSS dword ptr [ESI],XMM0","F3 0F 11 06"
0x005D5C1E,0XE9,0x10008830,".text",0x10008830,"MOV EDX,dword ptr [EBX]","8B 13"
0x005D5C1E,0XE9,0x10008830,".text",0x10008832,"MOV ECX,dword ptr [EBP]","8B 4D 00"
0x005D5C1E,0XE9,0x10008830,".text",0x10008835,"MOV dword ptr [EDX + 0x4],ECX","89 4A 04"
0x005D5C1E,0XE9,0x10008830,".text",0x10008838,"ADD dword ptr [EBX],0x8","83 03 08"
0x005D5C1E,0XE9,0x10008830,".text",0x1000883B,"MOV dword ptr [EBP],EAX","89 45 00"
0x005D5C1E,0XE9,0x10008830,".text",0x1000883E,"MOV ECX,dword ptr [ESP + 0x44]","8B 4C 24 44"
0x005D5C1E,0XE9,0x10008830,".text",0x10008842,"MOV EAX,EBP","8B C5"
0x005D5C1E,0XE9,0x10008830,".text",0x10008844,"POP EDI","5F"
0x005D5C1E,0XE9,0x10008830,".text",0x10008845,"POP ESI","5E"
0x005D5C1E,0XE9,0x10008830,".text",0x10008846,"POP EBP","5D"
0x005D5C1E,0XE9,0x10008830,".text",0x10008847,"POP EBX","5B"
0x005D5C1E,0XE9,0x10008830,".text",0x10008848,"XOR ECX,ESP","33 CC"
0x005D5C1E,0XE9,0x10008830,".text",0x1000884A,"CALL 0x100182e0","E8 91 FA 00 00"
0x005D5C1E,0XE9,0x10008830,".text",0x1000884F,"ADD ESP,0x38","83 C4 38"
0x005D5C1E,0XE9,0x10008830,".text",0x10008852,"RET","C3"
0x005D5AD1,0XE9,0x10008940,".text",0x10008940,"PUSH ESI","56"
0x005D5AD1,0XE9,0x10008940,".text",0x10008941,"PUSH EAX","50"
0x005D5AD1,0XE9,0x10008940,".text",0x10008942,"MOV EAX,0x728350","B8 50 83 72 00"
0x005D5AD1,0XE9,0x10008940,".text",0x10008947,"LEA ECX,[ESP + 0xc]","8D 4C 24 0C"
0x005D5AD1,0XE9,0x10008940,".text",0x1000894B,"CALL EAX","FF D0"
0x005D5AD1,0XE9,0x10008940,".text",0x1000894D,"POP ESI","5E"
0x005D5AD1,0XE9,0x10008940,".text",0x1000894E,"MOV EAX,0x7281e0","B8 E0 81 72 00"
0x005D5AD1,0XE9,0x10008940,".text",0x10008953,"LEA ECX,[ESP]","8D 0C 24"
0x005D5AD1,0XE9,0x10008940,".text",0x10008956,"CALL EAX","FF D0"
0x005D5AD1,0XE9,0x10008940,".text",0x10008958,"MOV EAX,dword ptr [ESP]","8B 04 24"
0x005D5AD1,0XE9,0x10008940,".text",0x1000895B,"MOV FS:[0x0],EAX","64 A3 00 00 00 00"
0x005D5AD1,0XE9,0x10008940,".text",0x10008961,"POP ECX","59"
0x005D5AD1,0XE9,0x10008940,".text",0x10008962,"RET","C3"
0x006E198E,0XE9,0x10007F90,".text",0x10007F90,"CMP EAX,0x100a0500","3D 00 05 0A 10"
0x006E198E,0XE9,0x10007F90,".text",0x10007F95,"MOV dword ptr [ESP + 0x14],0x0","C7 44 24 14 00 00 00 00"
0x006E198E,0XE9,0x10007F90,".text",0x10007F9D,"MOV dword ptr [ESP + 0x10],EAX","89 44 24 10"
0x006E198E,0XE9,0x10007F90,".text",0x10007FA1,"TEST EDI,EDI","85 FF"
0x006E198E,0XE9,0x10007F90,".text",0x10007FA3,"JZ 0x10007fd4","74 2F"
0x006E198E,0XE9,0x10007F90,".text",0x10007FA5,"CALL 0x100097d0","E8 26 18 00 00"
0x006E198E,0XE9,0x10007F90,".text",0x10007FAA,"MOV ESI,EAX","8B F0"
0x006E198E,0XE9,0x10007F90,".text",0x10007FAC,"MOV EAX,[0x00b74494]","A1 94 44 B7 00"
0x006E198E,0XE9,0x10007F90,".text",0x10007FB1,"MOV EAX,dword ptr [EAX]","8B 00"
0x006E198E,0XE9,0x10007F90,".text",0x10007FB3,"SUB EDI,EAX","2B F8"
0x006E198E,0XE9,0x10007F90,".text",0x10007FB5,"MOV EAX,0x6572ec3","B8 C3 2E 57 06"
0x006E198E,0XE9,0x10007F90,".text",0x10007FBA,"IMUL EDI","F7 EF"
0x006E198E,0XE9,0x10007F90,".text",0x10007FBC,"MOV EAX,dword ptr [ESI + 0x48]","8B 46 48"
0x006E198E,0XE9,0x10007F90,".text",0x10007FBF,"SAR EDX,0x6","C1 FA 06"
0x006E198E,0XE9,0x10007F90,".text",0x10007FC2,"MOV ECX,EDX","8B CA"
0x006E198E,0XE9,0x10007F90,".text",0x10007FC4,"SHR ECX,0x1f","C1 E9 1F"
0x006E198E,0XE9,0x10007F90,".text",0x10007FC7,"ADD ECX,EDX","03 CA"
0x006E198E,0XE9,0x10007F90,".text",0x10007FC9,"MOV EAX,dword ptr [EAX + ECX*0x4]","8B 04 88"
0x006E198E,0XE9,0x10007F90,".text",0x10007FCC,"ADD EAX,dword ptr [ESP + 0x10]","03 44 24 10"
0x006E198E,0XE9,0x10007F90,".text",0x10007FD0,"MOV dword ptr [ESP + 0x14],EAX","89 44 24 14"
0x006E198E,0XE9,0x10007F90,".text",0x10007FD4,"MOV ECX,dword ptr [0x1009fd1c]","8B 0D 1C FD 09 10"
0x006E198E,0XE9,0x10007F90,".text",0x10007FDA,"XOR ESI,ESI","33 F6"
0x006E198E,0XE9,0x10007F90,".text",0x10007FDC,"MOV EAX,[0x1009fdbc]","A1 BC FD 09 10"
0x006E198E,0XE9,0x10007F90,".text",0x10007FE1,"MOV EDI,dword ptr [EBP + 0x4]","8B 7D 04"
0x006E18DA,0XE9,0x10007F50,".text",0x10007F50,"CALL 0x10007110","E8 BB F1 FF FF"
0x006E18DA,0XE9,0x10007F50,".text",0x10007F55,"CALL 0x10007190","E8 36 F2 FF FF"
0x006E18DA,0XE9,0x10007F50,".text",0x10007F5A,"PUSH EBX","53"
0x006E18DA,0XE9,0x10007F50,".text",0x10007F5B,"CALL 0x10005df0","E8 90 DE FF FF"
0x006E18DA,0XE9,0x10007F50,".text",0x10007F60,"ADD ESP,0x4","83 C4 04"
0x006E18DA,0XE9,0x10007F50,".text",0x10007F63,"MOV EAX,EBX","8B C3"
0x006E18DA,0XE9,0x10007F50,".text",0x10007F65,"POP EDI","5F"
0x006E18DA,0XE9,0x10007F50,".text",0x10007F66,"POP ESI","5E"
0x006E18DA,0XE9,0x10007F50,".text",0x10007F67,"POP EBX","5B"
0x006E18DA,0XE9,0x10007F50,".text",0x10007F68,"MOV ESP,EBP","8B E5"
0x006E18DA,0XE9,0x10007F50,".text",0x10007F6A,"POP EBP","5D"
0x006E18DA,0XE9,0x10007F50,".text",0x10007F6B,"RET","C3"
0x006E18DA,0XE9,0x10007F50,".text",0x10007F70,"SUB ESP,0x38","83 EC 38"
0x006E18DA,0XE9,0x10007F50,".text",0x10007F73,"MOV EAX,[0x1009f100]","A1 00 F1 09 10"
0x006E18DA,0XE9,0x10007F50,".text",0x10007F78,"XOR EAX,ESP","33 C4"
0x006E18DA,0XE9,0x10007F50,".text",0x10007F7A,"MOV dword ptr [ESP + 0x34],EAX","89 44 24 34"
0x006E18DA,0XE9,0x10007F50,".text",0x10007F7E,"MOV EAX,[0x1009fcdc]","A1 DC FC 09 10"
0x006E18DA,0XE9,0x10007F50,".text",0x10007F83,"PUSH EBX","53"
0x006E18DA,0XE9,0x10007F50,".text",0x10007F84,"MOV EBX,dword ptr [ESP + 0x44]","8B 5C 24 44"
0x006E18DA,0XE9,0x10007F50,".text",0x10007F88,"PUSH EBP","55"
0x006E18DA,0XE9,0x10007F50,".text",0x10007F89,"MOV EBP,dword ptr [ESP + 0x44]","8B 6C 24 44"
0x006E18DA,0XE9,0x10007F50,".text",0x10007F8D,"PUSH ESI","56"
0x006E18DA,0XE9,0x10007F50,".text",0x10007F8E,"PUSH EDI","57"
0x006E18DA,0XE9,0x10007F50,".text",0x10007F90,"CMP EAX,0x100a0500","3D 00 05 0A 10"
0x006E1A2D,0XE9,0x10007F70,".text",0x10007F70,"SUB ESP,0x38","83 EC 38"
0x006E1A2D,0XE9,0x10007F70,".text",0x10007F73,"MOV EAX,[0x1009f100]","A1 00 F1 09 10"
0x006E1A2D,0XE9,0x10007F70,".text",0x10007F78,"XOR EAX,ESP","33 C4"
0x006E1A2D,0XE9,0x10007F70,".text",0x10007F7A,"MOV dword ptr [ESP + 0x34],EAX","89 44 24 34"
0x006E1A2D,0XE9,0x10007F70,".text",0x10007F7E,"MOV EAX,[0x1009fcdc]","A1 DC FC 09 10"
0x006E1A2D,0XE9,0x10007F70,".text",0x10007F83,"PUSH EBX","53"
0x006E1A2D,0XE9,0x10007F70,".text",0x10007F84,"MOV EBX,dword ptr [ESP + 0x44]","8B 5C 24 44"
0x006E1A2D,0XE9,0x10007F70,".text",0x10007F88,"PUSH EBP","55"
0x006E1A2D,0XE9,0x10007F70,".text",0x10007F89,"MOV EBP,dword ptr [ESP + 0x44]","8B 6C 24 44"
0x006E1A2D,0XE9,0x10007F70,".text",0x10007F8D,"PUSH ESI","56"
0x006E1A2D,0XE9,0x10007F70,".text",0x10007F8E,"PUSH EDI","57"
0x006E1A2D,0XE9,0x10007F70,".text",0x10007F90,"CMP EAX,0x100a0500","3D 00 05 0A 10"
0x006E1A2D,0XE9,0x10007F70,".text",0x10007F95,"MOV dword ptr [ESP + 0x14],0x0","C7 44 24 14 00 00 00 00"
0x006E1A2D,0XE9,0x10007F70,".text",0x10007F9D,"MOV dword ptr [ESP + 0x10],EAX","89 44 24 10"
0x006E1A2D,0XE9,0x10007F70,".text",0x10007FA1,"TEST EDI,EDI","85 FF"
0x006E1A2D,0XE9,0x10007F70,".text",0x10007FA3,"JZ 0x10007fd4","74 2F"
0x006E1A2D,0XE9,0x10007F70,".text",0x10007FA5,"CALL 0x100097d0","E8 26 18 00 00"
0x006E1A2D,0XE9,0x10007F70,".text",0x10007FAA,"MOV ESI,EAX","8B F0"
0x006E1A2D,0XE9,0x10007F70,".text",0x10007FAC,"MOV EAX,[0x00b74494]","A1 94 44 B7 00"
0x006E1A2D,0XE9,0x10007F70,".text",0x10007FB1,"MOV EAX,dword ptr [EAX]","8B 00"
0x006E1A2D,0XE9,0x10007F70,".text",0x10007FB3,"SUB EDI,EAX","2B F8"
0x006E1A2D,0XE9,0x10007F70,".text",0x10007FB5,"MOV EAX,0x6572ec3","B8 C3 2E 57 06"
0x006E1A2D,0XE9,0x10007F70,".text",0x10007FBA,"IMUL EDI","F7 EF"
0x006E1A2D,0XE9,0x10007F70,".text",0x10007FBC,"MOV EAX,dword ptr [ESI + 0x48]","8B 46 48"
0x006FDED6,0XE8,0x10003E40,".text",0x10003E40,"TEST byte ptr [EAX],AH","84 24 E0"
0x006FDED6,0XE8,0x10003E40,".text",0x10003E43,"ADD byte ptr [EAX],AL","00 00"
0x006FDED6,0XE8,0x10003E40,".text",0x10003E45,"ADD byte ptr [EAX + -0x73],DL","00 50 8D"
0x006FDED6,0XE8,0x10003E40,".text",0x10003E48,"TEST byte ptr [EAX],AH","84 24 E0"
0x006FDED6,0XE8,0x10003E40,".text",0x10003E4B,"ADD byte ptr [EAX],AL","00 00"
0x006FDED6,0XE8,0x10003E40,".text",0x10003E4D,"ADD byte ptr [EAX + -0x73],DL","00 50 8D"
0x006FDED6,0XE8,0x10003E40,".text",0x10003E50,"TEST byte ptr [EAX],AH","84 24 E0"
0x006FDED6,0XE8,0x10003E40,".text",0x10003E53,"ADD byte ptr [EAX],AL","00 00"
0x006FDED6,0XE8,0x10003E40,".text",0x10003E55,"ADD byte ptr [EAX + -0x73],DL","00 50 8D"
0x006FDED6,0XE8,0x10003E40,".text",0x10003E58,"TEST byte ptr [EAX],AH","84 24 E0"
0x006FDED6,0XE8,0x10003E40,".text",0x10003E5B,"ADD byte ptr [EAX],AL","00 00"
0x006FDED6,0XE8,0x10003E40,".text",0x10003E5D,"ADD byte ptr [EAX + -0x73],DL","00 50 8D"
0x006FDED6,0XE8,0x10003E40,".text",0x10003E60,"TEST byte ptr [EAX],AH","84 24 E0"
0x006FDED6,0XE8,0x10003E40,".text",0x10003E63,"ADD byte ptr [EAX],AL","00 00"
0x006FDED6,0XE8,0x10003E40,".text",0x10003E65,"ADD byte ptr [EAX + -0x73],DL","00 50 8D"
0x006FDED6,0XE8,0x10003E40,".text",0x10003E68,"TEST byte ptr [EAX + EDI*0x4],AH","84 24 B8"
0x006FDED6,0XE8,0x10003E40,".text",0x10003E6B,"ADD byte ptr [EAX],AL","00 00"
0x006FDED6,0XE8,0x10003E40,".text",0x10003E6D,"ADD byte ptr [EAX + -0x73],DL","00 50 8D"
0x006FDED6,0XE8,0x10003E40,".text",0x10003E70,"TEST byte ptr [ESP + ESI*0x4],AH","84 24 B4"
0x006FDED6,0XE8,0x10003E40,".text",0x10003E73,"ADD byte ptr [EAX],AL","00 00"
0x006FDED6,0XE8,0x10003E40,".text",0x10003E75,"ADD byte ptr [EAX + -0x73],DL","00 50 8D"
0x006FDED6,0XE8,0x10003E40,".text",0x10003E78,"INC EDI","47"
0x006FDED6,0XE8,0x10003E40,".text",0x10003E79,"CLD","FC"
0x006FDED6,0XE8,0x10003E40,".text",0x10003E7A,"PUSH EAX","50"
0x006FDF10,0XE8,0x10003F40,".text",0x10003F41,"MOVZX EAX,word ptr [EAX*0x4 + 0x1009fdb0]","0F B7 04 85 B0 FD 09 10"
0x006FDF10,0XE8,0x10003F40,".text",0x10003F49,"CMP EBX,EAX","3B D8"
0x006FDF10,0XE8,0x10003F40,".text",0x10003F4B,"JL 0x10003c00","0F 8C AF FC FF FF"
0x006FDF10,0XE8,0x10003F40,".text",0x10003F51,"POP EDI","5F"
0x006FDF10,0XE8,0x10003F40,".text",0x10003F52,"POP EBP","5D"
0x006FDF10,0XE8,0x10003F40,".text",0x10003F53,"INC DX","66 42"
0x006FDF10,0XE8,0x10003F40,".text",0x10003F55,"PUSH ESI","56"
0x006FDF10,0XE8,0x10003F40,".text",0x10003F56,"MOV word ptr [0x1009fda8],DX","66 89 15 A8 FD 09 10"
0x006FDF10,0XE8,0x10003F40,".text",0x10003F5D,"CALL 0x100259bc","E8 5A 1A 02 00"
0x006FDF10,0XE8,0x10003F40,".text",0x10003F62,"MOV ECX,dword ptr [ESP + 0x4e0]","8B 8C 24 E0 04 00 00"
0x006FDF10,0XE8,0x10003F40,".text",0x10003F69,"ADD ESP,0x4","83 C4 04"
0x006FDF10,0XE8,0x10003F40,".text",0x10003F6C,"POP ESI","5E"
0x006FDF10,0XE8,0x10003F40,".text",0x10003F6D,"POP EBX","5B"
0x006FDF10,0XE8,0x10003F40,".text",0x10003F6E,"XOR ECX,ESP","33 CC"
0x006FDF10,0XE8,0x10003F40,".text",0x10003F70,"CALL 0x100182e0","E8 6B 43 01 00"
0x006FDF10,0XE8,0x10003F40,".text",0x10003F75,"ADD ESP,0x4d8","81 C4 D8 04 00 00"
0x006FDF10,0XE8,0x10003F40,".text",0x10003F7B,"RET","C3"
0x006AB350,0XE9,0x10003030,".text",0x10003030,"INC ESP","44"
0x006AB350,0XE9,0x10003030,".text",0x10003031,"AND AL,0x18","24 18"
0x006AB350,0XE9,0x10003030,".text",0x10003033,"MOV [0x006e173c],AL","A2 3C 17 6E 00"
0x006AB350,0XE9,0x10003030,".text",0x10003038,"LEA EAX,[ESP + 0x14]","8D 44 24 14"
0x006AB350,0XE9,0x10003030,".text",0x1000303C,"PUSH EAX","50"
0x006AB350,0XE9,0x10003030,".text",0x1000303D,"PUSH dword ptr [ESP + 0x14]","FF 74 24 14"
0x006AB350,0XE9,0x10003030,".text",0x10003041,"PUSH 0x1","6A 01"
0x006AB350,0XE9,0x10003030,".text",0x10003043,"PUSH 0x6e173c","68 3C 17 6E 00"
0x006AB350,0XE9,0x10003030,".text",0x10003048,"CALL 0x10042507","E8 BA F4 03 00"
0x006AB350,0XE9,0x10003030,".text",0x1000304D,"LEA EAX,[ESP + 0x10]","8D 44 24 10"
0x006AB350,0XE9,0x10003030,".text",0x10003051,"PUSH EAX","50"
0x006AB350,0XE9,0x10003030,".text",0x10003052,"PUSH 0x40","6A 40"
0x006AB350,0XE9,0x10003030,".text",0x10003054,"PUSH 0x4","6A 04"
0x006AB350,0XE9,0x10003030,".text",0x10003056,"PUSH 0x6e173d","68 3D 17 6E 00"
0x006AB350,0XE9,0x10003030,".text",0x1000305B,"CALL 0x10042507","E8 A7 F4 03 00"
0x006AB350,0XE9,0x10003030,".text",0x10003060,"LEA EAX,[ESP + 0x14]","8D 44 24 14"
0x006AB350,0XE9,0x10003030,".text",0x10003064,"MOV dword ptr [0x006e173d],0xf921f1f","C7 05 3D 17 6E 00 1F 1F 92 0F"
0x006AB350,0XE9,0x10003030,".text",0x1000306E,"PUSH EAX","50"
0x006AB350,0XE9,0x10003030,".text",0x1000306F,"PUSH dword ptr [ESP + 0x14]","FF 74 24 14"
0x006AB350,0XE9,0x10003030,".text",0x10003073,"PUSH 0x4","6A 04"
0x006AB350,0XE9,0x10003030,".text",0x10003075,"PUSH 0x6e173d","68 3D 17 6E 00"
0x006AB350,0XE9,0x10003030,".text",0x1000307A,"CALL 0x10042507","E8 88 F4 03 00"
0x006AB350,0XE9,0x10003030,".text",0x1000307F,"LEA EAX,[ESP + 0x10]","8D 44 24 10"
0x006AB350,0XE9,0x10003030,".text",0x10003083,"MOV dword ptr [ESP + 0x18],0xe8","C7 44 24 18 E8 00 00 00"
0x006F3AED,0XE8,0x10003060,".text",0x10003060,"LEA EAX,[ESP + 0x14]","8D 44 24 14"
0x006F3AED,0XE8,0x10003060,".text",0x10003064,"MOV dword ptr [0x006e173d],0xf921f1f","C7 05 3D 17 6E 00 1F 1F 92 0F"
0x006F3AED,0XE8,0x10003060,".text",0x1000306E,"PUSH EAX","50"
0x006F3AED,0XE8,0x10003060,".text",0x1000306F,"PUSH dword ptr [ESP + 0x14]","FF 74 24 14"
0x006F3AED,0XE8,0x10003060,".text",0x10003073,"PUSH 0x4","6A 04"
0x006F3AED,0XE8,0x10003060,".text",0x10003075,"PUSH 0x6e173d","68 3D 17 6E 00"
0x006F3AED,0XE8,0x10003060,".text",0x1000307A,"CALL 0x10042507","E8 88 F4 03 00"
0x006F3AED,0XE8,0x10003060,".text",0x1000307F,"LEA EAX,[ESP + 0x10]","8D 44 24 10"
0x006F3AED,0XE8,0x10003060,".text",0x10003083,"MOV dword ptr [ESP + 0x18],0xe8","C7 44 24 18 E8 00 00 00"
0x006F3AED,0XE8,0x10003060,".text",0x1000308B,"PUSH EAX","50"
0x006F3AED,0XE8,0x10003060,".text",0x1000308C,"PUSH 0x40","6A 40"
0x006F3AED,0XE8,0x10003060,".text",0x1000308E,"PUSH 0x1","6A 01"
0x006F3AED,0XE8,0x10003060,".text",0x10003090,"PUSH 0x6e1773","68 73 17 6E 00"
0x006F3AED,0XE8,0x10003060,".text",0x10003095,"CALL 0x10042507","E8 6D F4 03 00"
0x006F3AED,0XE8,0x10003060,".text",0x1000309A,"MOVZX EAX,byte ptr [ESP + 0x18]","0F B6 44 24 18"
0x006F3AED,0XE8,0x10003060,".text",0x1000309F,"MOV [0x006e1773],AL","A2 73 17 6E 00"
0x006F3AED,0XE8,0x10003060,".text",0x100030A4,"LEA EAX,[ESP + 0x14]","8D 44 24 14"
0x006F3AED,0XE8,0x10003060,".text",0x100030A8,"PUSH EAX","50"
0x006F3AED,0XE8,0x10003060,".text",0x100030A9,"PUSH dword ptr [ESP + 0x14]","FF 74 24 14"
0x006F3AED,0XE8,0x10003060,".text",0x100030AD,"PUSH 0x1","6A 01"
0x006F3AED,0XE8,0x10003060,".text",0x100030AF,"PUSH 0x6e1773","68 73 17 6E 00"
0x006F3AED,0XE8,0x10003060,".text",0x100030B4,"CALL 0x10042507","E8 4E F4 03 00"
0x006F3AED,0XE8,0x10003060,".text",0x100030B9,"LEA EAX,[ESP + 0x10]","8D 44 24 10"
0x006F3AED,0XE8,0x10003060,".text",0x100030BD,"PUSH EAX","50"
0x006F3973,0XE8,0x10003080,".text",0x10003083,"MOV dword ptr [ESP + 0x18],0xe8","C7 44 24 18 E8 00 00 00"
0x006F3973,0XE8,0x10003080,".text",0x1000308B,"PUSH EAX","50"
0x006F3973,0XE8,0x10003080,".text",0x1000308C,"PUSH 0x40","6A 40"
0x006F3973,0XE8,0x10003080,".text",0x1000308E,"PUSH 0x1","6A 01"
0x006F3973,0XE8,0x10003080,".text",0x10003090,"PUSH 0x6e1773","68 73 17 6E 00"
0x006F3973,0XE8,0x10003080,".text",0x10003095,"CALL 0x10042507","E8 6D F4 03 00"
0x006F3973,0XE8,0x10003080,".text",0x1000309A,"MOVZX EAX,byte ptr [ESP + 0x18]","0F B6 44 24 18"
0x006F3973,0XE8,0x10003080,".text",0x1000309F,"MOV [0x006e1773],AL","A2 73 17 6E 00"
0x006F3973,0XE8,0x10003080,".text",0x100030A4,"LEA EAX,[ESP + 0x14]","8D 44 24 14"
0x006F3973,0XE8,0x10003080,".text",0x100030A8,"PUSH EAX","50"
0x006F3973,0XE8,0x10003080,".text",0x100030A9,"PUSH dword ptr [ESP + 0x14]","FF 74 24 14"
0x006F3973,0XE8,0x10003080,".text",0x100030AD,"PUSH 0x1","6A 01"
0x006F3973,0XE8,0x10003080,".text",0x100030AF,"PUSH 0x6e1773","68 73 17 6E 00"
0x006F3973,0XE8,0x10003080,".text",0x100030B4,"CALL 0x10042507","E8 4E F4 03 00"
0x006F3973,0XE8,0x10003080,".text",0x100030B9,"LEA EAX,[ESP + 0x10]","8D 44 24 10"
0x006F3973,0XE8,0x10003080,".text",0x100030BD,"PUSH EAX","50"
0x006F3973,0XE8,0x10003080,".text",0x100030BE,"PUSH 0x40","6A 40"
0x006F3973,0XE8,0x10003080,".text",0x100030C0,"PUSH 0x4","6A 04"
0x006F3973,0XE8,0x10003080,".text",0x100030C2,"PUSH 0x6e1774","68 74 17 6E 00"
0x006F3973,0XE8,0x10003080,".text",0x100030C7,"CALL 0x10042507","E8 3B F4 03 00"
0x006F3973,0XE8,0x10003080,".text",0x100030CC,"LEA EAX,[ESP + 0x14]","8D 44 24 14"
0x006F3973,0XE8,0x10003080,".text",0x100030D0,"MOV dword ptr [0x006e1774],0xf921ee8","C7 05 74 17 6E 00 E8 1E 92 0F"
0x006F3973,0XE8,0x10003080,".text",0x100030DA,"PUSH EAX","50"
0x006F3973,0XE8,0x10003080,".text",0x100030DB,"PUSH dword ptr [ESP + 0x14]","FF 74 24 14"
0x006E174B,0XE8,0x10003400,".text",0x10003400,"MOV EDX,EDI","8B D7"
0x006E175E,0XE8,0x10003400,".text",0x10003400,"MOV EDX,EDI","8B D7"
0x006E174B,0XE8,0x10003400,".text",0x10003402,"MOV EAX,0x6572ec3","B8 C3 2E 57 06"
0x006E175E,0XE8,0x10003400,".text",0x10003402,"MOV EAX,0x6572ec3","B8 C3 2E 57 06"
0x006E174B,0XE8,0x10003400,".text",0x10003407,"MOV ECX,dword ptr [ECX]","8B 09"
0x006E175E,0XE8,0x10003400,".text",0x10003407,"MOV ECX,dword ptr [ECX]","8B 09"
0x006E174B,0XE8,0x10003400,".text",0x10003409,"SUB EDX,ECX","2B D1"
0x006E175E,0XE8,0x10003400,".text",0x10003409,"SUB EDX,ECX","2B D1"
0x006E174B,0XE8,0x10003400,".text",0x1000340B,"IMUL EDX","F7 EA"
0x006E175E,0XE8,0x10003400,".text",0x1000340B,"IMUL EDX","F7 EA"
0x006E174B,0XE8,0x10003400,".text",0x1000340D,"MOV EAX,dword ptr [ESI + 0x48]","8B 46 48"
0x006E175E,0XE8,0x10003400,".text",0x1000340D,"MOV EAX,dword ptr [ESI + 0x48]","8B 46 48"
0x006E174B,0XE8,0x10003400,".text",0x10003410,"SAR EDX,0x6","C1 FA 06"
0x006E175E,0XE8,0x10003400,".text",0x10003410,"SAR EDX,0x6","C1 FA 06"
0x006E174B,0XE8,0x10003400,".text",0x10003413,"MOV ECX,EDX","8B CA"
0x006E175E,0XE8,0x10003400,".text",0x10003413,"MOV ECX,EDX","8B CA"
0x006E174B,0XE8,0x10003400,".text",0x10003415,"SHR ECX,0x1f","C1 E9 1F"
0x006E175E,0XE8,0x10003400,".text",0x10003415,"SHR ECX,0x1f","C1 E9 1F"
0x006E174B,0XE8,0x10003400,".text",0x10003418,"ADD ECX,EDX","03 CA"
0x006E175E,0XE8,0x10003400,".text",0x10003418,"ADD ECX,EDX","03 CA"
0x006E174B,0XE8,0x10003400,".text",0x1000341A,"MOV EAX,dword ptr [EAX + ECX*0x4]","8B 04 88"
0x006E175E,0XE8,0x10003400,".text",0x1000341A,"MOV EAX,dword ptr [EAX + ECX*0x4]","8B 04 88"
0x006E174B,0XE8,0x10003400,".text",0x1000341D,"MOV EAX,dword ptr [EAX + EBP*0x1 + 0x28]","8B 44 28 28"
0x006E175E,0XE8,0x10003400,".text",0x1000341D,"MOV EAX,dword ptr [EAX + EBP*0x1 + 0x28]","8B 44 28 28"
0x006E174B,0XE8,0x10003400,".text",0x10003421,"CMP byte ptr [EAX + 0x324],0x0","80 B8 24 03 00 00 00"
0x006E175E,0XE8,0x10003400,".text",0x10003421,"CMP byte ptr [EAX + 0x324],0x0","80 B8 24 03 00 00 00"
0x006E174B,0XE8,0x10003400,".text",0x10003428,"JNZ 0x10003452","75 28"
0x006E175E,0XE8,0x10003400,".text",0x10003428,"JNZ 0x10003452","75 28"
0x006E174B,0XE8,0x10003400,".text",0x1000342A,"MOVSS XMM0,dword ptr [EDI + 0x4a0]","F3 0F 10 87 A0 04 00 00"
0x006E175E,0XE8,0x10003400,".text",0x1000342A,"MOVSS XMM0,dword ptr [EDI + 0x4a0]","F3 0F 10 87 A0 04 00 00"
0x006E174B,0XE8,0x10003400,".text",0x10003432,"COMISS XMM0,dword ptr [0x100855b4]","0F 2F 05 B4 55 08 10"
0x006E175E,0XE8,0x10003400,".text",0x10003432,"COMISS XMM0,dword ptr [0x100855b4]","0F 2F 05 B4 55 08 10"
0x006E174B,0XE8,0x10003400,".text",0x10003439,"JBE 0x10003452","76 17"
0x006E175E,0XE8,0x10003400,".text",0x10003439,"JBE 0x10003452","76 17"
0x006E174B,0XE8,0x10003400,".text",0x1000343B,"TEST byte ptr [EDI + 0x428],0x20","F6 87 28 04 00 00 20"
0x006E175E,0XE8,0x10003400,".text",0x1000343B,"TEST byte ptr [EDI + 0x428],0x20","F6 87 28 04 00 00 20"
0x006E174B,0XE8,0x10003400,".text",0x10003442,"JNZ 0x10003452","75 0E"
0x006E175E,0XE8,0x10003400,".text",0x10003442,"JNZ 0x10003452","75 0E"
0x006E174B,0XE8,0x10003400,".text",0x10003444,"CMP dword ptr [EDI + 0x460],0x0","83 BF 60 04 00 00 00"
0x006E175E,0XE8,0x10003400,".text",0x10003444,"CMP dword ptr [EDI + 0x460],0x0","83 BF 60 04 00 00 00"
0x006E174B,0XE8,0x10003400,".text",0x1000344B,"MOV ECX,0xc8","B9 C8 00 00 00"
0x006E175E,0XE8,0x10003400,".text",0x1000344B,"MOV ECX,0xc8","B9 C8 00 00 00"
0x006E174B,0XE8,0x10003400,".text",0x10003450,"JNZ 0x10003457","75 05"
0x006E175E,0XE8,0x10003400,".text",0x10003450,"JNZ 0x10003457","75 05"
0x006E174B,0XE8,0x10003400,".text",0x10003452,"MOV ECX,0x78","B9 78 00 00 00"
0x006E175E,0XE8,0x10003400,".text",0x10003452,"MOV ECX,0x78","B9 78 00 00 00"
0x006E174B,0XE8,0x10003400,".text",0x10003457,"PUSH dword ptr [ESP + 0x64]","FF 74 24 64"
0x006E175E,0XE8,0x10003400,".text",0x10003457,"PUSH dword ptr [ESP + 0x64]","FF 74 24 64"
0x006E173C,0XE8,0x10003660,".text",0x10003660,"PUSH EDI","57"
0x006E1773,0XE8,0x10003660,".text",0x10003660,"PUSH EDI","57"
0x006E173C,0XE8,0x10003660,".text",0x10003661,"SHL byte ptr [ESI + 0xf],0x2e","C0 66 0F 2E"
0x006E1773,0XE8,0x10003660,".text",0x10003661,"SHL byte ptr [ESI + 0xf],0x2e","C0 66 0F 2E"
0x006E173C,0XE8,0x10003660,".text",0x10003665,"SHL DL,0x1","D0 F2"
0x006E1773,0XE8,0x10003660,".text",0x10003665,"SHL DL,0x1","D0 F2"
0x006E173C,0XE8,0x10003660,".text",0x10003667,"MOVUPS xmmword ptr [ESP + 0x28],XMM2","0F 11 54 24 28"
0x006E1773,0XE8,0x10003660,".text",0x10003667,"MOVUPS xmmword ptr [ESP + 0x28],XMM2","0F 11 54 24 28"
0x006E173C,0XE8,0x10003660,".text",0x1000366C,"LAHF","9F"
0x006E1773,0XE8,0x10003660,".text",0x1000366C,"LAHF","9F"
0x006E173C,0XE8,0x10003660,".text",0x1000366D,"TEST AH,0x44","F6 C4 44"
0x006E1773,0XE8,0x10003660,".text",0x1000366D,"TEST AH,0x44","F6 C4 44"
0x006E173C,0XE8,0x10003660,".text",0x10003670,"JNP 0x1000368b","7B 19"
0x006E1773,0XE8,0x10003660,".text",0x10003670,"JNP 0x1000368b","7B 19"
0x006E173C,0XE8,0x10003660,".text",0x10003672,"CALL 0x1001cf00","E8 89 98 01 00"
0x006E1773,0XE8,0x10003660,".text",0x10003672,"CALL 0x1001cf00","E8 89 98 01 00"
0x006E173C,0XE8,0x10003660,".text",0x10003677,"FLD1","D9 E8"
0x006E1773,0XE8,0x10003660,".text",0x10003677,"FLD1","D9 E8"
0x006E173C,0XE8,0x10003660,".text",0x10003679,"FDIVRP","DE F1"
0x006E1773,0XE8,0x10003660,".text",0x10003679,"FDIVRP","DE F1"
0x006E173C,0XE8,0x10003660,".text",0x1000367B,"FSTP double ptr [ESP + 0x28]","DD 5C 24 28"
0x006E1773,0XE8,0x10003660,".text",0x1000367B,"FSTP double ptr [ESP + 0x28]","DD 5C 24 28"
0x006E173C,0XE8,0x10003660,".text",0x1000367F,"MOVSD XMM0,qword ptr [ESP + 0x28]","F2 0F 10 44 24 28"
0x006E1773,0XE8,0x10003660,".text",0x1000367F,"MOVSD XMM0,qword ptr [ESP + 0x28]","F2 0F 10 44 24 28"
0x006E173C,0XE8,0x10003660,".text",0x10003685,"MOVSD qword ptr [ESP + 0x28],XMM0","F2 0F 11 44 24 28"
0x006E1773,0XE8,0x10003660,".text",0x10003685,"MOVSD qword ptr [ESP + 0x28],XMM0","F2 0F 11 44 24 28"
0x006E173C,0XE8,0x10003660,".text",0x1000368B,"MOVSS XMM5,dword ptr [EDI]","F3 0F 10 2F"
0x006E1773,0XE8,0x10003660,".text",0x1000368B,"MOVSS XMM5,dword ptr [EDI]","F3 0F 10 2F"
0x006E173C,0XE8,0x10003660,".text",0x1000368F,"MOVSS XMM0,dword ptr [EDI + 0x4]","F3 0F 10 47 04"
0x006E1773,0XE8,0x10003660,".text",0x1000368F,"MOVSS XMM0,dword ptr [EDI + 0x4]","F3 0F 10 47 04"
0x006E173C,0XE8,0x10003660,".text",0x10003694,"CVTPS2PD XMM5,XMM5","0F 5A ED"
0x006E1773,0XE8,0x10003660,".text",0x10003694,"CVTPS2PD XMM5,XMM5","0F 5A ED"
0x006E173C,0XE8,0x10003660,".text",0x10003697,"CVTPS2PD XMM0,XMM0","0F 5A C0"
0x006E1773,0XE8,0x10003660,".text",0x10003697,"CVTPS2PD XMM0,XMM0","0F 5A C0"
0x006E173C,0XE8,0x10003660,".text",0x1000369A,"MOVAPS XMM1,XMM5","0F 28 CD"
0x006E1773,0XE8,0x10003660,".text",0x1000369A,"MOVAPS XMM1,XMM5","0F 28 CD"
0x006E173C,0XE8,0x10003660,".text",0x1000369D,"MOVSD qword ptr [ESP + 0x18],XMM5","F2 0F 11 6C 24 18"
0x006E1773,0XE8,0x10003660,".text",0x1000369D,"MOVSD qword ptr [ESP + 0x18],XMM5","F2 0F 11 6C 24 18"
0x006E173C,0XE8,0x10003660,".text",0x100036A3,"MULSD XMM0,XMM0","F2 0F 59 C0"
0x006E1773,0XE8,0x10003660,".text",0x100036A3,"MULSD XMM0,XMM0","F2 0F 59 C0"
0x006E173C,0XE8,0x10003660,".text",0x100036A7,"MULSD XMM1,XMM5","F2 0F 59 CD"
0x006E1773,0XE8,0x10003660,".text",0x100036A7,"MULSD XMM1,XMM5","F2 0F 59 CD"
0x006E173C,0XE8,0x10003660,".text",0x100036AB,"ADDSD XMM1,XMM0","F2 0F 58 C8"
0x006E1773,0XE8,0x10003660,".text",0x100036AB,"ADDSD XMM1,XMM0","F2 0F 58 C8"
0x006E173C,0XE8,0x10003660,".text",0x100036AF,"XORPS XMM0,XMM0","0F 57 C0"
0x006E1773,0XE8,0x10003660,".text",0x100036AF,"XORPS XMM0,XMM0","0F 57 C0"
0x006E173C,0XE8,0x10003660,".text",0x100036B2,"UCOMISD XMM1,XMM0","66 0F 2E C8"
0x006E1773,0XE8,0x10003660,".text",0x100036B2,"UCOMISD XMM1,XMM0","66 0F 2E C8"
0x006E27E6,0XE9,0x100031E0,".text",0x100031E1,"PUSH dword ptr [ESP + 0x14]","FF 74 24 14"
0x006E27E6,0XE9,0x100031E0,".text",0x100031E5,"PUSH 0xc","6A 0C"
0x006E27E6,0XE9,0x100031E0,".text",0x100031E7,"PUSH 0x6a2eeb","68 EB 2E 6A 00"
0x006E27E6,0XE9,0x100031E0,".text",0x100031EC,"CALL 0x10042507","E8 16 F3 03 00"
0x006E27E6,0XE9,0x100031E0,".text",0x100031F1,"LEA EAX,[ESP + 0x10]","8D 44 24 10"
0x006E27E6,0XE9,0x100031E0,".text",0x100031F5,"PUSH EAX","50"
0x006E27E6,0XE9,0x100031E0,".text",0x100031F6,"PUSH 0x40","6A 40"
0x006E27E6,0XE9,0x100031E0,".text",0x100031F8,"PUSH 0x12","6A 12"
0x006E27E6,0XE9,0x100031E0,".text",0x100031FA,"PUSH 0x6bde73","68 73 DE 6B 00"
0x006E27E6,0XE9,0x100031E0,".text",0x100031FF,"CALL 0x10042507","E8 03 F3 03 00"
0x006E27E6,0XE9,0x100031E0,".text",0x10003204,"MOV dword ptr [0x006bde73],0x90909090","C7 05 73 DE 6B 00 90 90 90 90"
0x006E27E6,0XE9,0x100031E0,".text",0x1000320E,"LEA EAX,[ESP + 0x14]","8D 44 24 14"
0x006E27E6,0XE9,0x100031E0,".text",0x10003212,"MOV dword ptr [0x006bde77],0x90909090","C7 05 77 DE 6B 00 90 90 90 90"
0x006E27E6,0XE9,0x100031E0,".text",0x1000321C,"MOV dword ptr [0x006bde7b],0x90909090","C7 05 7B DE 6B 00 90 90 90 90"
0x006E27E6,0XE9,0x100031E0,".text",0x10003226,"PUSH EAX","50"
0x006E27E6,0XE9,0x100031E0,".text",0x10003227,"MOV dword ptr [0x006bde7f],0x90909090","C7 05 7F DE 6B 00 90 90 90 90"
0x006E27E6,0XE9,0x100031E0,".text",0x10003231,"MOV word ptr [0x006bde83],SI","66 89 35 83 DE 6B 00"
0x006E27E6,0XE9,0x100031E0,".text",0x10003238,"PUSH dword ptr [ESP + 0x14]","FF 74 24 14"
0x006E27E6,0XE9,0x100031E0,".text",0x1000323C,"PUSH 0x12","6A 12"
0x006E27E6,0XE9,0x100031E0,".text",0x1000323E,"PUSH 0x6bde73","68 73 DE 6B 00"
0x006E27E6,0XE9,0x100031E0,".text",0x10003243,"CALL 0x10042507","E8 BF F2 03 00"
0x006E27E6,0XE9,0x100031E0,".text",0x10003248,"LEA EAX,[ESP + 0x10]","8D 44 24 10"
0x006E27E6,0XE9,0x100031E0,".text",0x1000324C,"MOV dword ptr [ESP + 0x18],0xe8","C7 44 24 18 E8 00 00 00"
0x006E27E6,0XE9,0x100031E0,".text",0x10003254,"PUSH EAX","50"
0x006E0DF7,0XE8,0x10003340,".text",0x10003340,"MOV EAX,dword ptr [ESI + 0x48]","8B 46 48"
0x006E0DF7,0XE8,0x10003340,".text",0x10003343,"PUSH dword ptr [ESP + 0x44]","FF 74 24 44"
0x006E0DF7,0XE8,0x10003340,".text",0x10003347,"SAR EDX,0x6","C1 FA 06"
0x006E0DF7,0XE8,0x10003340,".text",0x1000334A,"PUSH dword ptr [ESP + 0x44]","FF 74 24 44"
0x006E0DF7,0XE8,0x10003340,".text",0x1000334E,"MOV ECX,EDX","8B CA"
0x006E0DF7,0XE8,0x10003340,".text",0x10003350,"PUSH dword ptr [ESP + 0x44]","FF 74 24 44"
0x006E0DF7,0XE8,0x10003340,".text",0x10003354,"SHR ECX,0x1f","C1 E9 1F"
0x006E0DF7,0XE8,0x10003340,".text",0x10003357,"ADD ECX,EDX","03 CA"
0x006E0DF7,0XE8,0x10003340,".text",0x10003359,"MOV EAX,dword ptr [EAX + ECX*0x4]","8B 04 88"
0x006E0DF7,0XE8,0x10003340,".text",0x1000335C,"MOV ECX,dword ptr [ESP + 0x44]","8B 4C 24 44"
0x006E0DF7,0XE8,0x10003340,".text",0x10003360,"CMP byte ptr [EAX + EDI*0x1 + 0x1c],0x0","80 7C 38 1C 00"
0x006E0DF7,0XE8,0x10003340,".text",0x10003365,"MOV EAX,0x7000e0","B8 E0 00 70 00"
0x006E0DF7,0XE8,0x10003340,".text",0x1000336A,"CMOVNZ ECX,dword ptr [0x1009e5f0]","0F 45 0D F0 E5 09 10"
0x006E0DF7,0XE8,0x10003340,".text",0x10003371,"PUSH ECX","51"
0x006E0DF7,0XE8,0x10003340,".text",0x10003372,"PUSH dword ptr [ESP + 0x44]","FF 74 24 44"
0x006E0DF7,0XE8,0x10003340,".text",0x10003376,"PUSH dword ptr [ESP + 0x44]","FF 74 24 44"
0x006E0DF7,0XE8,0x10003340,".text",0x1000337A,"PUSH dword ptr [ESP + 0x44]","FF 74 24 44"
0x006E0DF7,0XE8,0x10003340,".text",0x1000337E,"PUSH dword ptr [ESP + 0x44]","FF 74 24 44"
0x006E0DF7,0XE8,0x10003340,".text",0x10003382,"PUSH dword ptr [ESP + 0x44]","FF 74 24 44"
0x006E0DF7,0XE8,0x10003340,".text",0x10003386,"PUSH dword ptr [ESP + 0x44]","FF 74 24 44"
0x006E0DF7,0XE8,0x10003340,".text",0x1000338A,"PUSH dword ptr [ESP + 0x44]","FF 74 24 44"
0x006E0DF7,0XE8,0x10003340,".text",0x1000338E,"CALL EAX","FF D0"
0x006E0DF7,0XE8,0x10003340,".text",0x10003390,"ADD ESP,0x38","83 C4 38"
0x006E0DF7,0XE8,0x10003340,".text",0x10003393,"POP EDI","5F"
