candidate,owner,block,relation,instruction_address,mnemonic,bytes,instruction_text,incoming_refs,function_incoming_refs
"00619c9e","00619c90",".text","before","00619c2d","NEG","F7D8","NEG EAX","",""
"00619c9e","00619c90",".text","before","00619c2f","SBB","1BC0","SBB EAX,EAX","",""
"00619c9e","00619c90",".text","before","00619c31","POP","5F","POP EDI","",""
"00619c9e","00619c90",".text","before","00619c32","NEG","F7D8","NEG EAX","",""
"00619c9e","00619c90",".text","before","00619c34","POP","5E","POP ESI","",""
"00619c9e","00619c90",".text","before","00619c35","RET","C3","RET","",""
"00619c9e","00619c90",".text","before","00619c36","MOV","B802000000","MOV EAX,0x2","",""
"00619c9e","00619c90",".text","before","00619c3b","POP","5F","POP EDI","",""
"00619c9e","00619c90",".text","before","00619c3c","POP","5E","POP ESI","",""
"00619c9e","00619c90",".text","before","00619c3d","RET","C3","RET","",""
"00619c9e","00619c90",".text","before","00619c90","PUSH","51","PUSH ECX","",""
"00619c9e","00619c90",".text","before","00619c91","PUSH","6800004000","PUSH 0x400000","",""
"00619c9e","00619c90",".text","before","00619c96","PUSH","6A00","PUSH 0x0","",""
"00619c9e","00619c90",".text","before","00619c98","CALL","E873B81200","CALL 0x00745510","",""
"00619c9e","00619c90",".text","before","00619c9d","PUSH","50","PUSH EAX","",""
"00619c9e","00619c90",".text","candidate","00619c9e","CALL","E8CD941D00","CALL 0x007f3170","","00619c0a:UNCONDITIONAL_CALL|005bf395:UNCONDITIONAL_CALL"
"00619c9e","00619c90",".text","after","00619ca3","ADD","83C40C","ADD ESP,0xc","",""
"00619c9e","00619c90",".text","after","00619ca6","TEST","85C0","TEST EAX,EAX","",""
"00619c9e","00619c90",".text","after","00619ca8","JZ","7438","JZ 0x00619ce2","",""
"00619c9e","00619c90",".text","after","00619caa","PUSH","6A00","PUSH 0x0","",""
"00619c9e","00619c90",".text","after","00619cac","PUSH","6A03","PUSH 0x3","",""
"00619c9e","00619c90",".text","after","00619cae","CALL","E85D4FF2FF","CALL 0x0053ec10","",""
"00619c9e","00619c90",".text","after","00619cb3","CALL","E868B81200","CALL 0x00745520","",""
"00619c9e","00619c90",".text","after","00619cb8","PUSH","6A00","PUSH 0x0","",""
"00619c9e","00619c90",".text","after","00619cba","PUSH","6A09","PUSH 0x9","",""
"00619c9e","00619c90",".text","after","00619cbc","CALL","E84F4FF2FF","CALL 0x0053ec10","",""
"00619c9e","00619c90",".text","after","00619cc1","ADD","83C410","ADD ESP,0x10","",""
"00619c9e","00619c90",".text","after","00619cc4","CMP","83F802","CMP EAX,0x2","",""
"00619c9e","00619c90",".text","after","00619cc7","JZ","7404","JZ 0x00619ccd","",""
"00619c9e","00619c90",".text","after","00619cc9","TEST","85C0","TEST EAX,EAX","",""
"00619c9e","00619c90",".text","after","00619ccb","JZ","7415","JZ 0x00619ce2","",""
"007f3170","007f3170",".text","before","007f3136","XOR","33C0","XOR EAX,EAX","",""
"007f3170","007f3170",".text","before","007f3138","TEST","85C9","TEST ECX,ECX","",""
"007f3170","007f3170",".text","before","007f313a","SETZ","0F94C0","SETZ AL","",""
"007f3170","007f3170",".text","before","007f313d","PUSH","56","PUSH ESI","",""
"007f3170","007f3170",".text","before","007f313e","MOV","8BF0","MOV ESI,EAX","",""
"007f3170","007f3170",".text","before","007f3140","TEST","85F6","TEST ESI,ESI","",""
"007f3170","007f3170",".text","before","007f3142","JZ","741F","JZ 0x007f3163","",""
"007f3170","007f3170",".text","before","007f3144","CALL","E8D7510100","CALL 0x00808320","",""
"007f3170","007f3170",".text","before","007f3149","CALL","E8F2100100","CALL 0x00804240","",""
"007f3170","007f3170",".text","before","007f314e","CALL","E89DEF0000","CALL 0x008020f0","",""
"007f3170","007f3170",".text","before","007f3153","MOV","8B0D247BC900","MOV ECX,dword ptr [0x00c97b24]","",""
"007f3170","007f3170",".text","before","007f3159","MOV","C7815001000000000000","MOV dword ptr [ECX + 0x150],0x0","",""
"007f3170","007f3170",".text","before","007f3163","MOV","8BC6","MOV EAX,ESI","",""
"007f3170","007f3170",".text","before","007f3165","POP","5E","POP ESI","",""
"007f3170","007f3170",".text","before","007f3166","RET","C3","RET","",""
"007f3170","007f3170",".text","candidate","007f3170","MOV","8A442408","MOV AL,byte ptr [ESP + 0x8]","00619c9e:UNCONDITIONAL_CALL","00619c9e:UNCONDITIONAL_CALL"
"007f3170","007f3170",".text","after","007f3174","SUB","83EC18","SUB ESP,0x18","",""
"007f3170","007f3170",".text","after","007f3177","MOV","C705247BC900C879C900","MOV dword ptr [0x00c97b24],0xc979c8","",""
"007f3170","007f3170",".text","after","007f3181","PUSH","56","PUSH ESI","",""
"007f3170","007f3170",".text","after","007f3182","XOR","33F6","XOR ESI,ESI","",""
"007f3170","007f3170",".text","after","007f3184","TEST","A801","TEST AL,0x1","",""
"007f3170","007f3170",".text","after","007f3186","JZ","7417","JZ 0x007f319f","",""
"007f3170","007f3170",".text","after","007f3188","MOV","C7050C7BC90090347F00","MOV dword ptr [0x00c97b0c],0x7f3490","",""
"007f3170","007f3170",".text","after","007f3192","MOV","C705107BC900B0347F00","MOV dword ptr [0x00c97b10],0x7f34b0","",""
"007f3170","007f3170",".text","after","007f319c","PUSH","56","PUSH ESI","",""
"007f3170","007f3170",".text","after","007f319d","JMP","EB16","JMP 0x007f31b5","",""
"007f3170","007f3170",".text","after","007f319f","MOV","C7050C7BC900301C8000","MOV dword ptr [0x00c97b0c],0x801c30","",""
"007f3170","007f3170",".text","after","007f31a9","MOV","C705107BC900501D8000","MOV dword ptr [0x00c97b10],0x801d50","",""
"007f3170","007f3170",".text","after","007f31b3","PUSH","6A01","PUSH 0x1","",""
"007f3170","007f3170",".text","after","007f31b5","CALL","E8B6E70000","CALL 0x00801970","",""
"007f3170","007f3170",".text","after","007f31ba","MOV","A1247BC900","MOV EAX,[0x00c97b24]","",""
