entry,cfg_instruction_count,body_min,body_max,body_byte_count,decompile_completed,status
0x004A1940,160,004a1940,004a21ce,2185,yes,"bounded_cfg_decompilation"
0x00534310,72,00534310,005343ed,222,yes,"bounded_cfg_decompilation"
0x0053E230,160,0053e230,0053e52f,768,yes,"bounded_cfg_decompilation"
0x00553A10,49,00553a10,00553a9f,144,yes,"bounded_cfg_decompilation"
0x00553AA0,160,00553aa0,00553cf7,592,yes,"bounded_cfg_decompilation"
0x00553D00,58,00553d00,00553dba,187,yes,"bounded_cfg_decompilation"
0x00579FA4,160,00579fa4,0057b245,4760,yes,"bounded_cfg_decompilation"
0x00588050,160,00588050,00588744,1772,yes,"bounded_cfg_decompilation"
0x0058A330,160,0058a330,0058aa35,1798,yes,"bounded_cfg_decompilation"
0x0058D7D0,123,0058d7d0,0058d991,450,yes,"bounded_cfg_decompilation"
0x0058E020,160,0058e020,0058eaec,2765,yes,"bounded_cfg_decompilation"
0x005D8590,160,005d8590,005d8862,723,yes,"bounded_cfg_decompilation"
0x006D0E20,20,006d0e20,006d0e59,58,yes,"bounded_cfg_decompilation"
0x006D64F0,90,006d64f0,006d6635,326,yes,"bounded_cfg_decompilation"
0x006E0E20,160,006e0e20,006e1438,1561,yes,"bounded_cfg_decompilation"
0x006E7760,160,006e7760,006e7b18,953,yes,"bounded_cfg_decompilation"
0x006ED9A0,160,006ed9a0,006edd9c,1002,yes,"bounded_cfg_decompilation"
0x006EF673,160,006ef673,006f00c2,2633,yes,"bounded_cfg_decompilation"
0x006FAEC0,160,006faec0,006fb625,1894,yes,"bounded_cfg_decompilation"
0x006FB630,160,006fb630,006fba10,993,yes,"bounded_cfg_decompilation"
0x007002D0,160,007002d0,00700bdc,2317,yes,"bounded_cfg_decompilation"
0x00708300,160,00708300,007086a0,914,yes,"bounded_cfg_decompilation"
0x0070A960,160,0070a960,0070b727,3507,yes,"bounded_cfg_decompilation"
0x0070D000,160,0070d000,0070d31b,787,yes,"bounded_cfg_decompilation"
0x0070D320,95,0070d320,0070d482,355,yes,"bounded_cfg_decompilation"
0x0070D490,160,0070d490,0070d824,917,yes,"bounded_cfg_decompilation"
0x00719840,160,00719840,00719b3e,767,yes,"bounded_cfg_decompilation"
0x00720640,160,00720640,0072091c,724,yes,"bounded_cfg_decompilation"
0x00728640,160,00728640,00728a8c,1101,yes,"bounded_cfg_decompilation"
0x00728DA0,160,00728da0,007295d6,1423,yes,"bounded_cfg_decompilation"
0x00732B40,101,00732b40,00732c72,307,yes,"bounded_cfg_decompilation"
0x00732F30,160,00732f30,00733151,546,yes,"bounded_cfg_decompilation"
0x00742CF0,160,00742cf0,00743c1e,3887,yes,"bounded_cfg_decompilation"
0x0074CA90,160,0074ca90,0074ccae,543,yes,"bounded_cfg_decompilation"
0x0074CCC0,51,0074ccc0,0074cd64,165,yes,"bounded_cfg_decompilation"
0x0074D190,160,0074d190,0074d6c3,1332,yes,"bounded_cfg_decompilation"
0x0074DD30,160,0074dd30,0074e003,724,yes,"bounded_cfg_decompilation"
0x0074F760,160,0074f760,0074fafa,923,yes,"bounded_cfg_decompilation"
0x00754E20,160,00754e20,007551ec,973,yes,"bounded_cfg_decompilation"
0x007591D0,160,007591d0,0075963d,1134,yes,"bounded_cfg_decompilation"
0x00759790,160,00759790,0075a08d,2302,yes,"bounded_cfg_decompilation"
0x007C51D0,160,007c51d0,007c5b72,2467,yes,"bounded_cfg_decompilation"
0x007C7190,100,007c7190,007c729c,269,yes,"bounded_cfg_decompilation"
0x007C75B0,160,007c75b0,007c779d,494,yes,"bounded_cfg_decompilation"
0x007C88B0,71,007c88b0,007c8979,202,yes,"bounded_cfg_decompilation"
0x007C8A70,58,007c8a70,007c8b0d,158,yes,"bounded_cfg_decompilation"
0x007C8BE0,138,007c8be0,007c8d3c,349,yes,"bounded_cfg_decompilation"
0x007CDF60,160,007cdf60,007ce5c0,1633,yes,"bounded_cfg_decompilation"
0x007EC810,160,007ec810,007ec9be,431,yes,"bounded_cfg_decompilation"
0x007EC9D0,125,007ec9d0,007ecb1b,332,yes,"bounded_cfg_decompilation"
0x007ECB30,152,007ecb30,007ecce3,436,yes,"bounded_cfg_decompilation"
0x007ECEF0,157,007ecef0,007ed0d0,481,yes,"bounded_cfg_decompilation"
0x007EF520,18,007ef520,007ef54e,47,yes,"bounded_cfg_decompilation"
0x007F0050,111,007f0050,007f019d,334,yes,"bounded_cfg_decompilation"
0x007F18B0,49,007f18b0,007f191e,111,yes,"bounded_cfg_decompilation"
0x007F1D00,160,007f1d00,007f1fcc,717,yes,"bounded_cfg_decompilation"
0x007F2070,80,007f2070,007f2150,225,yes,"bounded_cfg_decompilation"
0x007F25A0,143,007f25a0,007f2719,378,yes,"bounded_cfg_decompilation"
0x007F2F00,34,007f2f00,007f2f65,102,yes,"bounded_cfg_decompilation"
0x007F2F70,149,007f2f70,007f312e,447,yes,"bounded_cfg_decompilation"
0x007F38A0,36,007f38a0,007f390d,110,yes,"bounded_cfg_decompilation"
0x007F3910,36,007f3910,007f397d,110,yes,"bounded_cfg_decompilation"
0x007F4690,160,007f4690,007f4ad3,1092,yes,"bounded_cfg_decompilation"
0x007F4AE0,160,007f4ae0,007f513e,1631,yes,"bounded_cfg_decompilation"
0x007F6B40,50,007f6b40,007f6be8,169,yes,"bounded_cfg_decompilation"
0x007F7F70,147,007f7f70,007f8157,488,yes,"bounded_cfg_decompilation"
0x007F9D50,80,007f9d50,007f9e7b,300,yes,"bounded_cfg_decompilation"
0x007FA390,114,007fa390,007fa4e7,344,yes,"bounded_cfg_decompilation"
0x007FA660,84,007fa660,007fa74b,236,yes,"bounded_cfg_decompilation"
0x007FAA30,160,007faa30,007fac0f,480,yes,"bounded_cfg_decompilation"
0x008019B0,153,008019b0,00801b60,433,yes,"bounded_cfg_decompilation"
0x00801E90,100,00801e90,00801f8d,254,yes,"bounded_cfg_decompilation"
0x00802AF0,160,00802af0,00802e97,936,yes,"bounded_cfg_decompilation"
0x008030C0,126,008030c0,0080320c,333,yes,"bounded_cfg_decompilation"
0x008050C0,160,008050c0,008052e1,546,yes,"bounded_cfg_decompilation"
0x008057B0,33,008057b0,00805815,102,yes,"bounded_cfg_decompilation"
0x00805A20,160,00805a20,00805d0a,747,yes,"bounded_cfg_decompilation"
0x00805F40,160,00805f40,008064c3,1412,yes,"bounded_cfg_decompilation"
0x008065E0,157,008065e0,008067ad,462,yes,"bounded_cfg_decompilation"
0x00806DE0,105,00806de0,00806f15,310,yes,"bounded_cfg_decompilation"
0x00809550,139,00809550,008096f8,425,yes,"bounded_cfg_decompilation"
0x0080AA80,160,0080aa80,0080ad8f,784,yes,"bounded_cfg_decompilation"
0x0080AED0,52,0080aed0,0080af53,132,yes,"bounded_cfg_decompilation"
0x0080C470,62,0080c470,0080c51f,176,yes,"bounded_cfg_decompilation"
0x0080EA40,69,0080ea40,0080eb29,234,yes,"bounded_cfg_decompilation"
0x00811C80,124,00811c80,00811de3,356,yes,"bounded_cfg_decompilation"
0x008149E0,160,008149e0,00815c19,4666,yes,"bounded_cfg_decompilation"
