address,function_entry,has_rwglobals_root_ref,mnemonic,bytes,instruction
0x004A1C06,004a1940,true,MOVSD.REP,F3A5,"MOVSD.REP ES:EDI,ESI"
0x004A1C36,004a1940,true,MOVSD.REP,F3A5,"MOVSD.REP ES:EDI,ESI"
0x00733035,00732f30,true,MOVSD.REP,F3A5,"MOVSD.REP ES:EDI,ESI"
0x007330E8,00732f30,true,MOVSD.REP,F3A5,"MOVSD.REP ES:EDI,ESI"
0x0074CB9B,0074ca90,true,STOSD.REP,F3AB,"STOSD.REP ES:EDI"
0x0074DD80,0074dd30,true,STOSD.REP,F3AB,"STOSD.REP ES:EDI"
0x0074F883,0074f760,true,STOSD.REP,F3AB,"STOSD.REP ES:EDI"
0x00754E59,00754e20,true,STOSD.REP,F3AB,"STOSD.REP ES:EDI"
0x00754E66,00754e20,true,STOSB.REP,F3AA,"STOSB.REP ES:EDI"
0x007593D1,007591d0,true,MOVSD.REP,F3A5,"MOVSD.REP ES:EDI,ESI"
0x007595C1,007591d0,true,MOVSD.REP,F3A5,"MOVSD.REP ES:EDI,ESI"
0x007595C8,007591d0,true,MOVSB.REP,F3A4,"MOVSB.REP ES:EDI,ESI"
0x00759F0A,00759790,true,MOVSD.REP,F3A5,"MOVSD.REP ES:EDI,ESI"
0x00759F11,00759790,true,MOVSB.REP,F3A4,"MOVSB.REP ES:EDI,ESI"
0x00759F7B,00759790,true,MOVSD.REP,F3A5,"MOVSD.REP ES:EDI,ESI"
0x00759F82,00759790,true,MOVSB.REP,F3A4,"MOVSB.REP ES:EDI,ESI"
0x007C5227,007c51d0,true,MOVSD.REP,F3A5,"MOVSD.REP ES:EDI,ESI"
0x007C5301,007c51d0,true,MOVSD.REP,F3A5,"MOVSD.REP ES:EDI,ESI"
0x007C5328,007c51d0,true,MOVSD.REP,F3A5,"MOVSD.REP ES:EDI,ESI"
0x007C5564,007c51d0,true,MOVSD.REP,F3A5,"MOVSD.REP ES:EDI,ESI"
0x007C558C,007c51d0,true,MOVSD.REP,F3A5,"MOVSD.REP ES:EDI,ESI"
0x007C55C5,007c51d0,true,MOVSD.REP,F3A5,"MOVSD.REP ES:EDI,ESI"
0x007C55DE,007c51d0,true,MOVSD.REP,F3A5,"MOVSD.REP ES:EDI,ESI"
0x007C5753,007c51d0,true,MOVSD.REP,F3A5,"MOVSD.REP ES:EDI,ESI"
0x007C5839,007c51d0,true,MOVSD.REP,F3A5,"MOVSD.REP ES:EDI,ESI"
0x007C5860,007c51d0,true,MOVSD.REP,F3A5,"MOVSD.REP ES:EDI,ESI"
0x007C5A8B,007c51d0,true,MOVSD.REP,F3A5,"MOVSD.REP ES:EDI,ESI"
0x007C5ADE,007c51d0,true,MOVSD.REP,F3A5,"MOVSD.REP ES:EDI,ESI"
0x007C71DA,007c7190,true,STOSD.REP,F3AB,"STOSD.REP ES:EDI"
0x007C71E1,007c7190,true,STOSB.REP,F3AA,"STOSB.REP ES:EDI"
0x007C7223,007c7190,true,MOVSD.REP,F3A5,"MOVSD.REP ES:EDI,ESI"
0x007C722A,007c7190,true,MOVSB.REP,F3A4,"MOVSB.REP ES:EDI,ESI"
0x007C7254,007c7190,true,MOVSD.REP,F3A5,"MOVSD.REP ES:EDI,ESI"
0x007C726A,007c7190,true,MOVSD.REP,F3A5,"MOVSD.REP ES:EDI,ESI"
0x007C7271,007c7190,true,MOVSB.REP,F3A4,"MOVSB.REP ES:EDI,ESI"
0x007C728A,007c7190,true,MOVSD.REP,F3A5,"MOVSD.REP ES:EDI,ESI"
0x007C7291,007c7190,true,MOVSB.REP,F3A4,"MOVSB.REP ES:EDI,ESI"
0x007C75E4,007c75b0,true,STOSD.REP,F3AB,"STOSD.REP ES:EDI"
0x007C769D,007c75b0,true,STOSD.REP,F3AB,"STOSD.REP ES:EDI"
0x007C76A4,007c75b0,true,STOSB.REP,F3AA,"STOSB.REP ES:EDI"
0x007C76F0,007c75b0,true,MOVSD.REP,F3A5,"MOVSD.REP ES:EDI,ESI"
0x007C76F7,007c75b0,true,MOVSB.REP,F3A4,"MOVSB.REP ES:EDI,ESI"
0x007C7727,007c75b0,true,MOVSD.REP,F3A5,"MOVSD.REP ES:EDI,ESI"
0x007C773E,007c75b0,true,MOVSD.REP,F3A5,"MOVSD.REP ES:EDI,ESI"
0x007C7745,007c75b0,true,MOVSB.REP,F3A4,"MOVSB.REP ES:EDI,ESI"
0x007C7764,007c75b0,true,MOVSD.REP,F3A5,"MOVSD.REP ES:EDI,ESI"
0x007C776B,007c75b0,true,MOVSB.REP,F3A4,"MOVSB.REP ES:EDI,ESI"
0x007C8929,007c88b0,true,STOSD.REP,F3AB,"STOSD.REP ES:EDI"
0x007C8ADB,007c8a70,true,STOSD.REP,F3AB,"STOSD.REP ES:EDI"
0x007C8AE2,007c8a70,true,STOSB.REP,F3AA,"STOSB.REP ES:EDI"
0x007C8CC9,007c8be0,true,STOSD.REP,F3AB,"STOSD.REP ES:EDI"
0x007C8CD4,007c8be0,true,STOSB.REP,F3AA,"STOSB.REP ES:EDI"
0x007CE3CE,007cdf60,true,STOSD.REP,F3AB,"STOSD.REP ES:EDI"
0x007CE3D5,007cdf60,true,STOSB.REP,F3AA,"STOSB.REP ES:EDI"
0x007EC989,007ec810,true,MOVSD.REP,F3A5,"MOVSD.REP ES:EDI,ESI"
0x007ECABB,007ec9d0,true,MOVSD.REP,F3A5,"MOVSD.REP ES:EDI,ESI"
0x007ECAC2,007ec9d0,true,MOVSB.REP,F3A4,"MOVSB.REP ES:EDI,ESI"
0x007ECC7F,007ecb30,true,MOVSD.REP,F3A5,"MOVSD.REP ES:EDI,ESI"
0x007ECC86,007ecb30,true,MOVSB.REP,F3A4,"MOVSB.REP ES:EDI,ESI"
0x007ED09F,007ecef0,true,MOVSD.REP,F3A5,"MOVSD.REP ES:EDI,ESI"
0x007EF545,007ef520,true,STOSD.REP,F3AB,"STOSD.REP ES:EDI"
0x007F00C4,007f0050,true,MOVSD.REP,F3A5,"MOVSD.REP ES:EDI,ESI"
0x007F18E6,007f18b0,true,MOVSD.REP,F3A5,"MOVSD.REP ES:EDI,ESI"
0x007F18FE,007f18b0,true,MOVSD.REP,F3A5,"MOVSD.REP ES:EDI,ESI"
0x007F1EBD,007f1d00,true,MOVSD.REP,F3A5,"MOVSD.REP ES:EDI,ESI"
0x007F1ECA,007f1d00,true,MOVSD.REP,F3A5,"MOVSD.REP ES:EDI,ESI"
0x007F1EE7,007f1d00,true,MOVSD.REP,F3A5,"MOVSD.REP ES:EDI,ESI"
0x007F1EF4,007f1d00,true,MOVSD.REP,F3A5,"MOVSD.REP ES:EDI,ESI"
0x007F1F38,007f1d00,true,MOVSD.REP,F3A5,"MOVSD.REP ES:EDI,ESI"
0x007F1F45,007f1d00,true,MOVSD.REP,F3A5,"MOVSD.REP ES:EDI,ESI"
0x007F1F64,007f1d00,true,MOVSD.REP,F3A5,"MOVSD.REP ES:EDI,ESI"
0x007F1F71,007f1d00,true,MOVSD.REP,F3A5,"MOVSD.REP ES:EDI,ESI"
0x007F1FA1,007f1d00,true,MOVSD.REP,F3A5,"MOVSD.REP ES:EDI,ESI"
0x007F1FC1,007f1d00,true,MOVSD.REP,F3A5,"MOVSD.REP ES:EDI,ESI"
0x007F209E,007f2070,true,MOVSD.REP,F3A5,"MOVSD.REP ES:EDI,ESI"
0x007F2620,007f25a0,true,MOVSD.REP,F3A5,"MOVSD.REP ES:EDI,ESI"
0x007F262F,007f25a0,true,MOVSD.REP,F3A5,"MOVSD.REP ES:EDI,ESI"
0x007F264A,007f25a0,true,MOVSD.REP,F3A5,"MOVSD.REP ES:EDI,ESI"
0x007F2657,007f25a0,true,MOVSD.REP,F3A5,"MOVSD.REP ES:EDI,ESI"
0x007F2699,007f25a0,true,MOVSD.REP,F3A5,"MOVSD.REP ES:EDI,ESI"
0x007F26A6,007f25a0,true,MOVSD.REP,F3A5,"MOVSD.REP ES:EDI,ESI"
0x007F26BD,007f25a0,true,MOVSD.REP,F3A5,"MOVSD.REP ES:EDI,ESI"
0x007F26CC,007f25a0,true,MOVSD.REP,F3A5,"MOVSD.REP ES:EDI,ESI"
0x007F26F5,007f25a0,true,MOVSD.REP,F3A5,"MOVSD.REP ES:EDI,ESI"
0x007F2710,007f25a0,true,MOVSD.REP,F3A5,"MOVSD.REP ES:EDI,ESI"
0x007F2F3A,007f2f00,true,MOVSD.REP,F3A5,"MOVSD.REP ES:EDI,ESI"
0x007F3006,007f2f70,true,MOVSD.REP,F3A5,"MOVSD.REP ES:EDI,ESI"
0x007F308D,007f2f70,true,MOVSD.REP,F3A5,"MOVSD.REP ES:EDI,ESI"
0x007F4A03,007f4690,true,MOVSD.REP,F3A5,"MOVSD.REP ES:EDI,ESI"
0x007F4AAE,007f4690,true,MOVSD.REP,F3A5,"MOVSD.REP ES:EDI,ESI"
0x007F6BB6,007f6b40,true,STOSD.REP,F3AB,"STOSD.REP ES:EDI"
0x007F6BE4,007f6b40,true,MOVSD.REP,F3A5,"MOVSD.REP ES:EDI,ESI"
0x007F8024,007f7f70,true,STOSD.REP,F3AB,"STOSD.REP ES:EDI"
0x007F8052,007f7f70,true,MOVSD.REP,F3A5,"MOVSD.REP ES:EDI,ESI"
0x007F9E1F,007f9d50,true,STOSD.REP,F3AB,"STOSD.REP ES:EDI"
0x007F9E4C,007f9d50,true,MOVSD.REP,F3A5,"MOVSD.REP ES:EDI,ESI"
0x007FA40E,007fa390,true,MOVSD.REP,F3A5,"MOVSD.REP ES:EDI,ESI"
0x007FA4B3,007fa390,true,MOVSD.REP,F3A5,"MOVSD.REP ES:EDI,ESI"
0x007FA724,007fa660,true,MOVSD.REP,F3A5,"MOVSD.REP ES:EDI,ESI"
0x007FAB8B,007faa30,true,MOVSD.REP,F3A5,"MOVSD.REP ES:EDI,ESI"
0x007FAB92,007faa30,true,MOVSB.REP,F3A4,"MOVSB.REP ES:EDI,ESI"
0x00801ABA,008019b0,true,STOSD.REP,F3AB,"STOSD.REP ES:EDI"
0x00801AC1,008019b0,true,STOSB.REP,F3AA,"STOSB.REP ES:EDI"
0x00801EE6,00801e90,true,MOVSD.REP,F3A5,"MOVSD.REP ES:EDI,ESI"
0x00801EED,00801e90,true,MOVSB.REP,F3A4,"MOVSB.REP ES:EDI,ESI"
0x00802CB4,00802af0,true,MOVSD.REP,F3A5,"MOVSD.REP ES:EDI,ESI"
0x00802CBB,00802af0,true,MOVSB.REP,F3A4,"MOVSB.REP ES:EDI,ESI"
0x00802CF6,00802af0,true,MOVSD.REP,F3A5,"MOVSD.REP ES:EDI,ESI"
0x00802CFD,00802af0,true,MOVSB.REP,F3A4,"MOVSB.REP ES:EDI,ESI"
0x00803177,008030c0,true,MOVSD.REP,F3A5,"MOVSD.REP ES:EDI,ESI"
0x0080317E,008030c0,true,MOVSB.REP,F3A4,"MOVSB.REP ES:EDI,ESI"
0x0080513F,008050c0,true,STOSD.REP,F3AB,"STOSD.REP ES:EDI"
0x008051DA,008050c0,true,MOVSD.REP,F3A5,"MOVSD.REP ES:EDI,ESI"
0x0080525A,008050c0,true,MOVSD.REP,F3A5,"MOVSD.REP ES:EDI,ESI"
0x008057E0,008057b0,true,STOSD.REP,F3AB,"STOSD.REP ES:EDI"
0x00805B0F,00805a20,true,MOVSD.REP,F3A5,"MOVSD.REP ES:EDI,ESI"
0x00805BA8,00805a20,true,MOVSD.REP,F3A5,"MOVSD.REP ES:EDI,ESI"
0x00805BB3,00805a20,true,MOVSB.REP,F3A4,"MOVSB.REP ES:EDI,ESI"
0x00805C56,00805a20,true,MOVSD.REP,F3A5,"MOVSD.REP ES:EDI,ESI"
0x00805C63,00805a20,true,MOVSB.REP,F3A4,"MOVSB.REP ES:EDI,ESI"
0x00806282,00805f40,true,MOVSD.REP,F3A5,"MOVSD.REP ES:EDI,ESI"
0x0080661A,008065e0,true,MOVSD.REP,F3A5,"MOVSD.REP ES:EDI,ESI"
0x00806680,008065e0,true,MOVSD.REP,F3A5,"MOVSD.REP ES:EDI,ESI"
0x0080668B,008065e0,true,MOVSB.REP,F3A4,"MOVSB.REP ES:EDI,ESI"
0x00806749,008065e0,true,MOVSD.REP,F3A5,"MOVSD.REP ES:EDI,ESI"
0x00806DFB,00806de0,true,STOSD.REP,F3AB,"STOSD.REP ES:EDI"
0x008095A0,00809550,true,MOVSD.REP,F3A5,"MOVSD.REP ES:EDI,ESI"
0x0080AB9B,0080aa80,true,STOSD.REP,F3AB,"STOSD.REP ES:EDI"
0x0080AD06,0080aa80,true,STOSD.REP,F3AB,"STOSD.REP ES:EDI"
0x0080AF21,0080aed0,true,STOSD.REP,F3AB,"STOSD.REP ES:EDI"
0x0080C514,0080c470,true,STOSD.REP,F3AB,"STOSD.REP ES:EDI"
0x0080EA75,0080ea40,true,MOVSD.REP,F3A5,"MOVSD.REP ES:EDI,ESI"
0x00811CC1,00811c80,true,STOSD.REP,F3AB,"STOSD.REP ES:EDI"
0x0081508C,008149e0,true,STOSD.REP,F3AB,"STOSD.REP ES:EDI"
0x0081509F,008149e0,true,STOSB.REP,F3AA,"STOSB.REP ES:EDI"
