owner,instruction_address,mnemonic,bytes,field_offsets,instruction_text
0x007F2A20,0x007F2A34,CALL,FF9048010000,"0x148","CALL dword ptr [EAX + 0x148]"
0x00749DC0,0x00749E2E,CALL,FF9048010000,"0x148","CALL dword ptr [EAX + 0x148]"
0x0074A310,0x0074A476,CALL,FF9048010000,"0x148","CALL dword ptr [EAX + 0x148]"
0x0074A310,0x0074A39F,CALL,FF9048010000,"0x148","CALL dword ptr [EAX + 0x148]"
0x0074CCC0,0x0074CD15,MOV,8B465C,"0x5c","MOV EAX,dword ptr [ESI + 0x5c]"
0x0074CCC0,0x0074CD2E,MOV,C7465C00000000,"0x5c","MOV dword ptr [ESI + 0x5c],0x0"
0x0074DA20,0x0074DA62,CALL,FF9048010000,"0x148","CALL dword ptr [EAX + 0x148]"
0x007520D0,0x007520F6,CALL,FF9048010000,"0x148","CALL dword ptr [EAX + 0x148]"
0x007EE4B0,0x007EE4D6,CALL,FF9048010000,"0x148","CALL dword ptr [EAX + 0x148]"
0x007F05A0,0x007F06DA,CALL,FF9048010000,"0x148","CALL dword ptr [EAX + 0x148]"
0x007F08A0,0x007F0900,CALL,FF9048010000,"0x148","CALL dword ptr [EAX + 0x148]"
0x007F0830,0x007F0890,CALL,FF9048010000,"0x148","CALL dword ptr [EAX + 0x148]"
0x007F36A0,0x007F3713,CALL,FF9048010000,"0x148","CALL dword ptr [EAX + 0x148]"
0x007F3820,0x007F3889,CALL,FF9048010000,"0x148","CALL dword ptr [EAX + 0x148]"
0x007FB020,0x007FB03A,CALL,FF505C,"0x5c","CALL dword ptr [EAX + 0x5c]"
0x007FB020,0x007FB04E,CALL,FF9048010000,"0x148","CALL dword ptr [EAX + 0x148]"
0x00728640,0x00728759,MOV,8944245C,"0x5c","MOV dword ptr [ESP + 0x5c],EAX"
0x00728640,0x0072875D,FILD,DB44245C,"0x5c","FILD dword ptr [ESP + 0x5c]"
0x00728640,0x0072876F,MOV,894C245C,"0x5c","MOV dword ptr [ESP + 0x5c],ECX"
0x00728640,0x00728773,FILD,DB44245C,"0x5c","FILD dword ptr [ESP + 0x5c]"
0x00749C50,0x00749CF1,MOV,895E5C,"0x5c","MOV dword ptr [ESI + 0x5c],EBX"
0x0074B420,0x0074B565,CALL,FF9048010000,"0x148","CALL dword ptr [EAX + 0x148]"
0x0074B420,0x0074B61C,CALL,FF9048010000,"0x148","CALL dword ptr [EAX + 0x148]"
0x0074B420,0x0074B83E,CALL,FF9048010000,"0x148","CALL dword ptr [EAX + 0x148]"
0x0074B420,0x0074BC55,CALL,FF9048010000,"0x148","CALL dword ptr [EAX + 0x148]"
0x0074B060,0x0074B156,MOV,8B4F5C,"0x5c","MOV ECX,dword ptr [EDI + 0x5c]"
0x0074B060,0x0074B242,CALL,FF9048010000,"0x148","CALL dword ptr [EAX + 0x148]"
0x0074B060,0x0074B3B8,CALL,FF9048010000,"0x148","CALL dword ptr [EAX + 0x148]"
0x0074B060,0x0074B296,MOV,8B4F5C,"0x5c","MOV ECX,dword ptr [EDI + 0x5c]"
0x0074CA90,0x0074CB67,MOV,897E5C,"0x5c","MOV dword ptr [ESI + 0x5c],EDI"
0x0074C310,0x0074C349,MOV,8B465C,"0x5c","MOV EAX,dword ptr [ESI + 0x5c]"
0x0074C310,0x0074C3E4,MOV,89465C,"0x5c","MOV dword ptr [ESI + 0x5c],EAX"
0x0074C310,0x0074C3F9,MOV,8B465C,"0x5c","MOV EAX,dword ptr [ESI + 0x5c]"
0x0074C310,0x0074C45B,MOV,8B465C,"0x5c","MOV EAX,dword ptr [ESI + 0x5c]"
0x0074D190,0x0074D344,MOV,8B7E5C,"0x5c","MOV EDI,dword ptr [ESI + 0x5c]"
0x0074D190,0x0074D560,MOV,8B465C,"0x5c","MOV EAX,dword ptr [ESI + 0x5c]"
0x0074D190,0x0074D579,MOV,C7465C00000000,"0x5c","MOV dword ptr [ESI + 0x5c],0x0"
0x0074D190,0x0074D63A,MOV,8B465C,"0x5c","MOV EAX,dword ptr [ESI + 0x5c]"
0x0074D190,0x0074D3EA,MOV,8B465C,"0x5c","MOV EAX,dword ptr [ESI + 0x5c]"
0x0074D190,0x0074D654,MOV,C7465C00000000,"0x5c","MOV dword ptr [ESI + 0x5c],0x0"
0x0074D190,0x0074D404,MOV,C7465C00000000,"0x5c","MOV dword ptr [ESI + 0x5c],0x0"
0x0074D6D0,0x0074D701,MOV,8B465C,"0x5c","MOV EAX,dword ptr [ESI + 0x5c]"
0x0074D6D0,0x0074D71A,MOV,C7465C00000000,"0x5c","MOV dword ptr [ESI + 0x5c],0x0"
0x0074DD30,0x0074DF43,CALL,FF9048010000,"0x148","CALL dword ptr [EAX + 0x148]"
0x0074DD30,0x0074DEA0,CALL,FF9048010000,"0x148","CALL dword ptr [EAX + 0x148]"
0x0074DD30,0x0074DF92,CALL,FF9048010000,"0x148","CALL dword ptr [EAX + 0x148]"
0x00758A90,0x00758AF8,CALL,FF9148010000,"0x148","CALL dword ptr [ECX + 0x148]"
0x00758B80,0x00758BB0,CALL,FF9248010000,"0x148","CALL dword ptr [EDX + 0x148]"
0x007C51D0,0x007C56B9,MOV,C784244801000000000000,"0x148","MOV dword ptr [ESP + 0x148],0x0"
0x007C51D0,0x007C59BF,FSTP,D95C245C,"0x5c","FSTP float ptr [ESP + 0x5c]"
0x007C51D0,0x007C548E,FSTP,D95C245C,"0x5c","FSTP float ptr [ESP + 0x5c]"
0x007C75B0,0x007C7788,CALL,FF9248010000,"0x148","CALL dword ptr [EDX + 0x148]"
0x007ECEF0,0x007ED018,CALL,FF9048010000,"0x148","CALL dword ptr [EAX + 0x148]"
0x007F0050,0x007F018F,CALL,FF9048010000,"0x148","CALL dword ptr [EAX + 0x148]"
0x007F25A0,0x007F2701,MOV,8B44245C,"0x5c","MOV EAX,dword ptr [ESP + 0x5c]"
0x007F25A0,0x007F2675,MOV,8B6C245C,"0x5c","MOV EBP,dword ptr [ESP + 0x5c]"
0x007F25A0,0x007F25FC,MOV,8B6C245C,"0x5c","MOV EBP,dword ptr [ESP + 0x5c]"
0x007F9D50,0x007F9DD0,CALL,FF9148010000,"0x148","CALL dword ptr [ECX + 0x148]"
0x007FB230,0x007FB2AC,CALL,FF9048010000,"0x148","CALL dword ptr [EAX + 0x148]"
0x008019B0,0x00801B3A,CALL,FF9148010000,"0x148","CALL dword ptr [ECX + 0x148]"
0x00805820,0x00805884,CALL,FF9048010000,"0x148","CALL dword ptr [EAX + 0x148]"
0x008020F0,0x00802160,CALL,FF9148010000,"0x148","CALL dword ptr [ECX + 0x148]"
0x008020F0,0x008021EF,CALL,FF9148010000,"0x148","CALL dword ptr [ECX + 0x148]"
0x00808320,0x0080837B,CALL,FF9048010000,"0x148","CALL dword ptr [EAX + 0x148]"
0x00801B80,0x00801BDF,CALL,FF9148010000,"0x148","CALL dword ptr [ECX + 0x148]"
0x007F3170,0x007F3346,MOV,8944245C,"0x5c","MOV dword ptr [ESP + 0x5c],EAX"
0x007F3170,0x007F338B,MOV,8944245C,"0x5c","MOV dword ptr [ESP + 0x5c],EAX"
0x00802740,0x00802786,CALL,FF9048010000,"0x148","CALL dword ptr [EAX + 0x148]"
0x00749F70,0x0074A18E,CALL,FF9048010000,"0x148","CALL dword ptr [EAX + 0x148]"
0x00749F70,0x0074A0B9,CALL,FF9048010000,"0x148","CALL dword ptr [EAX + 0x148]"
0x0074E9E0,0x0074EA2A,CALL,FF9148010000,"0x148","CALL dword ptr [ECX + 0x148]"
0x007F56A0,0x007F57DB,CALL,FF9248010000,"0x148","CALL dword ptr [EDX + 0x148]"
0x007F7F70,0x007F7FD5,CALL,FF9048010000,"0x148","CALL dword ptr [EAX + 0x148]"
0x00588050,0x00588102,LEA,8D44245C,"0x5c","LEA EAX,[ESP + 0x5c]"
0x00588050,0x00588257,MOV,C744245C00000000,"0x5c","MOV dword ptr [ESP + 0x5c],0x0"
0x00588050,0x005882B8,FSTP,D95C245C,"0x5c","FSTP float ptr [ESP + 0x5c]"
0x00584070,0x00584386,FADD,D844245C,"0x5c","FADD float ptr [ESP + 0x5c]"
0x00584070,0x0058418C,MOV,8B4C245C,"0x5c","MOV ECX,dword ptr [ESP + 0x5c]"
0x00584070,0x0058419B,FLD,D944245C,"0x5c","FLD float ptr [ESP + 0x5c]"
0x00584070,0x00584408,MOV,8B44245C,"0x5c","MOV EAX,dword ptr [ESP + 0x5c]"
0x00584070,0x005842C2,MOV,8B4C245C,"0x5c","MOV ECX,dword ptr [ESP + 0x5c]"
0x00619FA0,0x0061A057,FLD,D944245C,"0x5c","FLD float ptr [ESP + 0x5c]"
0x006ED9A0,0x006EDC15,FSTP,D95C245C,"0x5c","FSTP float ptr [ESP + 0x5c]"
0x006ED9A0,0x006EDCDB,LEA,8D44245C,"0x5c","LEA EAX,[ESP + 0x5c]"
0x0070A960,0x0070AAAB,MOV,8954245C,"0x5c","MOV dword ptr [ESP + 0x5c],EDX"
0x0070A960,0x0070B1E7,MOV,8B4C245C,"0x5c","MOV ECX,dword ptr [ESP + 0x5c]"
0x0070A960,0x0070B248,FLD,D944245C,"0x5c","FLD float ptr [ESP + 0x5c]"
0x0070A960,0x0070B277,FLD,D944245C,"0x5c","FLD float ptr [ESP + 0x5c]"
0x0070A960,0x0070B2F6,MOV,8B4C245C,"0x5c","MOV ECX,dword ptr [ESP + 0x5c]"
0x0070A960,0x0070B33C,LEA,8D4C245C,"0x5c","LEA ECX,[ESP + 0x5c]"
0x0070A960,0x0070B458,MOV,8B4C245C,"0x5c","MOV ECX,dword ptr [ESP + 0x5c]"
0x007211F0,0x00721488,LEA,8D842448010000,"0x148","LEA EAX,[ESP + 0x148]"
0x00749520,0x00749686,CALL,FF9048010000,"0x148","CALL dword ptr [EAX + 0x148]"
0x00749520,0x007495AF,CALL,FF9048010000,"0x148","CALL dword ptr [EAX + 0x148]"
0x00754E20,0x00754FF0,FST,D954245C,"0x5c","FST float ptr [ESP + 0x5c]"
0x00754E20,0x00755006,FLD,D944245C,"0x5c","FLD float ptr [ESP + 0x5c]"
0x00754E20,0x00755069,FLD,D944245C,"0x5c","FLD float ptr [ESP + 0x5c]"
0x00754E20,0x007550D4,FLD,D944245C,"0x5c","FLD float ptr [ESP + 0x5c]"
0x007F5500,0x007F5681,CALL,FF9248010000,"0x148","CALL dword ptr [EDX + 0x148]"
0x007F5500,0x007F55D6,CALL,FF9148010000,"0x148","CALL dword ptr [ECX + 0x148]"
0x00761A10,0x00761AF2,LEA,8D4C245C,"0x5c","LEA ECX,[ESP + 0x5c]"
0x00761B70,0x00761B9F,LEA,8D44245C,"0x5c","LEA EAX,[ESP + 0x5c]"
0x007591D0,0x007594B3,CALL,FF9048010000,"0x148","CALL dword ptr [EAX + 0x148]"
0x00759790,0x00759799,MOV,8B6C245C,"0x5c","MOV EBP,dword ptr [ESP + 0x5c]"
0x00759790,0x007597BD,MOV,897C245C,"0x5c","MOV dword ptr [ESP + 0x5c],EDI"
0x00759790,0x00759FC7,CALL,FF9048010000,"0x148","CALL dword ptr [EAX + 0x148]"
0x00759790,0x00759FF3,CALL,FF9048010000,"0x148","CALL dword ptr [EAX + 0x148]"
0x00759790,0x0075A012,CALL,FF9048010000,"0x148","CALL dword ptr [EAX + 0x148]"
0x00759790,0x0075A04B,CALL,FF9148010000,"0x148","CALL dword ptr [ECX + 0x148]"
0x00759790,0x00759D43,LEA,8D44245C,"0x5c","LEA EAX,[ESP + 0x5c]"
0x0075A090,0x0075A171,MOV,8B4C245C,"0x5c","MOV ECX,dword ptr [ESP + 0x5c]"
0x0075A660,0x0075A722,CALL,FF9048010000,"0x148","CALL dword ptr [EAX + 0x148]"
0x0075A660,0x0075A8AA,CALL,FF9048010000,"0x148","CALL dword ptr [EAX + 0x148]"
0x00728DA0,0x00728ECA,FSTP,D95C245C,"0x5c","FSTP float ptr [ESP + 0x5c]"
0x00728DA0,0x00728ED1,MOV,8B4C245C,"0x5c","MOV ECX,dword ptr [ESP + 0x5c]"
0x00728DA0,0x00728EF0,FLD,D944245C,"0x5c","FLD float ptr [ESP + 0x5c]"
0x00728DA0,0x00728EF4,FMUL,D84C245C,"0x5c","FMUL float ptr [ESP + 0x5c]"
0x0074BCC0,0x0074BD2E,CALL,FF9048010000,"0x148","CALL dword ptr [EAX + 0x148]"
0x00814460,0x00814577,LEA,8D4C245C,"0x5c","LEA ECX,[ESP + 0x5c]"
0x00814460,0x00814726,CALL,FF9148010000,"0x148","CALL dword ptr [ECX + 0x148]"
0x00814460,0x00814856,CALL,FF9148010000,"0x148","CALL dword ptr [ECX + 0x148]"
0x00814460,0x0081468B,CALL,FF9148010000,"0x148","CALL dword ptr [ECX + 0x148]"
0x00814460,0x008148E3,CALL,FF9148010000,"0x148","CALL dword ptr [ECX + 0x148]"
0x00813A10,0x00813C4B,CALL,FF9248010000,"0x148","CALL dword ptr [EDX + 0x148]"
0x00813A10,0x00813DCB,CALL,FF9148010000,"0x148","CALL dword ptr [ECX + 0x148]"
0x00813A10,0x00813D15,CALL,FF9148010000,"0x148","CALL dword ptr [ECX + 0x148]"
0x00813A10,0x00813E79,CALL,FF9248010000,"0x148","CALL dword ptr [EDX + 0x148]"
0x00813A10,0x00813FB4,CALL,FF9248010000,"0x148","CALL dword ptr [EDX + 0x148]"
0x00813A10,0x0081417A,CALL,FF9148010000,"0x148","CALL dword ptr [ECX + 0x148]"
0x004CB560,0x004CB5A4,CALL,FF9048010000,"0x148","CALL dword ptr [EAX + 0x148]"
0x00814270,0x008143B2,LEA,8D54245C,"0x5c","LEA EDX,[ESP + 0x5c]"
0x00814270,0x0081433E,MOV,C744245C00000000,"0x5c","MOV dword ptr [ESP + 0x5c],0x0"
0x008149E0,0x00814C36,MOV,C744245C00000000,"0x5c","MOV dword ptr [ESP + 0x5c],0x0"
0x008149E0,0x00814C28,MOV,894C245C,"0x5c","MOV dword ptr [ESP + 0x5c],ECX"
0x008149E0,0x00814D86,MOV,8B7C245C,"0x5c","MOV EDI,dword ptr [ESP + 0x5c]"
0x008149E0,0x00815882,MOV,8B4C245C,"0x5c","MOV ECX,dword ptr [ESP + 0x5c]"
0x008149E0,0x008158BB,MOV,8B44245C,"0x5c","MOV EAX,dword ptr [ESP + 0x5c]"
0x008149E0,0x008158EB,MOV,8B54245C,"0x5c","MOV EDX,dword ptr [ESP + 0x5c]"
0x008149E0,0x008152EB,MOV,8B54245C,"0x5c","MOV EDX,dword ptr [ESP + 0x5c]"
0x008149E0,0x00815324,MOV,8B44245C,"0x5c","MOV EAX,dword ptr [ESP + 0x5c]"
0x008149E0,0x00815354,MOV,8B4C245C,"0x5c","MOV ECX,dword ptr [ESP + 0x5c]"
0x008149E0,0x00815B21,MOV,8B4C245C,"0x5c","MOV ECX,dword ptr [ESP + 0x5c]"
0x008149E0,0x00815587,MOV,8B4C245C,"0x5c","MOV ECX,dword ptr [ESP + 0x5c]"
0x00812D40,0x008134C4,CALL,FF9248010000,"0x148","CALL dword ptr [EDX + 0x148]"
0x00812D40,0x008138DD,CALL,FF9248010000,"0x148","CALL dword ptr [EDX + 0x148]"
0x004CB7C0,0x004CB90B,CALL,FF525C,"0x5c","CALL dword ptr [EDX + 0x5c]"
0x004CB7C0,0x004CB96B,CALL,FF9048010000,"0x148","CALL dword ptr [EAX + 0x148]"
0x0080C520,0x0080C56F,CALL,FF9248010000,"0x148","CALL dword ptr [EDX + 0x148]"
0x0080C520,0x00801BDF,CALL,FF9148010000,"0x148","CALL dword ptr [ECX + 0x148]"
0x0080C5A0,0x0080C5E7,CALL,FF9248010000,"0x148","CALL dword ptr [EDX + 0x148]"
0x004A1940,0x004A1B00,LEA,8D54245C,"0x5c","LEA EDX,[ESP + 0x5c]"
0x004A1940,0x004A1B04,FSTP,D95C245C,"0x5c","FSTP float ptr [ESP + 0x5c]"
0x004A1940,0x004A1E99,CMP,397C245C,"0x5c","CMP dword ptr [ESP + 0x5c],EDI"
0x006E0E20,0x006E0E34,MOV,8B495C,"0x5c","MOV ECX,dword ptr [ECX + 0x5c]"
0x006E0E20,0x006E0E57,MOV,8954245C,"0x5c","MOV dword ptr [ESP + 0x5c],EDX"
0x006E0E20,0x006E0E7F,FLD,D944245C,"0x5c","FLD float ptr [ESP + 0x5c]"
0x006E0E20,0x006E0F4A,FLD,D944245C,"0x5c","FLD float ptr [ESP + 0x5c]"
0x008035C0,0x008036DA,CALL,FF9048010000,"0x148","CALL dword ptr [EAX + 0x148]"
0x008035C0,0x00803692,CALL,FF9048010000,"0x148","CALL dword ptr [EAX + 0x148]"
0x008035C0,0x00803728,CALL,FF9048010000,"0x148","CALL dword ptr [EAX + 0x148]"
0x00802AF0,0x00802BFF,CALL,FF9048010000,"0x148","CALL dword ptr [EAX + 0x148]"
0x00802AF0,0x00802DAB,CALL,FF9048010000,"0x148","CALL dword ptr [EAX + 0x148]"
0x0074F760,0x0074F8F8,LEA,8D565C,"0x5c","LEA EDX,[ESI + 0x5c]"
0x0074F760,0x0074F8FB,MOV,894E5C,"0x5c","MOV dword ptr [ESI + 0x5c],ECX"
0x0074F760,0x0074FA2D,CALL,FF9048010000,"0x148","CALL dword ptr [EAX + 0x148]"
0x0074FFA0,0x0074FFD5,CALL,FF9048010000,"0x148","CALL dword ptr [EAX + 0x148]"
0x0074FFF0,0x00750032,CALL,FF9048010000,"0x148","CALL dword ptr [EAX + 0x148]"
0x0074F610,0x0074F667,CALL,FF9048010000,"0x148","CALL dword ptr [EAX + 0x148]"
0x00751960,0x007519B1,CALL,FF9048010000,"0x148","CALL dword ptr [EAX + 0x148]"
0x005853D0,0x005856B5,MOV,8B842448010000,"0x148","MOV EAX,dword ptr [ESP + 0x148]"
0x0058A330,0x00588102,LEA,8D44245C,"0x5c","LEA EAX,[ESP + 0x5c]"
0x0058A330,0x00588257,MOV,C744245C00000000,"0x5c","MOV dword ptr [ESP + 0x5c],0x0"
0x0058A330,0x005882B8,FSTP,D95C245C,"0x5c","FSTP float ptr [ESP + 0x5c]"
0x00586110,0x005862D0,FLD,D944245C,"0x5c","FLD float ptr [ESP + 0x5c]"
0x0058E020,0x0058E944,MOV,8944245C,"0x5c","MOV dword ptr [ESP + 0x5c],EAX"
0x0058E020,0x0058E94C,FILD,DB44245C,"0x5c","FILD dword ptr [ESP + 0x5c]"
0x0058E020,0x0058E9B7,MOV,8944245C,"0x5c","MOV dword ptr [ESP + 0x5c],EAX"
0x0058E020,0x0058E9BB,FILD,DB44245C,"0x5c","FILD dword ptr [ESP + 0x5c]"
0x0058E020,0x0058EA22,MOV,8944245C,"0x5c","MOV dword ptr [ESP + 0x5c],EAX"
0x0058E020,0x0058EA2A,FILD,DB44245C,"0x5c","FILD dword ptr [ESP + 0x5c]"
0x0058E020,0x0058EA91,MOV,8944245C,"0x5c","MOV dword ptr [ESP + 0x5c],EAX"
0x0058E020,0x0058EA99,FILD,DB44245C,"0x5c","FILD dword ptr [ESP + 0x5c]"
0x005DBAE0,0x005DBCAF,MOV,668944245C,"0x5c","MOV word ptr [ESP + 0x5c],AX"
0x0060BA80,0x0060BDB3,FSTP,D95C245C,"0x5c","FSTP float ptr [ESP + 0x5c]"
0x0060BA80,0x0060BDBB,MOV,8B44245C,"0x5c","MOV EAX,dword ptr [ESP + 0x5c]"
0x0060BA80,0x0060BCDA,FSTP,D95C245C,"0x5c","FSTP float ptr [ESP + 0x5c]"
0x0060BA80,0x0060BCE2,MOV,8B44245C,"0x5c","MOV EAX,dword ptr [ESP + 0x5c]"
0x0060BA80,0x0060BDE9,FSTP,D95C245C,"0x5c","FSTP float ptr [ESP + 0x5c]"
0x0060BA80,0x0060BDF1,MOV,8B54245C,"0x5c","MOV EDX,dword ptr [ESP + 0x5c]"
0x0060BA80,0x0060BE1F,FSTP,D95C245C,"0x5c","FSTP float ptr [ESP + 0x5c]"
0x0060BA80,0x0060BE23,MOV,8B44245C,"0x5c","MOV EAX,dword ptr [ESP + 0x5c]"
0x0060BA80,0x0060BD38,FSTP,D95C245C,"0x5c","FSTP float ptr [ESP + 0x5c]"
0x0060BA80,0x0060BD40,MOV,8B54245C,"0x5c","MOV EDX,dword ptr [ESP + 0x5c]"
0x0060BA80,0x0060BEBE,FSTP,D95C245C,"0x5c","FSTP float ptr [ESP + 0x5c]"
0x0060BA80,0x0060BEC5,MOV,8B4C245C,"0x5c","MOV ECX,dword ptr [ESP + 0x5c]"
0x0060BA80,0x0060BF36,FSTP,D95C245C,"0x5c","FSTP float ptr [ESP + 0x5c]"
0x0060BA80,0x0060BF3D,MOV,8B4C245C,"0x5c","MOV ECX,dword ptr [ESP + 0x5c]"
0x006E7760,0x006E7A05,FSTP,D95C245C,"0x5c","FSTP float ptr [ESP + 0x5c]"
0x006EF673,0x006EFF08,MOV,C744245C00000000,"0x5c","MOV dword ptr [ESP + 0x5c],0x0"
0x006EF673,0x006EFF10,MOV,8B54245C,"0x5c","MOV EDX,dword ptr [ESP + 0x5c]"
0x006FAEC0,0x006FAED4,MOV,8944245C,"0x5c","MOV dword ptr [ESP + 0x5c],EAX"
0x006FAEC0,0x006FAFF5,LEA,8D54245C,"0x5c","LEA EDX,[ESP + 0x5c]"
0x006FAEC0,0x006FAFFA,LEA,8D44245C,"0x5c","LEA EAX,[ESP + 0x5c]"
0x006FAEC0,0x006FB1F4,LEA,8D54245C,"0x5c","LEA EDX,[ESP + 0x5c]"
0x006FAEC0,0x006FB4D1,FILD,DB44245C,"0x5c","FILD dword ptr [ESP + 0x5c]"
0x006FAEC0,0x006FB1FF,LEA,8D44245C,"0x5c","LEA EAX,[ESP + 0x5c]"
0x006FAEC0,0x006FB230,FLD,D944245C,"0x5c","FLD float ptr [ESP + 0x5c]"
0x006FAEC0,0x006FB23B,FSTP,D95C245C,"0x5c","FSTP float ptr [ESP + 0x5c]"
0x006FBAA0,0x006FBB7A,MOV,C744245C004081C4,"0x5c","MOV dword ptr [ESP + 0x5c],0xc4814000"
0x006FBAA0,0x006FBBFC,MOV,8B54245C,"0x5c","MOV EDX,dword ptr [ESP + 0x5c]"
0x007002D0,0x00700AEF,FDIV,D874245C,"0x5c","FDIV float ptr [ESP + 0x5c]"
0x007002D0,0x007007A1,FDIV,D874245C,"0x5c","FDIV float ptr [ESP + 0x5c]"
0x00705790,0x00705865,FSTP,D95C245C,"0x5c","FSTP float ptr [ESP + 0x5c]"
0x00710D50,0x00710E2A,MOV,894C245C,"0x5c","MOV dword ptr [ESP + 0x5c],ECX"
0x00710D50,0x00710E77,MOV,8954245C,"0x5c","MOV dword ptr [ESP + 0x5c],EDX"
0x00710D50,0x00710F0D,MOV,8B4C245C,"0x5c","MOV ECX,dword ptr [ESP + 0x5c]"
0x00712810,0x00712948,MOV,C744245C00000000,"0x5c","MOV dword ptr [ESP + 0x5c],0x0"
0x00713950,0x007141B7,FSTP,D95C245C,"0x5c","FSTP float ptr [ESP + 0x5c]"
0x00713950,0x00713C27,FADD,D844245C,"0x5c","FADD float ptr [ESP + 0x5c]"
0x00713950,0x00714517,FSTP,D95C245C,"0x5c","FSTP float ptr [ESP + 0x5c]"
0x00713950,0x0071452D,FADD,D844245C,"0x5c","FADD float ptr [ESP + 0x5c]"
0x00713950,0x00714563,FSTP,D95C245C,"0x5c","FSTP float ptr [ESP + 0x5c]"
0x00713950,0x00714577,FLD,D944245C,"0x5c","FLD float ptr [ESP + 0x5c]"
0x00714650,0x007146B0,MOV,894C245C,"0x5c","MOV dword ptr [ESP + 0x5c],ECX"
0x00714650,0x0071486E,FSTP,D95C245C,"0x5c","FSTP float ptr [ESP + 0x5c]"
0x00714650,0x00714880,FLD,D944245C,"0x5c","FLD float ptr [ESP + 0x5c]"
0x00714650,0x007148EE,FSTP,D95C245C,"0x5c","FSTP float ptr [ESP + 0x5c]"
0x00714650,0x00714904,FLD,D944245C,"0x5c","FLD float ptr [ESP + 0x5c]"
0x00714650,0x00714940,FSTP,D95C245C,"0x5c","FSTP float ptr [ESP + 0x5c]"
0x00714650,0x0071494E,FLD,D944245C,"0x5c","FLD float ptr [ESP + 0x5c]"
0x00714650,0x00714958,FSTP,D95C245C,"0x5c","FSTP float ptr [ESP + 0x5c]"
0x00714650,0x00714986,FLD,D944245C,"0x5c","FLD float ptr [ESP + 0x5c]"
0x00714650,0x00714AE9,FSTP,D95C245C,"0x5c","FSTP float ptr [ESP + 0x5c]"
0x00714650,0x00714AFB,FLD,D944245C,"0x5c","FLD float ptr [ESP + 0x5c]"
0x00714650,0x00714B23,FSTP,D95C245C,"0x5c","FSTP float ptr [ESP + 0x5c]"
0x00714650,0x00714C0D,FSTP,D95C245C,"0x5c","FSTP float ptr [ESP + 0x5c]"
0x00714650,0x00714D17,FSTP,D95C245C,"0x5c","FSTP float ptr [ESP + 0x5c]"
0x00714650,0x00714D29,FLD,D944245C,"0x5c","FLD float ptr [ESP + 0x5c]"
0x00714650,0x00714D51,FSTP,D95C245C,"0x5c","FSTP float ptr [ESP + 0x5c]"
0x00714650,0x00714ED6,FSTP,D95C245C,"0x5c","FSTP float ptr [ESP + 0x5c]"
0x00714650,0x00714F6C,FST,D954245C,"0x5c","FST float ptr [ESP + 0x5c]"
0x00714650,0x00714F8C,FADD,D844245C,"0x5c","FADD float ptr [ESP + 0x5c]"
0x00714650,0x00714FE0,FSTP,D95C245C,"0x5c","FSTP float ptr [ESP + 0x5c]"
0x00714650,0x0071521A,MOV,8B54245C,"0x5c","MOV EDX,dword ptr [ESP + 0x5c]"
0x00714650,0x007152B1,FSTP,D95C245C,"0x5c","FSTP float ptr [ESP + 0x5c]"
0x00714650,0x007152BF,FLD,D944245C,"0x5c","FLD float ptr [ESP + 0x5c]"
0x00714650,0x007152D9,FSTP,D95C245C,"0x5c","FSTP float ptr [ESP + 0x5c]"
0x00714650,0x007152E7,FLD,D944245C,"0x5c","FLD float ptr [ESP + 0x5c]"
0x00714650,0x0071530F,FSTP,D95C245C,"0x5c","FSTP float ptr [ESP + 0x5c]"
0x007154B0,0x00715E86,LEA,8D54245C,"0x5c","LEA EDX,[ESP + 0x5c]"
0x00716380,0x00716606,FLD,D944245C,"0x5c","FLD float ptr [ESP + 0x5c]"
0x00716380,0x00716682,LEA,8D44245C,"0x5c","LEA EAX,[ESP + 0x5c]"
0x00716380,0x007168FC,MOV,894C245C,"0x5c","MOV dword ptr [ESP + 0x5c],ECX"
0x00716380,0x00716900,FLD,D944245C,"0x5c","FLD float ptr [ESP + 0x5c]"
0x00716380,0x0071693B,LEA,8D4C245C,"0x5c","LEA ECX,[ESP + 0x5c]"
0x00716380,0x00716970,FMUL,D84C245C,"0x5c","FMUL float ptr [ESP + 0x5c]"
0x00716C90,0x00716E6B,FLD,D944245C,"0x5c","FLD float ptr [ESP + 0x5c]"
0x00723C10,0x00723D60,LEA,8D4C245C,"0x5c","LEA ECX,[ESP + 0x5c]"
0x00723C10,0x00723DCB,FLD,D944245C,"0x5c","FLD float ptr [ESP + 0x5c]"
0x00723C10,0x00723F1C,FSTP,D99C2448010000,"0x148","FSTP float ptr [ESP + 0x148]"
0x00742CF0,0x007432FC,FSTP,D95C245C,"0x5c","FSTP float ptr [ESP + 0x5c]"
0x00742CF0,0x00743723,FSTP,D95C245C,"0x5c","FSTP float ptr [ESP + 0x5c]"
0x00742CF0,0x00743349,FLD,D944245C,"0x5c","FLD float ptr [ESP + 0x5c]"
0x00742CF0,0x00743755,MOV,8B44245C,"0x5c","MOV EAX,dword ptr [ESP + 0x5c]"
0x00742CF0,0x00743BBF,MOV,8B44245C,"0x5c","MOV EAX,dword ptr [ESP + 0x5c]"
0x00742CF0,0x00743351,FSTP,D95C245C,"0x5c","FSTP float ptr [ESP + 0x5c]"
0x0056EF90,0x0056EFFC,MOV,8B44245C,"0x5c","MOV EAX,dword ptr [ESP + 0x5c]"
0x0074EC00,0x0074EC1E,CALL,FF9148010000,"0x148","CALL dword ptr [ECX + 0x148]"
0x0075E310,0x0075E399,MOV,89740A5C,"0x5c","MOV dword ptr [EDX + ECX*0x1 + 0x5c],ESI"
0x00750D30,0x00750D76,CALL,FF9048010000,"0x148","CALL dword ptr [EAX + 0x148]"
0x007496A0,0x0074970E,CALL,FF9048010000,"0x148","CALL dword ptr [EAX + 0x148]"
0x00752210,0x00752236,CALL,FF9048010000,"0x148","CALL dword ptr [EAX + 0x148]"
0x007F5D20,0x007F5DB6,CALL,FF9148010000,"0x148","CALL dword ptr [ECX + 0x148]"
0x007F5D20,0x007F5E0B,CALL,FF9048010000,"0x148","CALL dword ptr [EAX + 0x148]"
0x007F5D20,0x007F5E83,CALL,FF9248010000,"0x148","CALL dword ptr [EDX + 0x148]"
0x007F5D20,0x007F5E57,CALL,FF9248010000,"0x148","CALL dword ptr [EDX + 0x148]"
0x007F6B40,0x007F6B67,CALL,FF9048010000,"0x148","CALL dword ptr [EAX + 0x148]"
0x007F7100,0x007F716E,CALL,FF9248010000,"0x148","CALL dword ptr [EDX + 0x148]"
0x004CB5E0,0x004CB600,CALL,FF9148010000,"0x148","CALL dword ptr [ECX + 0x148]"
0x007CC0C0,0x007CC0E2,CALL,FF9248010000,"0x148","CALL dword ptr [EDX + 0x148]"
