address,function_entry,function_name,body_min,body_max,incoming_ref_from,ref_type
00749c50,00749c50,"FUN_00749c50",00749c50,00749d18,0072e2b8,UNCONDITIONAL_CALL
00749c50,00749c50,"FUN_00749c50",00749c50,00749d18,00749e61,UNCONDITIONAL_CALL
00749c50,00749c50,"FUN_00749c50",00749c50,00749d18,0074b0d9,UNCONDITIONAL_CALL
00749c50,00749c50,"FUN_00749c50",00749c50,00749d18,006ff1fa,UNCONDITIONAL_CALL
0074c310,0074c310,"FUN_0074c310",0074c310,0074c4ca,0074cc23,UNCONDITIONAL_CALL
0074c310,0074c310,"FUN_0074c310",0074c310,0074c4ca,0074d252,UNCONDITIONAL_CALL
0074ca90,0074ca90,"FUN_0074ca90",0074ca90,0074ccae,005a6581,UNCONDITIONAL_CALL
0074ca90,0074ca90,"FUN_0074ca90",0074ca90,0074ccae,0074d234,UNCONDITIONAL_CALL
0074ca90,0074ca90,"FUN_0074ca90",0074ca90,0074ccae,006feec2,UNCONDITIONAL_CALL
0074ca90,0074ca90,"FUN_0074ca90",0074ca90,0074ccae,005dd12d,UNCONDITIONAL_CALL
0074ccc0,0074ccc0,"FUN_0074ccc0",0074ccc0,0074cd64,0072e37a,UNCONDITIONAL_CALL
0074ccc0,0074ccc0,"FUN_0074ccc0",0074ccc0,0074cd64,00749dec,UNCONDITIONAL_CALL
0074ccc0,0074ccc0,"FUN_0074ccc0",0074ccc0,0074cd64,0074a361,UNCONDITIONAL_CALL
0074ccc0,0074ccc0,"FUN_0074ccc0",0074ccc0,0074cd64,0072e34b,UNCONDITIONAL_CALL
0074ccc0,0074ccc0,"FUN_0074ccc0",0074ccc0,0074cd64,00749d64,UNCONDITIONAL_CALL
0074ccc0,0074ccc0,"FUN_0074ccc0",0074ccc0,0074cd64,00749ecc,UNCONDITIONAL_CALL
0074ccc0,0074ccc0,"FUN_0074ccc0",0074ccc0,0074cd64,0074b87f,UNCONDITIONAL_CALL
0074ccc0,0074ccc0,"FUN_0074ccc0",0074ccc0,0074cd64,0074ba2b,UNCONDITIONAL_CALL
0074ccc0,0074ccc0,"FUN_0074ccc0",0074ccc0,0074cd64,0074ba57,UNCONDITIONAL_CALL
0074ccc0,0074ccc0,"FUN_0074ccc0",0074ccc0,0074cd64,0074bb2e,UNCONDITIONAL_CALL
0074ccc0,0074ccc0,"FUN_0074ccc0",0074ccc0,0074cd64,0074bbc4,UNCONDITIONAL_CALL
0074ccc0,0074ccc0,"FUN_0074ccc0",0074ccc0,0074cd64,0074ae65,UNCONDITIONAL_CALL
0074ccc0,0074ccc0,"FUN_0074ccc0",0074ccc0,0074cd64,0074b147,UNCONDITIONAL_CALL
0074ccc0,0074ccc0,"FUN_0074ccc0",0074ccc0,0074cd64,0074b204,UNCONDITIONAL_CALL
0074ccc0,0074ccc0,"FUN_0074ccc0",0074ccc0,0074cd64,0074b28b,UNCONDITIONAL_CALL
0074ccc0,0074ccc0,"FUN_0074ccc0",0074ccc0,0074cd64,0074b2d7,UNCONDITIONAL_CALL
0074ccc0,0074ccc0,"FUN_0074ccc0",0074ccc0,0074cd64,0074b37a,UNCONDITIONAL_CALL
0074ccc0,0074ccc0,"FUN_0074ccc0",0074ccc0,0074cd64,006ff221,UNCONDITIONAL_CALL
0074ccc0,0074ccc0,"FUN_0074ccc0",0074ccc0,0074cd64,006ff25e,UNCONDITIONAL_CALL
0074ccc0,0074ccc0,"FUN_0074ccc0",0074ccc0,0074cd64,006ff277,UNCONDITIONAL_CALL
0074ccc0,0074ccc0,"FUN_0074ccc0",0074ccc0,0074cd64,00749571,UNCONDITIONAL_CALL
0074ccc0,0074ccc0,"FUN_0074ccc0",0074ccc0,0074cd64,0074bcec,UNCONDITIONAL_CALL
0074ccc0,0074ccc0,"FUN_0074ccc0",0074ccc0,0074cd64,007496cc,UNCONDITIONAL_CALL
0074d190,0074d190,"FUN_0074d190",0074d190,0074d6c3,0072e247,UNCONDITIONAL_CALL
0074d190,0074d190,"FUN_0074d190",0074d190,0074d6c3,0072e333,UNCONDITIONAL_CALL
0074d190,0074d190,"FUN_0074d190",0074d190,0074d6c3,0074b7a3,UNCONDITIONAL_CALL
0074d190,0074d190,"FUN_0074d190",0074d190,0074d6c3,0074b1cc,UNCONDITIONAL_CALL
0074d190,0074d190,"FUN_0074d190",0074d190,0074d6c3,0072e107,UNCONDITIONAL_CALL
0074d6d0,0074d6d0,"FUN_0074d6d0",0074d6d0,0074d744,0074d5d5,UNCONDITIONAL_CALL
0074f760,0074f760,"FUN_0074f760",0074f760,0074fafa,005bd71c,UNCONDITIONAL_CALL
0075e310,0075e310,"FUN_0075e310",0075e310,0075e3d1,0074fee9,UNCONDITIONAL_CALL
