candidate_owner,candidate_store_count,nearest_root_ancestor_depth,root_ancestor,root_xref_count,call_chain,note
004a4960,1,-1,,0,"","no root-xref ancestor found within depth limit"
004aa6c0,1,-1,,0,"","no root-xref ancestor found within depth limit"
004aa750,1,-1,,0,"","no root-xref ancestor found within depth limit"
004bdb80,1,-1,,0,"","no root-xref ancestor found within depth limit"
004be7d0,3,-1,,0,"","no root-xref ancestor found within depth limit"
004c2610,1,-1,,0,"","no root-xref ancestor found within depth limit"
004c75e0,1,-1,,0,"","no root-xref ancestor found within depth limit"
004c95c0,1,-1,,0,"","no root-xref ancestor found within depth limit"
004c9890,1,-1,,0,"","no root-xref ancestor found within depth limit"
004d7890,1,-1,,0,"","no root-xref ancestor found within depth limit"
004e7f80,1,-1,,0,"","no root-xref ancestor found within depth limit"
004e8290,1,-1,,0,"","no root-xref ancestor found within depth limit"
004e9cab,1,-1,,0,"","no root-xref ancestor found within depth limit"
004ef2e0,3,-1,,0,"","no root-xref ancestor found within depth limit"
004ef680,1,-1,,0,"","no root-xref ancestor found within depth limit"
004efe50,1,-1,,0,"","no root-xref ancestor found within depth limit"
004effd0,1,-1,,0,"","no root-xref ancestor found within depth limit"
004f0000,1,2,00590ac0,3,"004f0000 <- 005078a0 <- 00590ac0","ancestor has a direct root xref; pointer flow not proven"
0050a160,1,-1,,0,"","no root-xref ancestor found within depth limit"
0050a970,1,-1,,0,"","no root-xref ancestor found within depth limit"
0050a9f0,1,-1,,0,"","no root-xref ancestor found within depth limit"
0050e180,1,-1,,0,"","no root-xref ancestor found within depth limit"
0050e49e,1,-1,,0,"","no root-xref ancestor found within depth limit"
00517bf0,2,-1,,0,"","no root-xref ancestor found within depth limit"
0051a746,3,-1,,0,"","no root-xref ancestor found within depth limit"
00538bc0,1,-1,,0,"","no root-xref ancestor found within depth limit"
0053d0b0,1,2,0053e920,1,"0053d0b0 <- 0053bee0 <- 0053e920","ancestor has a direct root xref; pointer flow not proven"
005483d0,1,-1,,0,"","no root-xref ancestor found within depth limit"
0055f4c9,1,-1,,0,"","no root-xref ancestor found within depth limit"
0055f870,1,-1,,0,"","no root-xref ancestor found within depth limit"
00574350,1,-1,,0,"","no root-xref ancestor found within depth limit"
00576b70,4,3,0053e920,1,"00576b70 <- 0057b440 <- 0053bee0 <- 0053e920","ancestor has a direct root xref; pointer flow not proven"
005b9390,1,-1,,0,"","no root-xref ancestor found within depth limit"
005bc533,1,-1,,0,"","no root-xref ancestor found within depth limit"
005bf750,1,-1,,0,"","no root-xref ancestor found within depth limit"
005c7130,2,-1,,0,"","no root-xref ancestor found within depth limit"
005c7420,1,-1,,0,"","no root-xref ancestor found within depth limit"
005cc7d0,1,-1,,0,"","no root-xref ancestor found within depth limit"
005cc8c0,1,-1,,0,"","no root-xref ancestor found within depth limit"
005d2330,1,-1,,0,"","no root-xref ancestor found within depth limit"
005edf10,1,-1,,0,"","no root-xref ancestor found within depth limit"
005fc4c0,1,-1,,0,"","no root-xref ancestor found within depth limit"
00601da0,1,-1,,0,"","no root-xref ancestor found within depth limit"
0061a990,1,-1,,0,"","no root-xref ancestor found within depth limit"
0061ac90,1,-1,,0,"","no root-xref ancestor found within depth limit"
0061ad10,1,-1,,0,"","no root-xref ancestor found within depth limit"
0061bb10,1,-1,,0,"","no root-xref ancestor found within depth limit"
00621f50,1,-1,,0,"","no root-xref ancestor found within depth limit"
0063c340,2,-1,,0,"","no root-xref ancestor found within depth limit"
0063c670,1,-1,,0,"","no root-xref ancestor found within depth limit"
0063c770,1,-1,,0,"","no root-xref ancestor found within depth limit"
0063c840,1,-1,,0,"","no root-xref ancestor found within depth limit"
0063dc20,1,-1,,0,"","no root-xref ancestor found within depth limit"
006428c0,1,-1,,0,"","no root-xref ancestor found within depth limit"
00642ae0,4,-1,,0,"","no root-xref ancestor found within depth limit"
00644470,2,-1,,0,"","no root-xref ancestor found within depth limit"
0066a100,1,-1,,0,"","no root-xref ancestor found within depth limit"
0066a850,1,-1,,0,"","no root-xref ancestor found within depth limit"
0066d050,1,-1,,0,"","no root-xref ancestor found within depth limit"
0066ea37,1,-1,,0,"","no root-xref ancestor found within depth limit"
0066ebe0,1,-1,,0,"","no root-xref ancestor found within depth limit"
00671750,1,-1,,0,"","no root-xref ancestor found within depth limit"
00671800,1,-1,,0,"","no root-xref ancestor found within depth limit"
0067b4e7,1,-1,,0,"","no root-xref ancestor found within depth limit"
00681e70,1,-1,,0,"","no root-xref ancestor found within depth limit"
00688930,1,-1,,0,"","no root-xref ancestor found within depth limit"
0068a9f0,1,-1,,0,"","no root-xref ancestor found within depth limit"
0068aa50,1,-1,,0,"","no root-xref ancestor found within depth limit"
0068aa70,1,-1,,0,"","no root-xref ancestor found within depth limit"
00694850,1,-1,,0,"","no root-xref ancestor found within depth limit"
006c2b90,1,-1,,0,"","no root-xref ancestor found within depth limit"
006f9eb0,1,-1,,0,"","no root-xref ancestor found within depth limit"
00722230,1,2,00725c00,9,"00722230 <- 00725120 <- 00725c00","ancestor has a direct root xref; pointer flow not proven"
00749c50,1,0,00749c50,1,"00749c50","candidate function directly references root"
0074c310,1,0,0074c310,2,"0074c310","candidate function directly references root"
0074ca90,1,0,0074ca90,2,"0074ca90","candidate function directly references root"
0074ccc0,1,0,0074ccc0,2,"0074ccc0","candidate function directly references root"
0074d190,3,0,0074d190,6,"0074d190","candidate function directly references root"
0074d6d0,1,0,0074d6d0,2,"0074d6d0","candidate function directly references root"
0074f760,1,0,0074f760,12,"0074f760","candidate function directly references root"
0075e310,1,0,0075e310,9,"0075e310","candidate function directly references root"
0076b567,1,-1,,0,"","no root-xref ancestor found within depth limit"
0076b60b,2,-1,,0,"","no root-xref ancestor found within depth limit"
0076faeb,1,-1,,0,"","no root-xref ancestor found within depth limit"
00770859,10,-1,,0,"","no root-xref ancestor found within depth limit"
0077107f,1,-1,,0,"","no root-xref ancestor found within depth limit"
0077129f,1,-1,,0,"","no root-xref ancestor found within depth limit"
00771724,1,-1,,0,"","no root-xref ancestor found within depth limit"
007859fe,1,-1,,0,"","no root-xref ancestor found within depth limit"
00789a92,1,-1,,0,"","no root-xref ancestor found within depth limit"
00789ba9,1,-1,,0,"","no root-xref ancestor found within depth limit"
007ac82a,1,-1,,0,"","no root-xref ancestor found within depth limit"
007f0360,1,1,007f0410,1,"007f0360 <- 007f0410","ancestor has a direct root xref; pointer flow not proven"
0082d726,8,-1,,0,"","no root-xref ancestor found within depth limit"
0082eb9c,2,-1,,0,"","no root-xref ancestor found within depth limit"
012a5fc0,2,-1,,0,"","no root-xref ancestor found within depth limit"
01561cf0,1,-1,,0,"","no root-xref ancestor found within depth limit"
