function_entry,function_name,candidate_count,standard_ebp_frame,entry_instructions,candidate_sites
004aa750,"FUN_004aa750",1,false,"MOV EAX,dword ptr [ESP + 0xc] | PUSH EBX | MOV EBX,dword ptr [ESP + 0x8] | PUSH EBP | MOV EBP,ECX | PUSH ESI | MOV ESI,dword ptr [ESP + 0x14] | PUSH EDI","0x004AA791"
004e7f80,"FUN_004e7f80",1,false,"SUB ESP,0x10 | PUSH EBX | PUSH EBP | MOV EBP,ECX | XOR EBX,EBX | PUSH ESI | PUSH EDI | MOV byte ptr [EBP],BL","0x004E80FE"
005b9390,"FUN_005b9390",1,false,"SUB ESP,0xc | MOV EAX,dword ptr [ESP + 0x10] | PUSH EBX | PUSH EBP | MOV EBP,ECX | XOR EBX,EBX | PUSH ESI | PUSH EDI","0x005B9526"
00774678,"FUN_00774678",3,true,"PUSH EBP | LEA EBP,[ESP + -0x64] | SUB ESP,0xd8 | PUSH EBX | PUSH ESI | MOV ESI,ECX | MOV ECX,dword ptr [ESI + 0x8] | XOR EBX,EBX","0x0077489F|0x007749A4|0x007749DB"
00774c33,"FUN_00774c33",2,true,"PUSH EBP | LEA EBP,[ESP + -0x64] | SUB ESP,0xa8 | PUSH EBX | PUSH ESI | MOV ESI,ECX | MOV ECX,dword ptr [ESI + 0x8] | PUSH EDI","0x00774D05|0x00774EEC"
00776904,"FUN_00776904",5,true,"PUSH EBP | LEA EBP,[ESP + -0x70] | SUB ESP,0x1e4 | MOV EDX,dword ptr [EBP + 0x78] | PUSH EBX | PUSH ESI | XOR ESI,ESI | CMP EDX,ESI","0x00777EC5|0x00778EDB|0x0077B3FB|0x0077B526|0x0077BC3C"
0077c8d2,"FUN_0077c8d2",16,true,"PUSH EBP | LEA EBP,[ESP + -0x70] | SUB ESP,0xa0 | PUSH EBX | PUSH ESI | MOV ESI,dword ptr [EBP + 0x78] | PUSH EDI | XOR EDI,EDI","0x0077D831|0x0077D854|0x0077D890|0x0077D93B|0x0077D96F|0x0077D983|0x0077D9E7|0x0077DA02|0x0077DA3E|0x0077DCAF|0x0077DD56|0x0077DDC2|0x0077DDFB|0x0077DE7C|0x0077E3C4|0x0077E542"
0078d961,"FUN_0078d961",15,true,"PUSH EBP | LEA EBP,[ESP + -0x78] | SUB ESP,0xc8 | PUSH EBX | PUSH ESI | XOR ESI,ESI | PUSH EDI | MOV EBX,ECX","0x0078D9BE|0x0078DAEF|0x0078DB1E|0x0078DC84|0x0078DEDC|0x0078DEF9|0x0078DF3E|0x0078DF8C|0x0078E0A2|0x0078E154|0x0078E202|0x0078E21F|0x0078E264|0x0078E2B2|0x0078E3F0"
0078ed33,"FUN_0078ed33",7,true,"PUSH EBP | LEA EBP,[ESP + -0x78] | SUB ESP,0xa8 | PUSH EBX | MOV EBX,ECX | XOR EAX,EAX | TEST byte ptr [EBX + 0x34],0x8 | JNZ 0x0078fa75","0x0078EF71|0x0078F25D|0x0078F29E|0x0078F2AF|0x0078F2EC|0x0078F3A4|0x0078F9C4"
00793567,"FUN_00793567",4,true,"PUSH EBP | LEA EBP,[ESP + -0x68] | SUB ESP,0x164 | MOV EAX,dword ptr [EBP + 0x78] | PUSH ESI | XOR ESI,ESI | CMP EAX,ESI | MOV dword ptr [EBP + 0x50],ECX","0x007935D1|0x00793893|0x00793A1E|0x00793B28"
0079e025,"FUN_0079e025",2,true,"PUSH EBP | LEA EBP,[ESP + -0x78] | SUB ESP,0xe8 | AND dword ptr [EBP + 0x74],0x0 | AND dword ptr [EBP + 0x68],0x0 | PUSH EBX | MOV EBX,ECX | MOV ECX,dword ptr [EBX + 0x138]","0x0079E081|0x0079E30F"
0079e3be,"FUN_0079e3be",5,true,"PUSH EBP | LEA EBP,[ESP + -0x78] | SUB ESP,0xac | PUSH EBX | MOV EBX,ECX | PUSH ESI | MOV ESI,dword ptr [EBX + 0x98] | MOV ECX,dword ptr [ESI]","0x0079E3E0|0x0079E54E|0x0079E709|0x0079E7AF|0x0079E7BC"
0079e96a,"FUN_0079e96a",1,true,"PUSH EBP | LEA EBP,[ESP + -0x74] | SUB ESP,0x124 | PUSH EDI | MOV EDI,ECX | MOV EAX,dword ptr [EDI + 0x30] | AND EAX,0xffff | CMP EAX,0x104","0x0079E9A2"
0079f184,"FUN_0079f184",1,true,"PUSH EBP | LEA EBP,[ESP + -0x78] | SUB ESP,0x8c | AND dword ptr [EBP + 0x60],0x0 | AND dword ptr [EBP + 0x70],0x0 | PUSH EBX | MOV EBX,ECX | MOV EAX,dword ptr [EBX + 0x98]","0x0079F1C3"
007a0c35,"FUN_007a0c35",1,true,"PUSH EBP | LEA EBP,[ESP + -0x78] | SUB ESP,0x16c | PUSH EBX | PUSH ESI | PUSH EDI | PUSH 0x20 | MOV ESI,ECX","0x007A0C75"
007a17e5,"FUN_007a17e5",13,true,"PUSH EBP | LEA EBP,[ESP + -0x78] | SUB ESP,0x1f0 | PUSH EBX | PUSH ESI | PUSH EDI | MOV EBX,ECX | PUSH 0x6","0x007A18B0|0x007A1CEE|0x007A1D98|0x007A1E98|0x007A2156|0x007A21C0|0x007A21DA|0x007A2213|0x007A2284|0x007A22D4|0x007A2364|0x007A2652|0x007A2866"
007a316c,"FUN_007a316c",6,true,"PUSH EBP | LEA EBP,[ESP + -0x68] | SUB ESP,0x84 | AND dword ptr [EBP + 0x44],0x0 | PUSH EBX | PUSH ESI | PUSH EDI | XOR EAX,EAX","0x007A31DB|0x007A3287|0x007A3290|0x007A331E|0x007A3364|0x007A34DA"
007a4be2,"FUN_007a4be2",1,true,"PUSH EBP | LEA EBP,[ESP + -0x78] | SUB ESP,0xe0 | PUSH EBX | PUSH ESI | PUSH EDI | XOR EDI,EDI | MOV ESI,ECX","0x007A4C7C"
007a71cb,"FUN_007a71cb",8,true,"PUSH EBP | LEA EBP,[ESP + -0x78] | SUB ESP,0xb0 | AND dword ptr [EBP + 0x50],0x0 | AND dword ptr [EBP + 0x54],0x0 | PUSH EBX | MOV EBX,ECX | PUSH ESI","0x007A71F2|0x007A7326|0x007A74DC|0x007A76A6|0x007A7750|0x007A775D|0x007A795B|0x007A7971"
0082567c,"FUN_0082567c",1,true,"PUSH EBP | LEA EBP,[ESP + -0x74] | SUB ESP,0x1c0 | MOV EAX,[0x008e31bc] | XOR EAX,dword ptr [EBP + 0x78] | PUSH ESI | MOV dword ptr [EBP + 0x70],EAX | LEA EAX,[EBP + 0x68]","0x00825726"
01020520,"FUN_01020520",1,true,"JGE 0x010206e0 | SUB ESP,0x4 | MOV dword ptr [ESP],EBP | MOV EBP,ESP | PUSH -0x1 | PUSH 0x12c0b75 | MOV EAX,FS:[0x0] | SUB ESP,0x4","0x010207B9"
