target,reference_from,reference_type,caller_entry,caller_name,decompile_status
007fb0b0,004c9ac5,UNCONDITIONAL_CALL,004c9ab0,"FUN_004c9ab0",decompiled
007f3bb0,00748fa6,UNCONDITIONAL_CALL,00748f70,"FUN_00748f70",decompiled
007fb020,007f3863,UNCONDITIONAL_CALL,007f3820,"FUN_007f3820",decompiled
007fb020,00705434,UNCONDITIONAL_CALL,00705400,"FUN_00705400",decompiled
007fb020,007233ba,UNCONDITIONAL_CALL,00723390,"FUN_00723390",decompiled
007fb020,007233d2,UNCONDITIONAL_CALL,00723390,"FUN_00723390",decompiled
007fb020,00726a5f,UNCONDITIONAL_CALL,007268f0,"FUN_007268f0",decompiled
007fb020,00726a77,UNCONDITIONAL_CALL,007268f0,"FUN_007268f0",decompiled
007fb020,006fecd5,UNCONDITIONAL_CALL,006feca0,"FUN_006feca0",decompiled
007fb020,006fed0c,UNCONDITIONAL_CALL,006feca0,"FUN_006feca0",decompiled
007fb020,006fdef0,UNCONDITIONAL_CALL,006fdea0,"FUN_006fdea0",decompiled
007fb020,006fdf1d,UNCONDITIONAL_CALL,006fdea0,"FUN_006fdea0",decompiled
007fb020,00704484,UNCONDITIONAL_CALL,007043d0,"FUN_007043d0",decompiled
007fb020,007044c7,UNCONDITIONAL_CALL,007043d0,"FUN_007043d0",decompiled
007fb020,00705494,UNCONDITIONAL_CALL,00705480,"FUN_00705480",decompiled
007fb020,00726e2a,UNCONDITIONAL_CALL,00726df0,"FUN_00726df0",decompiled
007fb020,00726e42,UNCONDITIONAL_CALL,00726df0,"FUN_00726df0",decompiled
007fb020,00727034,UNCONDITIONAL_CALL,00726df0,"FUN_00726df0",decompiled
007fb020,0072704c,UNCONDITIONAL_CALL,00726df0,"FUN_00726df0",decompiled
007fb020,0072310b,UNCONDITIONAL_CALL,007230a0,"FUN_007230a0",decompiled
007fb020,007f433a,UNCONDITIONAL_CALL,,,no_containing_function
007fb020,007f4486,UNCONDITIONAL_CALL,,,no_containing_function
007fb020,007f4eb5,UNCONDITIONAL_CALL,007f4ae0,"FUN_007f4ae0",decompiled
007fb020,007f4f7b,UNCONDITIONAL_CALL,007f4ae0,"FUN_007f4ae0",decompiled
007fb020,007f4fa5,UNCONDITIONAL_CALL,007f4ae0,"FUN_007f4ae0",decompiled
007fb020,0072fdbd,UNCONDITIONAL_CALL,0072fd90,"FUN_0072fd90",decompiled
007fb020,0072fdce,UNCONDITIONAL_CALL,0072fd90,"FUN_0072fd90",decompiled
007fb020,0072fde0,UNCONDITIONAL_CALL,0072fd90,"FUN_0072fd90",decompiled
007fb020,0072fdf1,UNCONDITIONAL_CALL,0072fd90,"FUN_0072fd90",decompiled
007fb020,007010c6,UNCONDITIONAL_CALL,007010c0,"FUN_007010c0",decompiled
007fb020,007010d8,UNCONDITIONAL_CALL,007010c0,"FUN_007010c0",decompiled
007fb020,0070689a,UNCONDITIONAL_CALL,00706870,"FUN_00706870",decompiled
007fb020,007068ca,UNCONDITIONAL_CALL,00706870,"FUN_00706870",decompiled
007fb020,0070690a,UNCONDITIONAL_CALL,00706870,"FUN_00706870",decompiled
007fb020,00706939,UNCONDITIONAL_CALL,00706870,"FUN_00706870",decompiled
007fb020,004cdbf6,UNCONDITIONAL_CALL,,,no_containing_function
007fb020,004cdc32,UNCONDITIONAL_CALL,,,no_containing_function
007fb020,004cddaf,UNCONDITIONAL_CALL,,,no_containing_function
007fb020,004cddc2,UNCONDITIONAL_CALL,,,no_containing_function
007fb020,004cd1eb,UNCONDITIONAL_CALL,004cd050,"FUN_004cd050",decompiled
007fb020,007f77e2,UNCONDITIONAL_CALL,,,no_containing_function
007fb020,007f8db8,UNCONDITIONAL_CALL,007f8d70,"FUN_007f8d70",decompiled
007fb020,007f8dcb,UNCONDITIONAL_CALL,007f8d70,"FUN_007f8d70",decompiled
007fb020,007f90e9,UNCONDITIONAL_CALL,,,no_containing_function
004c9a80,004c9ab4,DATA,004c9ab0,"FUN_004c9ab0",decompiled
006d64f0,005532a9,UNCONDITIONAL_CALL,00553260,"FUN_00553260",decompiled
004c8430,006d662b,UNCONDITIONAL_CALL,006d64f0,"FUN_006d64f0",decompiled
