address,size,bytes_hex,classification,instruction_address,instruction_length,instruction,covered_instructions,write_group_start,write_group_size,group_end_on_instruction_boundary
0x004C8415,4,"20 82 4C 00",INSIDE_INSTRUCTION,004c8414,5,"PUSH 0x4c8220","004c8414+5: PUSH 0x4c8220",0x004C8415,4,YES
0x004C900D,5,"E8 BE 7C 32 00",INSTRUCTION_START,004c900d,5,"CALL 0x007f0cd0","004c900d+5: CALL 0x007f0cd0",0x004C900D,5,YES
0x004C9148,4,"30 8E 4C 00",INSIDE_INSTRUCTION,004c9147,5,"PUSH 0x4c8e30","004c9147+5: PUSH 0x4c8e30",0x004C9148,4,YES
0x0053BFCC,1,"E8",INSTRUCTION_START,0053bfcc,5,"CALL 0x00411e20","0053bfcc+5: CALL 0x00411e20",0x0053BFCC,5,YES
0x0053BFCD,4,"4F 5E ED FF",INSIDE_INSTRUCTION,0053bfcc,5,"CALL 0x00411e20","0053bfcc+5: CALL 0x00411e20",0x0053BFCC,5,YES
0x005B8FFD,1,"E8",INSTRUCTION_START,005b8ffd,5,"CALL 0x005d5bc0","005b8ffd+5: CALL 0x005d5bc0",0x005B8FFD,5,YES
0x005B8FFE,4,"BE CB 01 00",INSIDE_INSTRUCTION,005b8ffd,5,"CALL 0x005d5bc0","005b8ffd+5: CALL 0x005d5bc0",0x005B8FFD,5,YES
0x005D5AD1,1,"BE",INSTRUCTION_START,005d5ad1,5,"MOV ESI,0xc02bd0","005d5ad1+5: MOV ESI,0xc02bd0",0x005D5AD1,5,YES
0x005D5AD2,4,"D0 2B C0 00",INSIDE_INSTRUCTION,005d5ad1,5,"MOV ESI,0xc02bd0","005d5ad1+5: MOV ESI,0xc02bd0",0x005D5AD1,5,YES
0x005D5BC7,1,"68",INSTRUCTION_START,005d5bc7,5,"PUSH 0x86982c","005d5bc7+5: PUSH 0x86982c",0x005D5BC7,5,YES
0x005D5BC8,4,"2C 98 86 00",INSIDE_INSTRUCTION,005d5bc7,5,"PUSH 0x86982c","005d5bc7+5: PUSH 0x86982c",0x005D5BC7,5,YES
0x005D5BFD,3,"83 C4 10",INSTRUCTION_START,005d5bfd,3,"ADD ESP,0x10","005d5bfd+3: ADD ESP,0x10",0x005D5BFD,3,YES
0x005D5C1E,1,"68",INSTRUCTION_START,005d5c1e,5,"PUSH 0x86bb28","005d5c1e+5: PUSH 0x86bb28",0x005D5C1E,5,YES
0x005D5C1F,4,"28 BB 86 00",INSIDE_INSTRUCTION,005d5c1e,5,"PUSH 0x86bb28","005d5c1e+5: PUSH 0x86bb28",0x005D5C1E,5,YES
0x005D5D3D,5,"E8 6E B9 15 00",INSTRUCTION_START,005d5d3d,5,"CALL 0x007316b0","005d5d3d+5: CALL 0x007316b0",0x005D5D3D,5,YES
0x006A2ED3,12,"6A 01 50 6A 00 8B CE E8 41 DF 03 00",INSTRUCTION_START,006a2ed3,2,"PUSH 0x1","006a2ed3+2: PUSH 0x1 | 006a2ed5+1: PUSH EAX | 006a2ed6+2: PUSH 0x0 | 006a2ed8+2: MOV ECX,ESI | 006a2eda+5: CALL 0x006e0e20",0x006A2ED3,12,YES
0x006A2EEB,12,"6A 00 51 6A 00 8B CE E8 29 DF 03 00",INSTRUCTION_START,006a2eeb,2,"PUSH 0x0","006a2eeb+2: PUSH 0x0 | 006a2eed+1: PUSH ECX | 006a2eee+2: PUSH 0x0 | 006a2ef0+2: MOV ECX,ESI | 006a2ef2+5: CALL 0x006e0e20",0x006A2EEB,12,YES
0x006AB350,1,"0F",INSTRUCTION_START,006ab350,4,"MOVSX EAX,word ptr [ESI + 0x22]","006ab350+4: MOVSX EAX,word ptr [ESI + 0x22]",0x006AB350,10,YES
0x006AB351,4,"BF 46 22 8D",INSIDE_INSTRUCTION,006ab350,4,"MOVSX EAX,word ptr [ESI + 0x22]","006ab354+6: LEA EDI,[EAX + 0xfffffe69]",0x006AB350,10,YES
0x006AB355,5,"B8 69 FE FF FF",INSIDE_INSTRUCTION,006ab354,6,"LEA EDI,[EAX + 0xfffffe69]","006ab354+6: LEA EDI,[EAX + 0xfffffe69]",0x006AB350,10,YES
0x006BDE73,18,"6A 01 8D 8E CC 05 00 00 51 6A 00 8B CE E8 9B 2F 02 00",INSTRUCTION_START,006bde73,2,"PUSH 0x1","006bde73+2: PUSH 0x1 | 006bde75+6: LEA ECX,[ESI + 0x5cc] | 006bde7b+1: PUSH ECX | 006bde7c+2: PUSH 0x0 | 006bde7e+2: MOV ECX,ESI | 006bde80+5: CALL 0x006e0e20",0x006BDE73,18,YES
0x006D6494,1,"E8",INSTRUCTION_START,006d6494,5,"CALL 0x006d3db0","006d6494+5: CALL 0x006d3db0",0x006D6494,5,YES
0x006D6495,4,"17 D9 FF FF",INSIDE_INSTRUCTION,006d6494,5,"CALL 0x006d3db0","006d6494+5: CALL 0x006d3db0",0x006D6494,5,YES
0x006D6617,1,"E8",INSTRUCTION_START,006d6617,5,"CALL 0x004c8c90","006d6617+5: CALL 0x004c8c90",0x006D6617,5,YES
0x006D6618,4,"74 26 DF FF",INSIDE_INSTRUCTION,006d6617,5,"CALL 0x004c8c90","006d6617+5: CALL 0x004c8c90",0x006D6617,5,YES
0x006D6A58,1,"E8",INSTRUCTION_START,006d6a58,5,"CALL 0x006d10e0","006d6a58+5: CALL 0x006d10e0",0x006D6A58,5,YES
0x006D6A59,4,"83 A6 FF FF",INSIDE_INSTRUCTION,006d6a58,5,"CALL 0x006d10e0","006d6a58+5: CALL 0x006d10e0",0x006D6A58,5,YES
0x006E0DF7,1,"E8",INSTRUCTION_START,006e0df7,5,"CALL 0x006fc580","006e0df7+5: CALL 0x006fc580",0x006E0DF7,5,YES
0x006E0DF8,4,"84 B7 01 00",INSIDE_INSTRUCTION,006e0df7,5,"CALL 0x006fc580","006e0df7+5: CALL 0x006fc580",0x006E0DF7,5,YES
0x006E173C,1,"E8",INSTRUCTION_START,006e173c,5,"CALL 0x006e1600","006e173c+5: CALL 0x006e1600",0x006E173C,5,YES
0x006E173D,4,"BF FE FF FF",INSIDE_INSTRUCTION,006e173c,5,"CALL 0x006e1600","006e173c+5: CALL 0x006e1600",0x006E173C,5,YES
0x006E174B,1,"E8",INSTRUCTION_START,006e174b,5,"CALL 0x006e1440","006e174b+5: CALL 0x006e1440",0x006E174B,5,YES
0x006E174C,4,"F0 FC FF FF",INSIDE_INSTRUCTION,006e174b,5,"CALL 0x006e1440","006e174b+5: CALL 0x006e1440",0x006E174B,5,YES
0x006E175E,1,"E8",INSTRUCTION_START,006e175e,5,"CALL 0x006e1440","006e175e+5: CALL 0x006e1440",0x006E175E,5,YES
0x006E175F,4,"DD FC FF FF",INSIDE_INSTRUCTION,006e175e,5,"CALL 0x006e1440","006e175e+5: CALL 0x006e1440",0x006E175E,5,YES
0x006E1773,1,"E8",INSTRUCTION_START,006e1773,5,"CALL 0x006e1600","006e1773+5: CALL 0x006e1600",0x006E1773,5,YES
0x006E1774,4,"88 FE FF FF",INSIDE_INSTRUCTION,006e1773,5,"CALL 0x006e1600","006e1773+5: CALL 0x006e1600",0x006E1773,5,YES
0x006E18DA,1,"D8",INSTRUCTION_START,006e18da,6,"FCOMP float ptr [0x00858b50]","006e18da+6: FCOMP float ptr [0x00858b50]",0x006E18DA,5,NO
0x006E18DB,4,"1D 50 8B 85",INSIDE_INSTRUCTION,006e18da,6,"FCOMP float ptr [0x00858b50]","006e18da+6: FCOMP float ptr [0x00858b50]",0x006E18DA,5,NO
0x006E18E5,6,"0F 85 5D 01 00 00",INSTRUCTION_START,006e18e5,6,"JNZ 0x006e1a48","006e18e5+6: JNZ 0x006e1a48",0x006E18E5,6,YES
0x006E198E,1,"D9",INSTRUCTION_START,006e198e,6,"FLD float ptr [ESI + 0x4a0]","006e198e+6: FLD float ptr [ESI + 0x4a0]",0x006E198E,5,NO
0x006E198F,4,"86 A0 04 00",INSIDE_INSTRUCTION,006e198e,6,"FLD float ptr [ESI + 0x4a0]","006e198e+6: FLD float ptr [ESI + 0x4a0]",0x006E198E,5,NO
0x006E1A2D,1,"E8",INSTRUCTION_START,006e1a2d,5,"CALL 0x006fc580","006e1a2d+5: CALL 0x006fc580",0x006E1A2D,5,YES
0x006E1A2E,4,"4E AB 01 00",INSIDE_INSTRUCTION,006e1a2d,5,"CALL 0x006fc580","006e1a2d+5: CALL 0x006fc580",0x006E1A2D,5,YES
0x006E1D4F,1,"03",INSIDE_INSTRUCTION,006e1d4e,2,"PUSH 0x3","006e1d4e+2: PUSH 0x3",0x006E1D4F,1,YES
0x006E27E6,1,"E8",INSTRUCTION_START,006e27e6,5,"CALL 0x007000e0","006e27e6+5: CALL 0x007000e0",0x006E27E6,5,YES
0x006E27E7,4,"F5 D8 01 00",INSIDE_INSTRUCTION,006e27e6,5,"CALL 0x007000e0","006e27e6+5: CALL 0x007000e0",0x006E27E6,5,YES
0x006E28E7,5,"E8 F4 D7 01 00",INSTRUCTION_START,006e28e7,5,"CALL 0x007000e0","006e28e7+5: CALL 0x007000e0",0x006E28E7,5,YES
0x006F3973,1,"88",INSTRUCTION_START,006f3973,6,"MOV byte ptr [ESI + 0x4a8],BL","006f3973+6: MOV byte ptr [ESI + 0x4a8],BL",0x006F3973,12,YES
0x006F3974,4,"9E A8 04 00",INSIDE_INSTRUCTION,006f3973,6,"MOV byte ptr [ESI + 0x4a8],BL","006f3973+6: MOV byte ptr [ESI + 0x4a8],BL",0x006F3973,12,YES
0x006F3978,7,"00 88 96 28 04 00 00",INSIDE_INSTRUCTION,006f3973,6,"MOV byte ptr [ESI + 0x4a8],BL","006f3979+6: MOV byte ptr [ESI + 0x428],DL",0x006F3973,12,YES
0x006F3AED,1,"88",INSTRUCTION_START,006f3aed,6,"MOV byte ptr [ESI + 0x428],AL","006f3aed+6: MOV byte ptr [ESI + 0x428],AL",0x006F3AED,6,YES
0x006F3AEE,4,"86 28 04 00",INSIDE_INSTRUCTION,006f3aed,6,"MOV byte ptr [ESI + 0x428],AL","006f3aed+6: MOV byte ptr [ESI + 0x428],AL",0x006F3AED,6,YES
0x006F3AF2,1,"00",INSIDE_INSTRUCTION,006f3aed,6,"MOV byte ptr [ESI + 0x428],AL","006f3aed+6: MOV byte ptr [ESI + 0x428],AL",0x006F3AED,6,YES
0x006FDED6,1,"E8",INSTRUCTION_START,006fded6,5,"CALL 0x007fb230","006fded6+5: CALL 0x007fb230",0x006FDED6,5,YES
0x006FDED7,4,"55 D3 0F 00",INSIDE_INSTRUCTION,006fded6,5,"CALL 0x007fb230","006fded6+5: CALL 0x007fb230",0x006FDED6,5,YES
0x006FDF10,1,"E8",INSTRUCTION_START,006fdf10,5,"CALL 0x006fdd70","006fdf10+5: CALL 0x006fdd70",0x006FDF10,5,YES
0x006FDF11,4,"5B FE FF FF",INSIDE_INSTRUCTION,006fdf10,5,"CALL 0x006fdd70","006fdf10+5: CALL 0x006fdd70",0x006FDF10,5,YES
0x006FDF47,1,"01",INSIDE_INSTRUCTION,006fdf44,4,"MOV byte ptr [ESI + 0x50],0x1","006fdf44+4: MOV byte ptr [ESI + 0x50],0x1",0x006FDF47,1,YES
0x0085C5F4,4,"80 96 4C 00",NO_INSTRUCTION,,,"","",0x0085C5F4,4,NON_CODE
