target,hook_count,hook_sites,block,function_created,body_min,body_max,decompile_completed,error
0x10004B10,1,"0x0053BFCC:0XE8",".text",yes,10004b10,10004b10,yes,"decompiled"
0x10008780,1,"0x005D5BC7:0XE9",".text",yes,10008780,10008780,yes,"decompiled"
0x10008830,1,"0x005D5C1E:0XE9",".text",yes,10008830,10008830,yes,"decompiled"
0x10008940,1,"0x005D5AD1:0XE9",".text",yes,10008940,10008940,yes,"decompiled"
0x10007F90,1,"0x006E198E:0XE9",".text",yes,10007f90,10007f90,yes,"decompiled"
0x10007F50,1,"0x006E18DA:0XE9",".text",yes,10007f50,10007f50,yes,"decompiled"
0x10007F70,1,"0x006E1A2D:0XE9",".text",yes,10007f70,10007f70,yes,"decompiled"
0x10003E40,1,"0x006FDED6:0XE8",".text",yes,10003e40,10003e40,yes,"decompiled"
0x10003030,1,"0x006AB350:0XE9",".text",yes,10003030,10003030,yes,"decompiled"
0x10003060,1,"0x006F3AED:0XE8",".text",yes,10003060,10003060,yes,"decompiled"
0x10003080,1,"0x006F3973:0XE8",".text",yes,10003080,10003080,yes,"decompiled"
0x100031E0,1,"0x006E27E6:0XE9",".text",yes,100031e0,100031e0,yes,"decompiled"
