site_va,site_section,stored_va,target_section,exact_candidate_function,exact_candidate_global,stored_value_points_inside_image
0x10022158,.rdata,0x10020870,.text,FUN_10020870,,true
0x1002215C,.rdata,0x100208D0,.text,,,true
0x10022160,.rdata,0x10020910,.text,,,true
0x10022164,.rdata,0x10020920,.text,,,true
0x10022168,.rdata,0x10020930,.text,,,true
0x1002216C,.rdata,0x10020940,.text,,,true
0x10022170,.rdata,0x10020950,.text,,,true
0x10022174,.rdata,0x10020960,.text,,,true
0x10022178,.rdata,0x10020970,.text,,,true
0x1002217C,.rdata,0x10020980,.text,,,true
0x10022180,.rdata,0x10020990,.text,,,true
0x10022184,.rdata,0x100209A0,.text,,,true
0x10022188,.rdata,0x100209B0,.text,,,true
0x1002218C,.rdata,0x100209C0,.text,,,true
0x10022190,.rdata,0x100209D0,.text,,,true
0x10022194,.rdata,0x100209E0,.text,,,true
0x10022198,.rdata,0x100209F0,.text,,,true
0x1002219C,.rdata,0x10020A10,.text,,,true
0x100221A0,.rdata,0x10020A20,.text,,,true
0x100221A4,.rdata,0x10020A30,.text,,,true
0x100221A8,.rdata,0x10020A40,.text,,,true
0x100221AC,.rdata,0x10020A50,.text,,,true
0x100221B0,.rdata,0x10020A60,.text,,,true
0x100221BC,.rdata,0x100104BC,.text,,,true
0x100221C0,.rdata,0x10013025,.text,,,true
0x100221C4,.rdata,0x100148E9,.text,___initmbctable,,true
0x100221C8,.rdata,0x1001704C,.text,,,true
0x100221CC,.rdata,0x1001C5E0,.text,,,true
0x100221D8,.rdata,0x1001B29B,.text,FUN_1001b29b,,true
0x100221DC,.rdata,0x100130D6,.text,,,true
0x1002220C,.rdata,0x10026368,.rdata,,,true
0x10022210,.rdata,0x1001020F,.text,FUN_1001020f,,true
0x10022214,.rdata,0x10010258,.text,FUN_10010258,,true
0x10022218,.rdata,0x100263B4,.rdata,,,true
0x1002221C,.rdata,0x1001020F,.text,FUN_1001020f,,true
0x10022220,.rdata,0x10010258,.text,FUN_10010258,,true
0x10022224,.rdata,0x10026404,.rdata,,,true
0x10022228,.rdata,0x1001032A,.text,FUN_1001032a,,true
0x1002222C,.rdata,0x10010258,.text,FUN_10010258,,true
0x10022244,.rdata,0x10026418,.rdata,,,true
0x10022248,.rdata,0x10010771,.text,`scalar_deleting_destructor',,true
0x1002224C,.rdata,0x10026460,.rdata,,,true
0x10022250,.rdata,0x10001010,.text,FUN_10001010,,true
0x10022254,.rdata,0x10010258,.text,FUN_10010258,,true
0x10023094,.rdata,0x10023030,.rdata,,,true
0x1002309C,.rdata,0x10022FD8,.rdata,,,true
0x100230A4,.rdata,0x10022F80,.rdata,,,true
0x100230AC,.rdata,0x10022F38,.rdata,,,true
0x100230B4,.rdata,0x10022EE0,.rdata,,,true
0x100230BC,.rdata,0x10022E80,.rdata,,,true
0x100230C4,.rdata,0x10022E38,.rdata,,,true
0x100230CC,.rdata,0x10022DE0,.rdata,,,true
0x100230D4,.rdata,0x10022D70,.rdata,,,true
0x100230DC,.rdata,0x10022D20,.rdata,,,true
0x100230E4,.rdata,0x10022CB0,.rdata,,,true
0x100230EC,.rdata,0x10022C40,.rdata,,,true
0x100230F4,.rdata,0x10022BF0,.rdata,,,true
0x100230FC,.rdata,0x10022BB0,.rdata,,,true
0x10023104,.rdata,0x10022AE8,.rdata,,,true
0x1002310C,.rdata,0x10022A80,.rdata,,,true
0x10023114,.rdata,0x10022890,.rdata,,,true
0x1002311C,.rdata,0x10022870,.rdata,,,true
0x10023124,.rdata,0x10022854,.rdata,,,true
0x1002312C,.rdata,0x10022838,.rdata,,,true
0x10023134,.rdata,0x10022830,.rdata,,,true
0x1002313C,.rdata,0x10022810,.rdata,,,true
0x100237A0,.rdata,0x10023794,.rdata,,,true
0x100237A4,.rdata,0x1002378C,.rdata,,,true
0x100237A8,.rdata,0x10023780,.rdata,,,true
0x100237AC,.rdata,0x10023774,.rdata,,,true
0x100237B0,.rdata,0x10023768,.rdata,,,true
0x100237B4,.rdata,0x1002375C,.rdata,,,true
0x100237B8,.rdata,0x10023750,.rdata,,,true
0x100237BC,.rdata,0x10023748,.rdata,,,true
0x100237C0,.rdata,0x10023740,.rdata,,,true
0x100237C4,.rdata,0x10023734,.rdata,,,true
0x100237C8,.rdata,0x10023728,.rdata,,,true
0x100237CC,.rdata,0x100226F2,.rdata,,,true
0x100237D0,.rdata,0x10023720,.rdata,,,true
0x100237D4,.rdata,0x10023718,.rdata,,,true
0x100237D8,.rdata,0x100226F0,.rdata,,?DAT_100226f0@@3PAEA,true
0x100237DC,.rdata,0x10023714,.rdata,,,true
0x100237E0,.rdata,0x10023710,.rdata,,,true
0x100237E4,.rdata,0x1002370C,.rdata,,,true
0x100237E8,.rdata,0x10023708,.rdata,,,true
0x100237EC,.rdata,0x10023704,.rdata,,,true
0x100237F0,.rdata,0x10023700,.rdata,,,true
0x100237F4,.rdata,0x100236F4,.rdata,,,true
0x100237F8,.rdata,0x100236F0,.rdata,,,true
0x100237FC,.rdata,0x100236EC,.rdata,,,true
0x10023800,.rdata,0x100236E8,.rdata,,,true
0x10023804,.rdata,0x100236E4,.rdata,,,true
0x10023808,.rdata,0x100236E0,.rdata,,,true
0x1002380C,.rdata,0x100236DC,.rdata,,,true
0x10023810,.rdata,0x100236D8,.rdata,,,true
0x10023814,.rdata,0x100236D4,.rdata,,,true
0x10023818,.rdata,0x100236D0,.rdata,,,true
0x1002381C,.rdata,0x100236CC,.rdata,,,true
0x10023820,.rdata,0x100236C8,.rdata,,,true
0x10023824,.rdata,0x100236C4,.rdata,,,true
0x10023828,.rdata,0x100236C0,.rdata,,,true
0x1002382C,.rdata,0x100236BC,.rdata,,,true
0x10023830,.rdata,0x100236B8,.rdata,,,true
0x10023834,.rdata,0x100236B4,.rdata,,,true
0x10023838,.rdata,0x100236B0,.rdata,,,true
0x1002383C,.rdata,0x100236AC,.rdata,,,true
0x10023840,.rdata,0x100236A8,.rdata,,,true
0x10023844,.rdata,0x100236A4,.rdata,,,true
0x10023848,.rdata,0x100236A0,.rdata,,,true
0x1002384C,.rdata,0x1002369C,.rdata,,,true
0x10023850,.rdata,0x10023698,.rdata,,,true
0x10023854,.rdata,0x10023694,.rdata,,,true
0x10023858,.rdata,0x10023690,.rdata,,,true
0x1002385C,.rdata,0x1002368C,.rdata,,,true
0x10023860,.rdata,0x10023688,.rdata,,,true
0x10023864,.rdata,0x10023684,.rdata,,,true
0x10023868,.rdata,0x10023680,.rdata,,,true
0x1002386C,.rdata,0x1002367C,.rdata,,,true
0x10023870,.rdata,0x10023678,.rdata,,,true
0x10023874,.rdata,0x1002366C,.rdata,,,true
0x10023878,.rdata,0x10023660,.rdata,,,true
0x1002387C,.rdata,0x10023658,.rdata,,,true
0x10023880,.rdata,0x1002364C,.rdata,,,true
0x10023884,.rdata,0x10023634,.rdata,,,true
0x10023888,.rdata,0x10023628,.rdata,,,true
0x1002388C,.rdata,0x10023614,.rdata,,,true
0x10023890,.rdata,0x100235F4,.rdata,,,true
0x10023894,.rdata,0x100235D4,.rdata,,,true
0x10023898,.rdata,0x100235B4,.rdata,,,true
0x1002389C,.rdata,0x10023594,.rdata,,,true
0x100238A0,.rdata,0x10023574,.rdata,,,true
0x100238A4,.rdata,0x10023550,.rdata,,,true
0x100238A8,.rdata,0x10023534,.rdata,,,true
0x100238AC,.rdata,0x10023510,.rdata,,,true
0x100238B0,.rdata,0x100234F0,.rdata,,,true
0x100238B4,.rdata,0x100234C8,.rdata,,,true
0x100238B8,.rdata,0x100234AC,.rdata,,,true
0x100238BC,.rdata,0x1002349C,.rdata,,,true
0x100238C0,.rdata,0x10023498,.rdata,,,true
0x100238C4,.rdata,0x10023490,.rdata,,,true
0x100238C8,.rdata,0x10023480,.rdata,,,true
0x100238CC,.rdata,0x1002345C,.rdata,,,true
0x100238D0,.rdata,0x10023454,.rdata,,,true
0x100238D4,.rdata,0x10023448,.rdata,,,true
0x100238D8,.rdata,0x10023438,.rdata,,,true
0x100238DC,.rdata,0x1002341C,.rdata,,,true
0x100238E0,.rdata,0x100233FC,.rdata,,,true
0x100238E4,.rdata,0x100233D4,.rdata,,,true
0x100238E8,.rdata,0x100233AC,.rdata,,,true
0x100238EC,.rdata,0x10023384,.rdata,,,true
0x100238F0,.rdata,0x10023358,.rdata,,,true
0x100238F4,.rdata,0x1002333C,.rdata,,,true
0x100238F8,.rdata,0x10023318,.rdata,,,true
0x100238FC,.rdata,0x100232F4,.rdata,,,true
0x10023900,.rdata,0x100232C8,.rdata,,,true
0x10023904,.rdata,0x1002329C,.rdata,,,true
0x10023908,.rdata,0x10023280,.rdata,,,true
0x1002390C,.rdata,0x100226F2,.rdata,,,true
0x10023910,.rdata,0x1002326C,.rdata,,,true
0x10023914,.rdata,0x10023250,.rdata,,,true
0x10023918,.rdata,0x1002323C,.rdata,,,true
0x1002391C,.rdata,0x1002321C,.rdata,,,true
0x10023920,.rdata,0x10023200,.rdata,,,true
0x10024208,.rdata,0x1003A398,.data,,,true
0x1002420C,.rdata,0x1003A3F0,.data,,,true
0x10024C70,.rdata,0x10027F1C,.rdata,,,true
0x10024C74,.rdata,0x1000A030,.text,FUN_1000a030,,true
0x10024C78,.rdata,0x10009790,.text,FUN_10009790,,true
0x10024C7C,.rdata,0x10027F08,.rdata,,,true
0x10024C80,.rdata,0x1000A030,.text,FUN_1000a030,,true
0x10024C84,.rdata,0x10011541,.text,__purecall,,true
0x10024C88,.rdata,0x10027CC4,.rdata,,,true
0x10024C8C,.rdata,0x10009AF0,.text,FUN_10009af0,,true
0x10024C90,.rdata,0x1000A8C0,.text,FUN_1000a8c0,,true
0x10024C94,.rdata,0x10027CB0,.rdata,,,true
0x10024C98,.rdata,0x10009AF0,.text,FUN_10009af0,,true
0x10024C9C,.rdata,0x10011541,.text,__purecall,,true
0x10024CA0,.rdata,0x10027BC4,.rdata,,,true
0x10024CA4,.rdata,0x10009B50,.text,FUN_10009b50,,true
0x10024CA8,.rdata,0x1000AAE0,.text,FUN_1000aae0,,true
0x10024CAC,.rdata,0x10027BB0,.rdata,,,true
0x10024CB0,.rdata,0x10009B50,.text,FUN_10009b50,,true
0x10024CB4,.rdata,0x10011541,.text,__purecall,,true
0x10024CB8,.rdata,0x10027AC4,.rdata,,,true
0x10024CBC,.rdata,0x10009BB0,.text,FUN_10009bb0,,true
0x10024CC0,.rdata,0x1000AC20,.text,FUN_1000ac20,,true
0x10024CC4,.rdata,0x10027AB0,.rdata,,,true
0x10024CC8,.rdata,0x10009BB0,.text,FUN_10009bb0,,true
0x10024CCC,.rdata,0x10011541,.text,__purecall,,true
0x10024CD0,.rdata,0x100279C4,.rdata,,,true
0x10024CD4,.rdata,0x10009C10,.text,FUN_10009c10,,true
0x10024CD8,.rdata,0x1000AD60,.text,FUN_1000ad60,,true
0x10024CDC,.rdata,0x100279B0,.rdata,,,true
0x10024CE0,.rdata,0x10009C10,.text,FUN_10009c10,,true
0x10024CE4,.rdata,0x10011541,.text,__purecall,,true
0x10024CE8,.rdata,0x100278C4,.rdata,,,true
0x10024CEC,.rdata,0x10009C70,.text,FUN_10009c70,,true
0x10024CF0,.rdata,0x1000AEA0,.text,FUN_1000aea0,,true
0x10024CF4,.rdata,0x100278B0,.rdata,,,true
0x10024CF8,.rdata,0x10009C70,.text,FUN_10009c70,,true
0x10024CFC,.rdata,0x10011541,.text,__purecall,,true
0x10024D00,.rdata,0x100277C4,.rdata,,,true
0x10024D04,.rdata,0x10009CD0,.text,FUN_10009cd0,,true
0x10024D08,.rdata,0x1000AFE0,.text,FUN_1000afe0,,true
0x10024D0C,.rdata,0x100277B0,.rdata,,,true
0x10024D10,.rdata,0x10009CD0,.text,FUN_10009cd0,,true
0x10024D14,.rdata,0x10011541,.text,__purecall,,true
0x10024D18,.rdata,0x100276C4,.rdata,,,true
0x10024D1C,.rdata,0x10009D30,.text,FUN_10009d30,,true
0x10024D20,.rdata,0x1000B120,.text,FUN_1000b120,,true
0x10024D24,.rdata,0x100276B0,.rdata,,,true
0x10024D28,.rdata,0x10009D30,.text,FUN_10009d30,,true
0x10024D2C,.rdata,0x10011541,.text,__purecall,,true
0x10024D30,.rdata,0x100274BC,.rdata,,,true
0x10024D34,.rdata,0x10009D90,.text,FUN_10009d90,,true
0x10024D38,.rdata,0x1000B260,.text,FUN_1000b260,,true
0x10024D3C,.rdata,0x100274A8,.rdata,,,true
0x10024D40,.rdata,0x10009D90,.text,FUN_10009d90,,true
0x10024D44,.rdata,0x10011541,.text,__purecall,,true
0x10024D48,.rdata,0x100273BC,.rdata,,,true
0x10024D4C,.rdata,0x10009DF0,.text,FUN_10009df0,,true
0x10024D50,.rdata,0x1000B460,.text,FUN_1000b460,,true
0x10024D54,.rdata,0x100273A8,.rdata,,,true
0x10024D58,.rdata,0x10009DF0,.text,FUN_10009df0,,true
0x10024D5C,.rdata,0x10011541,.text,__purecall,,true
0x10024D60,.rdata,0x100272BC,.rdata,,,true
0x10024D64,.rdata,0x10009E50,.text,FUN_10009e50,,true
0x10024D68,.rdata,0x1000B5A0,.text,FUN_1000b5a0,,true
0x10024D6C,.rdata,0x100272A8,.rdata,,,true
0x10024D70,.rdata,0x10009E50,.text,FUN_10009e50,,true
0x10024D74,.rdata,0x10011541,.text,__purecall,,true
0x10024D78,.rdata,0x100271BC,.rdata,,,true
0x10024D7C,.rdata,0x10009EB0,.text,FUN_10009eb0,,true
0x10024D80,.rdata,0x1000B6E0,.text,FUN_1000b6e0,,true
0x10024D84,.rdata,0x100271A8,.rdata,,,true
0x10024D88,.rdata,0x10009EB0,.text,FUN_10009eb0,,true
0x10024D8C,.rdata,0x10011541,.text,__purecall,,true
0x10024D90,.rdata,0x100270BC,.rdata,,,true
0x10024D94,.rdata,0x10009F10,.text,FUN_10009f10,,true
0x10024D98,.rdata,0x1000B8E0,.text,FUN_1000b8e0,,true
0x10024D9C,.rdata,0x100270A8,.rdata,,,true
0x10024DA0,.rdata,0x10009F10,.text,FUN_10009f10,,true
0x10024DA4,.rdata,0x10011541,.text,__purecall,,true
0x10024DA8,.rdata,0x10026FBC,.rdata,,,true
0x10024DAC,.rdata,0x10009F70,.text,FUN_10009f70,,true
0x10024DB0,.rdata,0x1000BAE0,.text,FUN_1000bae0,,true
0x10024DB4,.rdata,0x10026FA8,.rdata,,,true
0x10024DB8,.rdata,0x10009F70,.text,FUN_10009f70,,true
0x10024DBC,.rdata,0x10011541,.text,__purecall,,true
0x10024DC0,.rdata,0x10026EBC,.rdata,,,true
0x10024DC4,.rdata,0x10009FD0,.text,FUN_10009fd0,,true
0x10024DC8,.rdata,0x1000BB60,.text,FUN_1000bb60,,true
0x10024DCC,.rdata,0x10026EA8,.rdata,,,true
0x10024DD0,.rdata,0x10009FD0,.text,FUN_10009fd0,,true
0x10024DD4,.rdata,0x10011541,.text,__purecall,,true
0x10024DD8,.rdata,0x10026D50,.rdata,,,true
0x10024DDC,.rdata,0x1000A110,.text,FUN_1000a110,,true
0x10024DE0,.rdata,0x1000BCA0,.text,FUN_1000bca0,,true
0x10024DE4,.rdata,0x10026D3C,.rdata,,,true
0x10024DE8,.rdata,0x1000A110,.text,FUN_1000a110,,true
0x10024DEC,.rdata,0x10011541,.text,__purecall,,true
0x10024DF0,.rdata,0x10026A8C,.rdata,,,true
0x10024DF4,.rdata,0x1000A170,.text,FUN_1000a170,,true
0x10024DF8,.rdata,0x1000BDE0,.text,FUN_1000bde0,,true
0x10024DFC,.rdata,0x10026A78,.rdata,,,true
0x10024E00,.rdata,0x1000A170,.text,FUN_1000a170,,true
0x10024E04,.rdata,0x10011541,.text,__purecall,,true
0x10024E08,.rdata,0x10026980,.rdata,,,true
0x10024E0C,.rdata,0x1000A1D0,.text,FUN_1000a1d0,,true
0x10024E10,.rdata,0x1000BF20,.text,FUN_1000bf20,,true
0x10024E14,.rdata,0x1002696C,.rdata,,,true
0x10024E18,.rdata,0x1000A1D0,.text,FUN_1000a1d0,,true
0x10024E1C,.rdata,0x10011541,.text,__purecall,,true
0x10024E20,.rdata,0x10026874,.rdata,,,true
0x10024E24,.rdata,0x1000A230,.text,FUN_1000a230,,true
0x10024E28,.rdata,0x1000C060,.text,FUN_1000c060,,true
0x10024E2C,.rdata,0x10026860,.rdata,,,true
0x10024E30,.rdata,0x1000A230,.text,FUN_1000a230,,true
0x10024E34,.rdata,0x10011541,.text,__purecall,,true
0x10024E38,.rdata,0x10026768,.rdata,,,true
0x10024E3C,.rdata,0x1000A290,.text,FUN_1000a290,,true
0x10024E40,.rdata,0x1000C1A0,.text,FUN_1000c1a0,,true
0x10024E44,.rdata,0x10026754,.rdata,,,true
0x10024E48,.rdata,0x1000A290,.text,FUN_1000a290,,true
0x10024E4C,.rdata,0x10011541,.text,__purecall,,true
0x10024E50,.rdata,0x100264F4,.rdata,,,true
0x10024E54,.rdata,0x1000A2F0,.text,FUN_1000a2f0,,true
0x10024E58,.rdata,0x1000C2E0,.text,FUN_1000c2e0,,true
0x10024E5C,.rdata,0x100264E0,.rdata,,,true
0x10024E60,.rdata,0x1000A2F0,.text,FUN_1000a2f0,,true
0x10024E64,.rdata,0x10011541,.text,__purecall,,true
0x10025004,.rdata,0x1001B318,.text,__fpmath,,true
0x100261E0,.rdata,0x1001CF2D,.text,___DestructExceptionObject,,true
0x100261E4,.rdata,0x10028114,.rdata,,,true
0x100261E8,.rdata,0x1001CD37,.text,FUN_1001cd37,,true
0x100261EC,.rdata,0x10010258,.text,FUN_10010258,,true
0x10026324,.rdata,0x10029490,.data,,?DAT_10029490@@3EA | ?DAT_10029490@@3IA | _DAT_10029490,true
0x10026328,.rdata,0x10028160,.rdata,,,true
0x10026374,.rdata,0x10029000,.data,,,true
0x10026378,.rdata,0x1002637C,.rdata,,,true
0x10026388,.rdata,0x1002638C,.rdata,,,true
0x1002638C,.rdata,0x10026398,.rdata,,,true
0x10026390,.rdata,0x10026490,.rdata,,,true
0x10026398,.rdata,0x10029000,.data,,,true
0x100263B0,.rdata,0x1002637C,.rdata,,,true
0x100263C0,.rdata,0x10029020,.data,,,true
0x100263C4,.rdata,0x100263C8,.rdata,,,true
0x100263D4,.rdata,0x100263D8,.rdata,,,true
0x100263D8,.rdata,0x100263E8,.rdata,,,true
0x100263DC,.rdata,0x10026398,.rdata,,,true
0x100263E0,.rdata,0x10026490,.rdata,,,true
0x100263E8,.rdata,0x10029020,.data,,,true
0x10026400,.rdata,0x100263C8,.rdata,,,true
0x10026410,.rdata,0x10029F14,.data,,,true
0x10026414,.rdata,0x100264AC,.rdata,,,true
0x10026424,.rdata,0x10029040,.data,,,true
0x10026428,.rdata,0x1002642C,.rdata,,,true
0x10026438,.rdata,0x1002643C,.rdata,,,true
0x1002643C,.rdata,0x10026444,.rdata,,,true
0x10026444,.rdata,0x10029040,.data,,,true
0x1002645C,.rdata,0x1002642C,.rdata,,,true
0x1002646C,.rdata,0x10029F30,.data,,,true
0x10026470,.rdata,0x10026474,.rdata,,,true
0x10026480,.rdata,0x10026484,.rdata,,,true
0x10026484,.rdata,0x100264C4,.rdata,,,true
0x10026488,.rdata,0x10026490,.rdata,,,true
0x10026490,.rdata,0x10029F14,.data,,,true
0x100264A8,.rdata,0x100264AC,.rdata,,,true
0x100264B8,.rdata,0x100264BC,.rdata,,,true
0x100264BC,.rdata,0x10026490,.rdata,,,true
0x100264C4,.rdata,0x10029F30,.data,,,true
0x100264DC,.rdata,0x10026474,.rdata,,,true
0x100264EC,.rdata,0x10037AC8,.data,,,true
0x100264F0,.rdata,0x100265A4,.rdata,,,true
0x10026500,.rdata,0x10037BD0,.data,,,true
0x10026504,.rdata,0x10026508,.rdata,,,true
0x10026514,.rdata,0x10026518,.rdata,,,true
0x10026518,.rdata,0x10026738,.rdata,,,true
0x1002651C,.rdata,0x1002653C,.rdata,,,true
0x10026520,.rdata,0x10026588,.rdata,,,true
0x10026524,.rdata,0x10026624,.rdata,,,true
0x10026528,.rdata,0x10026608,.rdata,,,true
0x1002652C,.rdata,0x100265EC,.rdata,,,true
0x10026530,.rdata,0x100265D0,.rdata,,,true
0x10026534,.rdata,0x10026B68,.rdata,,,true
0x1002653C,.rdata,0x10037B40,.data,,,true
0x10026554,.rdata,0x10026558,.rdata,,,true
0x10026564,.rdata,0x10026568,.rdata,,,true
0x10026568,.rdata,0x1002653C,.rdata,,,true
0x1002656C,.rdata,0x10026588,.rdata,,,true
0x10026570,.rdata,0x10026624,.rdata,,,true
0x10026574,.rdata,0x10026608,.rdata,,,true
0x10026578,.rdata,0x100265EC,.rdata,,,true
0x1002657C,.rdata,0x100265D0,.rdata,,,true
0x10026580,.rdata,0x10026B68,.rdata,,,true
0x10026588,.rdata,0x10037AC8,.data,,,true
0x100265A0,.rdata,0x100265A4,.rdata,,,true
0x100265B0,.rdata,0x100265B4,.rdata,,,true
0x100265B4,.rdata,0x10026588,.rdata,,,true
0x100265B8,.rdata,0x10026624,.rdata,,,true
0x100265BC,.rdata,0x10026608,.rdata,,,true
0x100265C0,.rdata,0x100265EC,.rdata,,,true
0x100265C4,.rdata,0x100265D0,.rdata,,,true
0x100265C8,.rdata,0x10026B68,.rdata,,,true
0x100265D0,.rdata,0x10037A00,.data,,,true
0x100265E8,.rdata,0x10026700,.rdata,,,true
0x100265EC,.rdata,0x10037A2C,.data,,,true
0x10026604,.rdata,0x100266C4,.rdata,,,true
0x10026608,.rdata,0x10037A4C,.data,,,true
0x10026620,.rdata,0x10026684,.rdata,,,true
0x10026624,.rdata,0x10037A84,.data,,,true
0x1002663C,.rdata,0x10026640,.rdata,,,true
0x1002664C,.rdata,0x10026650,.rdata,,,true
0x10026650,.rdata,0x1002671C,.rdata,,,true
0x10026654,.rdata,0x10026668,.rdata,,,true
0x10026658,.rdata,0x100266A8,.rdata,,,true
0x1002665C,.rdata,0x100266E4,.rdata,,,true
0x10026660,.rdata,0x10026CD0,.rdata,,,true
0x10026668,.rdata,0x10037A4C,.data,,,true
0x10026680,.rdata,0x10026684,.rdata,,,true
0x10026690,.rdata,0x10026694,.rdata,,,true
0x10026694,.rdata,0x10026668,.rdata,,,true
0x10026698,.rdata,0x100266A8,.rdata,,,true
0x1002669C,.rdata,0x100266E4,.rdata,,,true
0x100266A0,.rdata,0x10026CD0,.rdata,,,true
0x100266A8,.rdata,0x10037A2C,.data,,,true
0x100266C0,.rdata,0x100266C4,.rdata,,,true
0x100266D0,.rdata,0x100266D4,.rdata,,,true
0x100266D4,.rdata,0x100266A8,.rdata,,,true
0x100266D8,.rdata,0x100266E4,.rdata,,,true
0x100266DC,.rdata,0x10026CD0,.rdata,,,true
0x100266E4,.rdata,0x10037A00,.data,,,true
0x100266FC,.rdata,0x10026700,.rdata,,,true
0x1002670C,.rdata,0x10026710,.rdata,,,true
0x10026710,.rdata,0x100266E4,.rdata,,,true
0x10026714,.rdata,0x10026CD0,.rdata,,,true
0x1002671C,.rdata,0x10037A84,.data,,,true
0x10026734,.rdata,0x10026640,.rdata,,,true
0x10026738,.rdata,0x10037BD0,.data,,,true
0x10026750,.rdata,0x10026508,.rdata,,,true
0x10026760,.rdata,0x10037C00,.data,,,true
0x10026764,.rdata,0x10026818,.rdata,,,true
0x10026774,.rdata,0x10037D0C,.data,,,true
0x10026778,.rdata,0x1002677C,.rdata,,,true
0x10026788,.rdata,0x1002678C,.rdata,,,true
0x1002678C,.rdata,0x10026844,.rdata,,,true
0x10026790,.rdata,0x100267B0,.rdata,,,true
0x10026794,.rdata,0x100267FC,.rdata,,,true
0x10026798,.rdata,0x10026BD8,.rdata,,,true
0x1002679C,.rdata,0x10026BBC,.rdata,,,true
0x100267A0,.rdata,0x10026BA0,.rdata,,,true
0x100267A4,.rdata,0x10026B84,.rdata,,,true
0x100267A8,.rdata,0x10026B68,.rdata,,,true
0x100267B0,.rdata,0x10037C78,.data,,,true
0x100267C8,.rdata,0x100267CC,.rdata,,,true
0x100267D8,.rdata,0x100267DC,.rdata,,,true
0x100267DC,.rdata,0x100267B0,.rdata,,,true
0x100267E0,.rdata,0x100267FC,.rdata,,,true
0x100267E4,.rdata,0x10026BD8,.rdata,,,true
0x100267E8,.rdata,0x10026BBC,.rdata,,,true
0x100267EC,.rdata,0x10026BA0,.rdata,,,true
0x100267F0,.rdata,0x10026B84,.rdata,,,true
0x100267F4,.rdata,0x10026B68,.rdata,,,true
0x100267FC,.rdata,0x10037C00,.data,,,true
0x10026814,.rdata,0x10026818,.rdata,,,true
0x10026824,.rdata,0x10026828,.rdata,,,true
0x10026828,.rdata,0x100267FC,.rdata,,,true
0x1002682C,.rdata,0x10026BD8,.rdata,,,true
0x10026830,.rdata,0x10026BBC,.rdata,,,true
0x10026834,.rdata,0x10026BA0,.rdata,,,true
0x10026838,.rdata,0x10026B84,.rdata,,,true
0x1002683C,.rdata,0x10026B68,.rdata,,,true
0x10026844,.rdata,0x10037D0C,.data,,,true
0x1002685C,.rdata,0x1002677C,.rdata,,,true
0x1002686C,.rdata,0x10037D40,.data,,,true
0x10026870,.rdata,0x10026924,.rdata,,,true
0x10026880,.rdata,0x10037E4C,.data,,,true
0x10026884,.rdata,0x10026888,.rdata,,,true
0x10026894,.rdata,0x10026898,.rdata,,,true
0x10026898,.rdata,0x10026950,.rdata,,,true
0x1002689C,.rdata,0x100268BC,.rdata,,,true
0x100268A0,.rdata,0x10026908,.rdata,,,true
0x100268A4,.rdata,0x10026BD8,.rdata,,,true
0x100268A8,.rdata,0x10026BBC,.rdata,,,true
0x100268AC,.rdata,0x10026BA0,.rdata,,,true
0x100268B0,.rdata,0x10026B84,.rdata,,,true
0x100268B4,.rdata,0x10026B68,.rdata,,,true
0x100268BC,.rdata,0x10037DB8,.data,,,true
0x100268D4,.rdata,0x100268D8,.rdata,,,true
0x100268E4,.rdata,0x100268E8,.rdata,,,true
0x100268E8,.rdata,0x100268BC,.rdata,,,true
0x100268EC,.rdata,0x10026908,.rdata,,,true
0x100268F0,.rdata,0x10026BD8,.rdata,,,true
0x100268F4,.rdata,0x10026BBC,.rdata,,,true
0x100268F8,.rdata,0x10026BA0,.rdata,,,true
0x100268FC,.rdata,0x10026B84,.rdata,,,true
0x10026900,.rdata,0x10026B68,.rdata,,,true
0x10026908,.rdata,0x10037D40,.data,,,true
0x10026920,.rdata,0x10026924,.rdata,,,true
0x10026930,.rdata,0x10026934,.rdata,,,true
0x10026934,.rdata,0x10026908,.rdata,,,true
0x10026938,.rdata,0x10026BD8,.rdata,,,true
0x1002693C,.rdata,0x10026BBC,.rdata,,,true
0x10026940,.rdata,0x10026BA0,.rdata,,,true
0x10026944,.rdata,0x10026B84,.rdata,,,true
0x10026948,.rdata,0x10026B68,.rdata,,,true
0x10026950,.rdata,0x10037E4C,.data,,,true
0x10026968,.rdata,0x10026888,.rdata,,,true
0x10026978,.rdata,0x10037E80,.data,,,true
0x1002697C,.rdata,0x10026A30,.rdata,,,true
0x1002698C,.rdata,0x10037F8C,.data,,,true
0x10026990,.rdata,0x10026994,.rdata,,,true
0x100269A0,.rdata,0x100269A4,.rdata,,,true
0x100269A4,.rdata,0x10026A5C,.rdata,,,true
0x100269A8,.rdata,0x100269C8,.rdata,,,true
0x100269AC,.rdata,0x10026A14,.rdata,,,true
0x100269B0,.rdata,0x10026BD8,.rdata,,,true
0x100269B4,.rdata,0x10026BBC,.rdata,,,true
0x100269B8,.rdata,0x10026BA0,.rdata,,,true
0x100269BC,.rdata,0x10026B84,.rdata,,,true
0x100269C0,.rdata,0x10026B68,.rdata,,,true
0x100269C8,.rdata,0x10037EF8,.data,,,true
0x100269E0,.rdata,0x100269E4,.rdata,,,true
0x100269F0,.rdata,0x100269F4,.rdata,,,true
0x100269F4,.rdata,0x100269C8,.rdata,,,true
0x100269F8,.rdata,0x10026A14,.rdata,,,true
0x100269FC,.rdata,0x10026BD8,.rdata,,,true
0x10026A00,.rdata,0x10026BBC,.rdata,,,true
0x10026A04,.rdata,0x10026BA0,.rdata,,,true
0x10026A08,.rdata,0x10026B84,.rdata,,,true
0x10026A0C,.rdata,0x10026B68,.rdata,,,true
0x10026A14,.rdata,0x10037E80,.data,,,true
0x10026A2C,.rdata,0x10026A30,.rdata,,,true
0x10026A3C,.rdata,0x10026A40,.rdata,,,true
0x10026A40,.rdata,0x10026A14,.rdata,,,true
0x10026A44,.rdata,0x10026BD8,.rdata,,,true
0x10026A48,.rdata,0x10026BBC,.rdata,,,true
0x10026A4C,.rdata,0x10026BA0,.rdata,,,true
0x10026A50,.rdata,0x10026B84,.rdata,,,true
0x10026A54,.rdata,0x10026B68,.rdata,,,true
0x10026A5C,.rdata,0x10037F8C,.data,,,true
0x10026A74,.rdata,0x10026994,.rdata,,,true
0x10026A84,.rdata,0x100380B0,.data,,,true
0x10026A88,.rdata,0x10026B3C,.rdata,,,true
0x10026A98,.rdata,0x100381BC,.data,,,true
0x10026A9C,.rdata,0x10026AA0,.rdata,,,true
0x10026AAC,.rdata,0x10026AB0,.rdata,,,true
0x10026AB0,.rdata,0x10026D20,.rdata,,,true
0x10026AB4,.rdata,0x10026AD4,.rdata,,,true
0x10026AB8,.rdata,0x10026B20,.rdata,,,true
0x10026ABC,.rdata,0x10026BD8,.rdata,,,true
0x10026AC0,.rdata,0x10026BBC,.rdata,,,true
0x10026AC4,.rdata,0x10026BA0,.rdata,,,true
0x10026AC8,.rdata,0x10026B84,.rdata,,,true
0x10026ACC,.rdata,0x10026B68,.rdata,,,true
0x10026AD4,.rdata,0x10038128,.data,,,true
0x10026AEC,.rdata,0x10026AF0,.rdata,,,true
0x10026AFC,.rdata,0x10026B00,.rdata,,,true
0x10026B00,.rdata,0x10026AD4,.rdata,,,true
0x10026B04,.rdata,0x10026B20,.rdata,,,true
0x10026B08,.rdata,0x10026BD8,.rdata,,,true
0x10026B0C,.rdata,0x10026BBC,.rdata,,,true
0x10026B10,.rdata,0x10026BA0,.rdata,,,true
0x10026B14,.rdata,0x10026B84,.rdata,,,true
0x10026B18,.rdata,0x10026B68,.rdata,,,true
0x10026B20,.rdata,0x100380B0,.data,,,true
0x10026B38,.rdata,0x10026B3C,.rdata,,,true
0x10026B48,.rdata,0x10026B4C,.rdata,,,true
0x10026B4C,.rdata,0x10026B20,.rdata,,,true
0x10026B50,.rdata,0x10026BD8,.rdata,,,true
0x10026B54,.rdata,0x10026BBC,.rdata,,,true
0x10026B58,.rdata,0x10026BA0,.rdata,,,true
0x10026B5C,.rdata,0x10026B84,.rdata,,,true
0x10026B60,.rdata,0x10026B68,.rdata,,,true
0x10026B68,.rdata,0x10037FBC,.data,,,true
0x10026B80,.rdata,0x10026CEC,.rdata,,,true
0x10026B84,.rdata,0x10037FE8,.data,,,true
0x10026B9C,.rdata,0x10026CB4,.rdata,,,true
0x10026BA0,.rdata,0x10038014,.data,,,true
0x10026BB8,.rdata,0x10026C78,.rdata,,,true
0x10026BBC,.rdata,0x10038034,.data,,,true
0x10026BD4,.rdata,0x10026C38,.rdata,,,true
0x10026BD8,.rdata,0x10038070,.data,,,true
0x10026BF0,.rdata,0x10026BF4,.rdata,,,true
0x10026C00,.rdata,0x10026C04,.rdata,,,true
0x10026C04,.rdata,0x10026D04,.rdata,,,true
0x10026C08,.rdata,0x10026C1C,.rdata,,,true
0x10026C0C,.rdata,0x10026C5C,.rdata,,,true
0x10026C10,.rdata,0x10026C98,.rdata,,,true
0x10026C14,.rdata,0x10026CD0,.rdata,,,true
0x10026C1C,.rdata,0x10038034,.data,,,true
0x10026C34,.rdata,0x10026C38,.rdata,,,true
0x10026C44,.rdata,0x10026C48,.rdata,,,true
0x10026C48,.rdata,0x10026C1C,.rdata,,,true
0x10026C4C,.rdata,0x10026C5C,.rdata,,,true
0x10026C50,.rdata,0x10026C98,.rdata,,,true
0x10026C54,.rdata,0x10026CD0,.rdata,,,true
0x10026C5C,.rdata,0x10038014,.data,,,true
0x10026C74,.rdata,0x10026C78,.rdata,,,true
0x10026C84,.rdata,0x10026C88,.rdata,,,true
0x10026C88,.rdata,0x10026C5C,.rdata,,,true
0x10026C8C,.rdata,0x10026C98,.rdata,,,true
0x10026C90,.rdata,0x10026CD0,.rdata,,,true
0x10026C98,.rdata,0x10037FE8,.data,,,true
0x10026CB0,.rdata,0x10026CB4,.rdata,,,true
0x10026CC0,.rdata,0x10026CC4,.rdata,,,true
0x10026CC4,.rdata,0x10026C98,.rdata,,,true
0x10026CC8,.rdata,0x10026CD0,.rdata,,,true
0x10026CD0,.rdata,0x10037FBC,.data,,,true
0x10026CE8,.rdata,0x10026CEC,.rdata,,,true
0x10026CF8,.rdata,0x10026CFC,.rdata,,,true
0x10026CFC,.rdata,0x10026CD0,.rdata,,,true
0x10026D04,.rdata,0x10038070,.data,,,true
0x10026D1C,.rdata,0x10026BF4,.rdata,,,true
0x10026D20,.rdata,0x100381BC,.data,,,true
0x10026D38,.rdata,0x10026AA0,.rdata,,,true
0x10026D48,.rdata,0x10038210,.data,,,true
0x10026D4C,.rdata,0x10026E00,.rdata,,,true
0x10026D5C,.rdata,0x100382D8,.data,,,true
0x10026D60,.rdata,0x10026D64,.rdata,,,true
0x10026D70,.rdata,0x10026D74,.rdata,,,true
0x10026D74,.rdata,0x10026E8C,.rdata,,,true
0x10026D78,.rdata,0x10026D98,.rdata,,,true
0x10026D7C,.rdata,0x10026DE4,.rdata,,,true
0x10026D80,.rdata,0x10026E2C,.rdata,,,true
0x10026D84,.rdata,0x10027DE8,.rdata,,,true
0x10026D88,.rdata,0x10027DCC,.rdata,,,true
0x10026D8C,.rdata,0x10027DB0,.rdata,,,true
0x10026D90,.rdata,0x10027D94,.rdata,,,true
0x10026D98,.rdata,0x10038268,.data,,,true
0x10026DB0,.rdata,0x10026DB4,.rdata,,,true
0x10026DC0,.rdata,0x10026DC4,.rdata,,,true
0x10026DC4,.rdata,0x10026D98,.rdata,,,true
0x10026DC8,.rdata,0x10026DE4,.rdata,,,true
0x10026DCC,.rdata,0x10026E2C,.rdata,,,true
0x10026DD0,.rdata,0x10027DE8,.rdata,,,true
0x10026DD4,.rdata,0x10027DCC,.rdata,,,true
0x10026DD8,.rdata,0x10027DB0,.rdata,,,true
0x10026DDC,.rdata,0x10027D94,.rdata,,,true
0x10026DE4,.rdata,0x10038210,.data,,,true
0x10026DFC,.rdata,0x10026E00,.rdata,,,true
0x10026E0C,.rdata,0x10026E10,.rdata,,,true
0x10026E10,.rdata,0x10026DE4,.rdata,,,true
0x10026E14,.rdata,0x10026E2C,.rdata,,,true
0x10026E18,.rdata,0x10027DE8,.rdata,,,true
0x10026E1C,.rdata,0x10027DCC,.rdata,,,true
0x10026E20,.rdata,0x10027DB0,.rdata,,,true
0x10026E24,.rdata,0x10027D94,.rdata,,,true
0x10026E2C,.rdata,0x100381EC,.data,,,true
0x10026E44,.rdata,0x10026E48,.rdata,,,true
0x10026E54,.rdata,0x10026E58,.rdata,,,true
0x10026E58,.rdata,0x10026E70,.rdata,,,true
0x10026E5C,.rdata,0x10027ED0,.rdata,,,true
0x10026E60,.rdata,0x10027E28,.rdata,,,true
0x10026E64,.rdata,0x10027E64,.rdata,,,true
0x10026E68,.rdata,0x10027E9C,.rdata,,,true
0x10026E70,.rdata,0x100381EC,.data,,,true
0x10026E88,.rdata,0x10026E48,.rdata,,,true
0x10026E8C,.rdata,0x100382D8,.data,,,true
0x10026EA4,.rdata,0x10026D64,.rdata,,,true
0x10026EB4,.rdata,0x10038308,.data,,,true
0x10026EB8,.rdata,0x10026F64,.rdata,,,true
0x10026EC8,.rdata,0x100383F8,.data,,,true
0x10026ECC,.rdata,0x10026ED0,.rdata,,,true
0x10026EDC,.rdata,0x10026EE0,.rdata,,,true
0x10026EE0,.rdata,0x10026F8C,.rdata,,,true
0x10026EE4,.rdata,0x10026F00,.rdata,,,true
0x10026EE8,.rdata,0x10026F48,.rdata,,,true
0x10026EEC,.rdata,0x10027DE8,.rdata,,,true
0x10026EF0,.rdata,0x10027DCC,.rdata,,,true
0x10026EF4,.rdata,0x10027DB0,.rdata,,,true
0x10026EF8,.rdata,0x10027D94,.rdata,,,true
0x10026F00,.rdata,0x10038370,.data,,,true
0x10026F18,.rdata,0x10026F1C,.rdata,,,true
0x10026F28,.rdata,0x10026F2C,.rdata,,,true
0x10026F2C,.rdata,0x10026F00,.rdata,,,true
0x10026F30,.rdata,0x10026F48,.rdata,,,true
0x10026F34,.rdata,0x10027DE8,.rdata,,,true
0x10026F38,.rdata,0x10027DCC,.rdata,,,true
0x10026F3C,.rdata,0x10027DB0,.rdata,,,true
0x10026F40,.rdata,0x10027D94,.rdata,,,true
0x10026F48,.rdata,0x10038308,.data,,,true
0x10026F60,.rdata,0x10026F64,.rdata,,,true
0x10026F70,.rdata,0x10026F74,.rdata,,,true
0x10026F74,.rdata,0x10026F48,.rdata,,,true
0x10026F78,.rdata,0x10027DE8,.rdata,,,true
0x10026F7C,.rdata,0x10027DCC,.rdata,,,true
0x10026F80,.rdata,0x10027DB0,.rdata,,,true
0x10026F84,.rdata,0x10027D94,.rdata,,,true
0x10026F8C,.rdata,0x100383F8,.data,,,true
0x10026FA4,.rdata,0x10026ED0,.rdata,,,true
0x10026FB4,.rdata,0x10038428,.data,,,true
0x10026FB8,.rdata,0x10027064,.rdata,,,true
0x10026FC8,.rdata,0x10038518,.data,,,true
0x10026FCC,.rdata,0x10026FD0,.rdata,,,true
0x10026FDC,.rdata,0x10026FE0,.rdata,,,true
0x10026FE0,.rdata,0x1002708C,.rdata,,,true
0x10026FE4,.rdata,0x10027000,.rdata,,,true
0x10026FE8,.rdata,0x10027048,.rdata,,,true
0x10026FEC,.rdata,0x10027DE8,.rdata,,,true
0x10026FF0,.rdata,0x10027DCC,.rdata,,,true
0x10026FF4,.rdata,0x10027DB0,.rdata,,,true
0x10026FF8,.rdata,0x10027D94,.rdata,,,true
0x10027000,.rdata,0x10038490,.data,,,true
0x10027018,.rdata,0x1002701C,.rdata,,,true
0x10027028,.rdata,0x1002702C,.rdata,,,true
0x1002702C,.rdata,0x10027000,.rdata,,,true
0x10027030,.rdata,0x10027048,.rdata,,,true
0x10027034,.rdata,0x10027DE8,.rdata,,,true
0x10027038,.rdata,0x10027DCC,.rdata,,,true
0x1002703C,.rdata,0x10027DB0,.rdata,,,true
0x10027040,.rdata,0x10027D94,.rdata,,,true
0x10027048,.rdata,0x10038428,.data,,,true
0x10027060,.rdata,0x10027064,.rdata,,,true
0x10027070,.rdata,0x10027074,.rdata,,,true
0x10027074,.rdata,0x10027048,.rdata,,,true
0x10027078,.rdata,0x10027DE8,.rdata,,,true
0x1002707C,.rdata,0x10027DCC,.rdata,,,true
0x10027080,.rdata,0x10027DB0,.rdata,,,true
0x10027084,.rdata,0x10027D94,.rdata,,,true
0x1002708C,.rdata,0x10038518,.data,,,true
0x100270A4,.rdata,0x10026FD0,.rdata,,,true
0x100270B4,.rdata,0x10038548,.data,,,true
0x100270B8,.rdata,0x10027164,.rdata,,,true
0x100270C8,.rdata,0x10038638,.data,,,true
0x100270CC,.rdata,0x100270D0,.rdata,,,true
0x100270DC,.rdata,0x100270E0,.rdata,,,true
0x100270E0,.rdata,0x1002718C,.rdata,,,true
0x100270E4,.rdata,0x10027100,.rdata,,,true
0x100270E8,.rdata,0x10027148,.rdata,,,true
0x100270EC,.rdata,0x10027DE8,.rdata,,,true
0x100270F0,.rdata,0x10027DCC,.rdata,,,true
0x100270F4,.rdata,0x10027DB0,.rdata,,,true
0x100270F8,.rdata,0x10027D94,.rdata,,,true
0x10027100,.rdata,0x100385B0,.data,,,true
0x10027118,.rdata,0x1002711C,.rdata,,,true
0x10027128,.rdata,0x1002712C,.rdata,,,true
0x1002712C,.rdata,0x10027100,.rdata,,,true
0x10027130,.rdata,0x10027148,.rdata,,,true
0x10027134,.rdata,0x10027DE8,.rdata,,,true
0x10027138,.rdata,0x10027DCC,.rdata,,,true
0x1002713C,.rdata,0x10027DB0,.rdata,,,true
0x10027140,.rdata,0x10027D94,.rdata,,,true
0x10027148,.rdata,0x10038548,.data,,,true
0x10027160,.rdata,0x10027164,.rdata,,,true
0x10027170,.rdata,0x10027174,.rdata,,,true
0x10027174,.rdata,0x10027148,.rdata,,,true
0x10027178,.rdata,0x10027DE8,.rdata,,,true
0x1002717C,.rdata,0x10027DCC,.rdata,,,true
0x10027180,.rdata,0x10027DB0,.rdata,,,true
0x10027184,.rdata,0x10027D94,.rdata,,,true
0x1002718C,.rdata,0x10038638,.data,,,true
0x100271A4,.rdata,0x100270D0,.rdata,,,true
0x100271B4,.rdata,0x10038668,.data,,,true
0x100271B8,.rdata,0x10027264,.rdata,,,true
0x100271C8,.rdata,0x10038758,.data,,,true
0x100271CC,.rdata,0x100271D0,.rdata,,,true
0x100271DC,.rdata,0x100271E0,.rdata,,,true
0x100271E0,.rdata,0x1002728C,.rdata,,,true
0x100271E4,.rdata,0x10027200,.rdata,,,true
0x100271E8,.rdata,0x10027248,.rdata,,,true
0x100271EC,.rdata,0x10027DE8,.rdata,,,true
0x100271F0,.rdata,0x10027DCC,.rdata,,,true
0x100271F4,.rdata,0x10027DB0,.rdata,,,true
0x100271F8,.rdata,0x10027D94,.rdata,,,true
0x10027200,.rdata,0x100386D0,.data,,,true
0x10027218,.rdata,0x1002721C,.rdata,,,true
0x10027228,.rdata,0x1002722C,.rdata,,,true
0x1002722C,.rdata,0x10027200,.rdata,,,true
0x10027230,.rdata,0x10027248,.rdata,,,true
0x10027234,.rdata,0x10027DE8,.rdata,,,true
0x10027238,.rdata,0x10027DCC,.rdata,,,true
0x1002723C,.rdata,0x10027DB0,.rdata,,,true
0x10027240,.rdata,0x10027D94,.rdata,,,true
0x10027248,.rdata,0x10038668,.data,,,true
0x10027260,.rdata,0x10027264,.rdata,,,true
0x10027270,.rdata,0x10027274,.rdata,,,true
0x10027274,.rdata,0x10027248,.rdata,,,true
0x10027278,.rdata,0x10027DE8,.rdata,,,true
0x1002727C,.rdata,0x10027DCC,.rdata,,,true
0x10027280,.rdata,0x10027DB0,.rdata,,,true
0x10027284,.rdata,0x10027D94,.rdata,,,true
0x1002728C,.rdata,0x10038758,.data,,,true
0x100272A4,.rdata,0x100271D0,.rdata,,,true
0x100272B4,.rdata,0x10038788,.data,,,true
0x100272B8,.rdata,0x10027364,.rdata,,,true
0x100272C8,.rdata,0x10038878,.data,,,true
0x100272CC,.rdata,0x100272D0,.rdata,,,true
0x100272DC,.rdata,0x100272E0,.rdata,,,true
0x100272E0,.rdata,0x1002738C,.rdata,,,true
0x100272E4,.rdata,0x10027300,.rdata,,,true
0x100272E8,.rdata,0x10027348,.rdata,,,true
0x100272EC,.rdata,0x10027DE8,.rdata,,,true
0x100272F0,.rdata,0x10027DCC,.rdata,,,true
0x100272F4,.rdata,0x10027DB0,.rdata,,,true
0x100272F8,.rdata,0x10027D94,.rdata,,,true
0x10027300,.rdata,0x100387F0,.data,,,true
0x10027318,.rdata,0x1002731C,.rdata,,,true
0x10027328,.rdata,0x1002732C,.rdata,,,true
0x1002732C,.rdata,0x10027300,.rdata,,,true
0x10027330,.rdata,0x10027348,.rdata,,,true
0x10027334,.rdata,0x10027DE8,.rdata,,,true
0x10027338,.rdata,0x10027DCC,.rdata,,,true
0x1002733C,.rdata,0x10027DB0,.rdata,,,true
0x10027340,.rdata,0x10027D94,.rdata,,,true
0x10027348,.rdata,0x10038788,.data,,,true
0x10027360,.rdata,0x10027364,.rdata,,,true
0x10027370,.rdata,0x10027374,.rdata,,,true
0x10027374,.rdata,0x10027348,.rdata,,,true
0x10027378,.rdata,0x10027DE8,.rdata,,,true
0x1002737C,.rdata,0x10027DCC,.rdata,,,true
0x10027380,.rdata,0x10027DB0,.rdata,,,true
0x10027384,.rdata,0x10027D94,.rdata,,,true
0x1002738C,.rdata,0x10038878,.data,,,true
0x100273A4,.rdata,0x100272D0,.rdata,,,true
0x100273B4,.rdata,0x100388A8,.data,,,true
0x100273B8,.rdata,0x10027464,.rdata,,,true
0x100273C8,.rdata,0x10038998,.data,,,true
0x100273CC,.rdata,0x100273D0,.rdata,,,true
0x100273DC,.rdata,0x100273E0,.rdata,,,true
0x100273E0,.rdata,0x1002748C,.rdata,,,true
0x100273E4,.rdata,0x10027400,.rdata,,,true
0x100273E8,.rdata,0x10027448,.rdata,,,true
0x100273EC,.rdata,0x10027DE8,.rdata,,,true
0x100273F0,.rdata,0x10027DCC,.rdata,,,true
0x100273F4,.rdata,0x10027DB0,.rdata,,,true
0x100273F8,.rdata,0x10027D94,.rdata,,,true
0x10027400,.rdata,0x10038910,.data,,,true
0x10027418,.rdata,0x1002741C,.rdata,,,true
0x10027428,.rdata,0x1002742C,.rdata,,,true
0x1002742C,.rdata,0x10027400,.rdata,,,true
0x10027430,.rdata,0x10027448,.rdata,,,true
0x10027434,.rdata,0x10027DE8,.rdata,,,true
0x10027438,.rdata,0x10027DCC,.rdata,,,true
0x1002743C,.rdata,0x10027DB0,.rdata,,,true
0x10027440,.rdata,0x10027D94,.rdata,,,true
0x10027448,.rdata,0x100388A8,.data,,,true
0x10027460,.rdata,0x10027464,.rdata,,,true
0x10027470,.rdata,0x10027474,.rdata,,,true
0x10027474,.rdata,0x10027448,.rdata,,,true
0x10027478,.rdata,0x10027DE8,.rdata,,,true
0x1002747C,.rdata,0x10027DCC,.rdata,,,true
0x10027480,.rdata,0x10027DB0,.rdata,,,true
0x10027484,.rdata,0x10027D94,.rdata,,,true
0x1002748C,.rdata,0x10038998,.data,,,true
0x100274A4,.rdata,0x100273D0,.rdata,,,true
0x100274B4,.rdata,0x10038A40,.data,,,true
0x100274B8,.rdata,0x10027564,.rdata,,,true
0x100274C8,.rdata,0x10038B2C,.data,,,true
0x100274CC,.rdata,0x100274D0,.rdata,,,true
0x100274DC,.rdata,0x100274E0,.rdata,,,true
0x100274E0,.rdata,0x10027694,.rdata,,,true
0x100274E4,.rdata,0x10027500,.rdata,,,true
0x100274E8,.rdata,0x10027548,.rdata,,,true
0x100274EC,.rdata,0x100275C4,.rdata,,,true
0x100274F0,.rdata,0x100275A8,.rdata,,,true
0x100274F4,.rdata,0x1002758C,.rdata,,,true
0x100274F8,.rdata,0x10027D94,.rdata,,,true
0x10027500,.rdata,0x10038AA8,.data,,,true
0x10027518,.rdata,0x1002751C,.rdata,,,true
0x10027528,.rdata,0x1002752C,.rdata,,,true
0x1002752C,.rdata,0x10027500,.rdata,,,true
0x10027530,.rdata,0x10027548,.rdata,,,true
0x10027534,.rdata,0x100275C4,.rdata,,,true
0x10027538,.rdata,0x100275A8,.rdata,,,true
0x1002753C,.rdata,0x1002758C,.rdata,,,true
0x10027540,.rdata,0x10027D94,.rdata,,,true
0x10027548,.rdata,0x10038A40,.data,,,true
0x10027560,.rdata,0x10027564,.rdata,,,true
0x10027570,.rdata,0x10027574,.rdata,,,true
0x10027574,.rdata,0x10027548,.rdata,,,true
0x10027578,.rdata,0x100275C4,.rdata,,,true
0x1002757C,.rdata,0x100275A8,.rdata,,,true
0x10027580,.rdata,0x1002758C,.rdata,,,true
0x10027584,.rdata,0x10027D94,.rdata,,,true
0x1002758C,.rdata,0x100389C4,.data,,,true
0x100275A4,.rdata,0x1002765C,.rdata,,,true
0x100275A8,.rdata,0x100389EC,.data,,,true
0x100275C0,.rdata,0x10027620,.rdata,,,true
0x100275C4,.rdata,0x10038A08,.data,,,true
0x100275DC,.rdata,0x100275E0,.rdata,,,true
0x100275EC,.rdata,0x100275F0,.rdata,,,true
0x100275F0,.rdata,0x10027678,.rdata,,,true
0x100275F4,.rdata,0x10027604,.rdata,,,true
0x100275F8,.rdata,0x10027640,.rdata,,,true
0x100275FC,.rdata,0x10027E9C,.rdata,,,true
0x10027604,.rdata,0x100389EC,.data,,,true
0x1002761C,.rdata,0x10027620,.rdata,,,true
0x1002762C,.rdata,0x10027630,.rdata,,,true
0x10027630,.rdata,0x10027604,.rdata,,,true
0x10027634,.rdata,0x10027640,.rdata,,,true
0x10027638,.rdata,0x10027E9C,.rdata,,,true
0x10027640,.rdata,0x100389C4,.data,,,true
0x10027658,.rdata,0x1002765C,.rdata,,,true
0x10027668,.rdata,0x1002766C,.rdata,,,true
0x1002766C,.rdata,0x10027640,.rdata,,,true
0x10027670,.rdata,0x10027E9C,.rdata,,,true
0x10027678,.rdata,0x10038A08,.data,,,true
0x10027690,.rdata,0x100275E0,.rdata,,,true
0x10027694,.rdata,0x10038B2C,.data,,,true
0x100276AC,.rdata,0x100274D0,.rdata,,,true
0x100276BC,.rdata,0x10038B58,.data,,,true
0x100276C0,.rdata,0x1002776C,.rdata,,,true
0x100276D0,.rdata,0x10038C48,.data,,,true
0x100276D4,.rdata,0x100276D8,.rdata,,,true
0x100276E4,.rdata,0x100276E8,.rdata,,,true
0x100276E8,.rdata,0x10027794,.rdata,,,true
0x100276EC,.rdata,0x10027708,.rdata,,,true
0x100276F0,.rdata,0x10027750,.rdata,,,true
0x100276F4,.rdata,0x10027DE8,.rdata,,,true
0x100276F8,.rdata,0x10027DCC,.rdata,,,true
0x100276FC,.rdata,0x10027DB0,.rdata,,,true
0x10027700,.rdata,0x10027D94,.rdata,,,true
0x10027708,.rdata,0x10038BC0,.data,,,true
0x10027720,.rdata,0x10027724,.rdata,,,true
0x10027730,.rdata,0x10027734,.rdata,,,true
0x10027734,.rdata,0x10027708,.rdata,,,true
0x10027738,.rdata,0x10027750,.rdata,,,true
0x1002773C,.rdata,0x10027DE8,.rdata,,,true
0x10027740,.rdata,0x10027DCC,.rdata,,,true
0x10027744,.rdata,0x10027DB0,.rdata,,,true
0x10027748,.rdata,0x10027D94,.rdata,,,true
0x10027750,.rdata,0x10038B58,.data,,,true
0x10027768,.rdata,0x1002776C,.rdata,,,true
0x10027778,.rdata,0x1002777C,.rdata,,,true
0x1002777C,.rdata,0x10027750,.rdata,,,true
0x10027780,.rdata,0x10027DE8,.rdata,,,true
0x10027784,.rdata,0x10027DCC,.rdata,,,true
0x10027788,.rdata,0x10027DB0,.rdata,,,true
0x1002778C,.rdata,0x10027D94,.rdata,,,true
0x10027794,.rdata,0x10038C48,.data,,,true
0x100277AC,.rdata,0x100276D8,.rdata,,,true
0x100277BC,.rdata,0x10038C78,.data,,,true
0x100277C0,.rdata,0x1002786C,.rdata,,,true
0x100277D0,.rdata,0x10038D74,.data,,,true
0x100277D4,.rdata,0x100277D8,.rdata,,,true
0x100277E4,.rdata,0x100277E8,.rdata,,,true
0x100277E8,.rdata,0x10027894,.rdata,,,true
0x100277EC,.rdata,0x10027808,.rdata,,,true
0x100277F0,.rdata,0x10027850,.rdata,,,true
0x100277F4,.rdata,0x10027DE8,.rdata,,,true
0x100277F8,.rdata,0x10027DCC,.rdata,,,true
0x100277FC,.rdata,0x10027DB0,.rdata,,,true
0x10027800,.rdata,0x10027D94,.rdata,,,true
0x10027808,.rdata,0x10038CE8,.data,,,true
0x10027820,.rdata,0x10027824,.rdata,,,true
0x10027830,.rdata,0x10027834,.rdata,,,true
0x10027834,.rdata,0x10027808,.rdata,,,true
0x10027838,.rdata,0x10027850,.rdata,,,true
0x1002783C,.rdata,0x10027DE8,.rdata,,,true
0x10027840,.rdata,0x10027DCC,.rdata,,,true
0x10027844,.rdata,0x10027DB0,.rdata,,,true
0x10027848,.rdata,0x10027D94,.rdata,,,true
0x10027850,.rdata,0x10038C78,.data,,,true
0x10027868,.rdata,0x1002786C,.rdata,,,true
0x10027878,.rdata,0x1002787C,.rdata,,,true
0x1002787C,.rdata,0x10027850,.rdata,,,true
0x10027880,.rdata,0x10027DE8,.rdata,,,true
0x10027884,.rdata,0x10027DCC,.rdata,,,true
0x10027888,.rdata,0x10027DB0,.rdata,,,true
0x1002788C,.rdata,0x10027D94,.rdata,,,true
0x10027894,.rdata,0x10038D74,.data,,,true
0x100278AC,.rdata,0x100277D8,.rdata,,,true
0x100278BC,.rdata,0x10038DB0,.data,,,true
0x100278C0,.rdata,0x1002796C,.rdata,,,true
0x100278D0,.rdata,0x10038EA0,.data,,,true
0x100278D4,.rdata,0x100278D8,.rdata,,,true
0x100278E4,.rdata,0x100278E8,.rdata,,,true
0x100278E8,.rdata,0x10027994,.rdata,,,true
0x100278EC,.rdata,0x10027908,.rdata,,,true
0x100278F0,.rdata,0x10027950,.rdata,,,true
0x100278F4,.rdata,0x10027DE8,.rdata,,,true
0x100278F8,.rdata,0x10027DCC,.rdata,,,true
0x100278FC,.rdata,0x10027DB0,.rdata,,,true
0x10027900,.rdata,0x10027D94,.rdata,,,true
0x10027908,.rdata,0x10038E18,.data,,,true
0x10027920,.rdata,0x10027924,.rdata,,,true
0x10027930,.rdata,0x10027934,.rdata,,,true
0x10027934,.rdata,0x10027908,.rdata,,,true
0x10027938,.rdata,0x10027950,.rdata,,,true
0x1002793C,.rdata,0x10027DE8,.rdata,,,true
0x10027940,.rdata,0x10027DCC,.rdata,,,true
0x10027944,.rdata,0x10027DB0,.rdata,,,true
0x10027948,.rdata,0x10027D94,.rdata,,,true
0x10027950,.rdata,0x10038DB0,.data,,,true
0x10027968,.rdata,0x1002796C,.rdata,,,true
0x10027978,.rdata,0x1002797C,.rdata,,,true
0x1002797C,.rdata,0x10027950,.rdata,,,true
0x10027980,.rdata,0x10027DE8,.rdata,,,true
0x10027984,.rdata,0x10027DCC,.rdata,,,true
0x10027988,.rdata,0x10027DB0,.rdata,,,true
0x1002798C,.rdata,0x10027D94,.rdata,,,true
0x10027994,.rdata,0x10038EA0,.data,,,true
0x100279AC,.rdata,0x100278D8,.rdata,,,true
0x100279BC,.rdata,0x10038ED0,.data,,,true
0x100279C0,.rdata,0x10027A6C,.rdata,,,true
0x100279D0,.rdata,0x10038FC0,.data,,,true
0x100279D4,.rdata,0x100279D8,.rdata,,,true
0x100279E4,.rdata,0x100279E8,.rdata,,,true
0x100279E8,.rdata,0x10027A94,.rdata,,,true
0x100279EC,.rdata,0x10027A08,.rdata,,,true
0x100279F0,.rdata,0x10027A50,.rdata,,,true
0x100279F4,.rdata,0x10027DE8,.rdata,,,true
0x100279F8,.rdata,0x10027DCC,.rdata,,,true
0x100279FC,.rdata,0x10027DB0,.rdata,,,true
0x10027A00,.rdata,0x10027D94,.rdata,,,true
0x10027A08,.rdata,0x10038F38,.data,,,true
0x10027A20,.rdata,0x10027A24,.rdata,,,true
0x10027A30,.rdata,0x10027A34,.rdata,,,true
0x10027A34,.rdata,0x10027A08,.rdata,,,true
0x10027A38,.rdata,0x10027A50,.rdata,,,true
0x10027A3C,.rdata,0x10027DE8,.rdata,,,true
0x10027A40,.rdata,0x10027DCC,.rdata,,,true
0x10027A44,.rdata,0x10027DB0,.rdata,,,true
0x10027A48,.rdata,0x10027D94,.rdata,,,true
0x10027A50,.rdata,0x10038ED0,.data,,,true
0x10027A68,.rdata,0x10027A6C,.rdata,,,true
0x10027A78,.rdata,0x10027A7C,.rdata,,,true
0x10027A7C,.rdata,0x10027A50,.rdata,,,true
0x10027A80,.rdata,0x10027DE8,.rdata,,,true
0x10027A84,.rdata,0x10027DCC,.rdata,,,true
0x10027A88,.rdata,0x10027DB0,.rdata,,,true
0x10027A8C,.rdata,0x10027D94,.rdata,,,true
0x10027A94,.rdata,0x10038FC0,.data,,,true
0x10027AAC,.rdata,0x100279D8,.rdata,,,true
0x10027ABC,.rdata,0x10038FF0,.data,,,true
0x10027AC0,.rdata,0x10027B6C,.rdata,,,true
0x10027AD0,.rdata,0x100390E0,.data,,,true
0x10027AD4,.rdata,0x10027AD8,.rdata,,,true
0x10027AE4,.rdata,0x10027AE8,.rdata,,,true
0x10027AE8,.rdata,0x10027B94,.rdata,,,true
0x10027AEC,.rdata,0x10027B08,.rdata,,,true
0x10027AF0,.rdata,0x10027B50,.rdata,,,true
0x10027AF4,.rdata,0x10027DE8,.rdata,,,true
0x10027AF8,.rdata,0x10027DCC,.rdata,,,true
0x10027AFC,.rdata,0x10027DB0,.rdata,,,true
0x10027B00,.rdata,0x10027D94,.rdata,,,true
0x10027B08,.rdata,0x10039058,.data,,,true
0x10027B20,.rdata,0x10027B24,.rdata,,,true
0x10027B30,.rdata,0x10027B34,.rdata,,,true
0x10027B34,.rdata,0x10027B08,.rdata,,,true
0x10027B38,.rdata,0x10027B50,.rdata,,,true
0x10027B3C,.rdata,0x10027DE8,.rdata,,,true
0x10027B40,.rdata,0x10027DCC,.rdata,,,true
0x10027B44,.rdata,0x10027DB0,.rdata,,,true
0x10027B48,.rdata,0x10027D94,.rdata,,,true
0x10027B50,.rdata,0x10038FF0,.data,,,true
0x10027B68,.rdata,0x10027B6C,.rdata,,,true
0x10027B78,.rdata,0x10027B7C,.rdata,,,true
0x10027B7C,.rdata,0x10027B50,.rdata,,,true
0x10027B80,.rdata,0x10027DE8,.rdata,,,true
0x10027B84,.rdata,0x10027DCC,.rdata,,,true
0x10027B88,.rdata,0x10027DB0,.rdata,,,true
0x10027B8C,.rdata,0x10027D94,.rdata,,,true
0x10027B94,.rdata,0x100390E0,.data,,,true
0x10027BAC,.rdata,0x10027AD8,.rdata,,,true
0x10027BBC,.rdata,0x10039110,.data,,,true
0x10027BC0,.rdata,0x10027C6C,.rdata,,,true
0x10027BD0,.rdata,0x10039200,.data,,,true
0x10027BD4,.rdata,0x10027BD8,.rdata,,,true
0x10027BE4,.rdata,0x10027BE8,.rdata,,,true
0x10027BE8,.rdata,0x10027C94,.rdata,,,true
0x10027BEC,.rdata,0x10027C08,.rdata,,,true
0x10027BF0,.rdata,0x10027C50,.rdata,,,true
0x10027BF4,.rdata,0x10027DE8,.rdata,,,true
0x10027BF8,.rdata,0x10027DCC,.rdata,,,true
0x10027BFC,.rdata,0x10027DB0,.rdata,,,true
0x10027C00,.rdata,0x10027D94,.rdata,,,true
0x10027C08,.rdata,0x10039178,.data,,,true
0x10027C20,.rdata,0x10027C24,.rdata,,,true
0x10027C30,.rdata,0x10027C34,.rdata,,,true
0x10027C34,.rdata,0x10027C08,.rdata,,,true
0x10027C38,.rdata,0x10027C50,.rdata,,,true
0x10027C3C,.rdata,0x10027DE8,.rdata,,,true
0x10027C40,.rdata,0x10027DCC,.rdata,,,true
0x10027C44,.rdata,0x10027DB0,.rdata,,,true
0x10027C48,.rdata,0x10027D94,.rdata,,,true
0x10027C50,.rdata,0x10039110,.data,,,true
0x10027C68,.rdata,0x10027C6C,.rdata,,,true
0x10027C78,.rdata,0x10027C7C,.rdata,,,true
0x10027C7C,.rdata,0x10027C50,.rdata,,,true
0x10027C80,.rdata,0x10027DE8,.rdata,,,true
0x10027C84,.rdata,0x10027DCC,.rdata,,,true
0x10027C88,.rdata,0x10027DB0,.rdata,,,true
0x10027C8C,.rdata,0x10027D94,.rdata,,,true
0x10027C94,.rdata,0x10039200,.data,,,true
0x10027CAC,.rdata,0x10027BD8,.rdata,,,true
0x10027CBC,.rdata,0x100392D0,.data,,,true
0x10027CC0,.rdata,0x10027D6C,.rdata,,,true
0x10027CD0,.rdata,0x100393F0,.data,,,true
0x10027CD4,.rdata,0x10027CD8,.rdata,,,true
0x10027CE4,.rdata,0x10027CE8,.rdata,,,true
0x10027CE8,.rdata,0x10027EEC,.rdata,,,true
0x10027CEC,.rdata,0x10027D08,.rdata,,,true
0x10027CF0,.rdata,0x10027D50,.rdata,,,true
0x10027CF4,.rdata,0x10027DE8,.rdata,,,true
0x10027CF8,.rdata,0x10027DCC,.rdata,,,true
0x10027CFC,.rdata,0x10027DB0,.rdata,,,true
0x10027D00,.rdata,0x10027D94,.rdata,,,true
0x10027D08,.rdata,0x10039350,.data,,,true
0x10027D20,.rdata,0x10027D24,.rdata,,,true
0x10027D30,.rdata,0x10027D34,.rdata,,,true
0x10027D34,.rdata,0x10027D08,.rdata,,,true
0x10027D38,.rdata,0x10027D50,.rdata,,,true
0x10027D3C,.rdata,0x10027DE8,.rdata,,,true
0x10027D40,.rdata,0x10027DCC,.rdata,,,true
0x10027D44,.rdata,0x10027DB0,.rdata,,,true
0x10027D48,.rdata,0x10027D94,.rdata,,,true
0x10027D50,.rdata,0x100392D0,.data,,,true
0x10027D68,.rdata,0x10027D6C,.rdata,,,true
0x10027D78,.rdata,0x10027D7C,.rdata,,,true
0x10027D7C,.rdata,0x10027D50,.rdata,,,true
0x10027D80,.rdata,0x10027DE8,.rdata,,,true
0x10027D84,.rdata,0x10027DCC,.rdata,,,true
0x10027D88,.rdata,0x10027DB0,.rdata,,,true
0x10027D8C,.rdata,0x10027D94,.rdata,,,true
0x10027D94,.rdata,0x1003922C,.data,,,true
0x10027DAC,.rdata,0x10027EB8,.rdata,,,true
0x10027DB0,.rdata,0x10039254,.data,,,true
0x10027DC8,.rdata,0x10027E80,.rdata,,,true
0x10027DCC,.rdata,0x10039280,.data,,,true
0x10027DE4,.rdata,0x10027E44,.rdata,,,true
0x10027DE8,.rdata,0x1003929C,.data,,,true
0x10027E00,.rdata,0x10027E04,.rdata,,,true
0x10027E10,.rdata,0x10027E14,.rdata,,,true
0x10027E14,.rdata,0x10027ED0,.rdata,,,true
0x10027E18,.rdata,0x10027E28,.rdata,,,true
0x10027E1C,.rdata,0x10027E64,.rdata,,,true
0x10027E20,.rdata,0x10027E9C,.rdata,,,true
0x10027E28,.rdata,0x10039280,.data,,,true
0x10027E40,.rdata,0x10027E44,.rdata,,,true
0x10027E50,.rdata,0x10027E54,.rdata,,,true
0x10027E54,.rdata,0x10027E28,.rdata,,,true
0x10027E58,.rdata,0x10027E64,.rdata,,,true
0x10027E5C,.rdata,0x10027E9C,.rdata,,,true
0x10027E64,.rdata,0x10039254,.data,,,true
0x10027E7C,.rdata,0x10027E80,.rdata,,,true
0x10027E8C,.rdata,0x10027E90,.rdata,,,true
0x10027E90,.rdata,0x10027E64,.rdata,,,true
0x10027E94,.rdata,0x10027E9C,.rdata,,,true
0x10027E9C,.rdata,0x1003922C,.data,,,true
0x10027EB4,.rdata,0x10027EB8,.rdata,,,true
0x10027EC4,.rdata,0x10027EC8,.rdata,,,true
0x10027EC8,.rdata,0x10027E9C,.rdata,,,true
0x10027ED0,.rdata,0x1003929C,.data,,,true
0x10027EE8,.rdata,0x10027E04,.rdata,,,true
0x10027EEC,.rdata,0x100393F0,.data,,,true
0x10027F04,.rdata,0x10027CD8,.rdata,,,true
0x10027F14,.rdata,0x100394F0,.data,,,true
0x10027F18,.rdata,0x10027F78,.rdata,,,true
0x10027F28,.rdata,0x10039544,.data,,,true
0x10027F2C,.rdata,0x10027F30,.rdata,,,true
0x10027F3C,.rdata,0x10027F40,.rdata,,,true
0x10027F40,.rdata,0x100280F8,.rdata,,,true
0x10027F44,.rdata,0x10027F5C,.rdata,,,true
0x10027F48,.rdata,0x10027FF4,.rdata,,,true
0x10027F4C,.rdata,0x10027FD8,.rdata,,,true
0x10027F50,.rdata,0x10027FBC,.rdata,,,true
0x10027F54,.rdata,0x10027FA0,.rdata,,,true
0x10027F5C,.rdata,0x100394F0,.data,,,true
0x10027F74,.rdata,0x10027F78,.rdata,,,true
0x10027F84,.rdata,0x10027F88,.rdata,,,true
0x10027F88,.rdata,0x10027F5C,.rdata,,,true
0x10027F8C,.rdata,0x10027FF4,.rdata,,,true
0x10027F90,.rdata,0x10027FD8,.rdata,,,true
0x10027F94,.rdata,0x10027FBC,.rdata,,,true
0x10027F98,.rdata,0x10027FA0,.rdata,,,true
0x10027FA0,.rdata,0x10039440,.data,,,true
0x10027FB8,.rdata,0x100280C4,.rdata,,,true
0x10027FBC,.rdata,0x1003946C,.data,,,true
0x10027FD4,.rdata,0x1002808C,.rdata,,,true
0x10027FD8,.rdata,0x10039490,.data,,,true
0x10027FF0,.rdata,0x10028050,.rdata,,,true
0x10027FF4,.rdata,0x100394CC,.data,,,true
0x1002800C,.rdata,0x10028010,.rdata,,,true
0x1002801C,.rdata,0x10028020,.rdata,,,true
0x10028020,.rdata,0x100280DC,.rdata,,,true
0x10028024,.rdata,0x10028034,.rdata,,,true
0x10028028,.rdata,0x10028070,.rdata,,,true
0x1002802C,.rdata,0x100280A8,.rdata,,,true
0x10028034,.rdata,0x10039490,.data,,,true
0x1002804C,.rdata,0x10028050,.rdata,,,true
0x1002805C,.rdata,0x10028060,.rdata,,,true
0x10028060,.rdata,0x10028034,.rdata,,,true
0x10028064,.rdata,0x10028070,.rdata,,,true
0x10028068,.rdata,0x100280A8,.rdata,,,true
0x10028070,.rdata,0x1003946C,.data,,,true
0x10028088,.rdata,0x1002808C,.rdata,,,true
0x10028098,.rdata,0x1002809C,.rdata,,,true
0x1002809C,.rdata,0x10028070,.rdata,,,true
0x100280A0,.rdata,0x100280A8,.rdata,,,true
0x100280A8,.rdata,0x10039440,.data,,,true
0x100280C0,.rdata,0x100280C4,.rdata,,,true
0x100280D0,.rdata,0x100280D4,.rdata,,,true
0x100280D4,.rdata,0x100280A8,.rdata,,,true
0x100280DC,.rdata,0x100394CC,.data,,,true
0x100280F4,.rdata,0x10028010,.rdata,,,true
0x100280F8,.rdata,0x10039544,.data,,,true
0x10028110,.rdata,0x10027F30,.rdata,,,true
0x10028120,.rdata,0x100395A0,.data,,,true
0x10028124,.rdata,0x10028128,.rdata,,,true
0x10028134,.rdata,0x10028138,.rdata,,,true
0x10028138,.rdata,0x10028144,.rdata,,,true
0x1002813C,.rdata,0x10026490,.rdata,,,true
0x10028144,.rdata,0x100395A0,.data,,,true
0x1002815C,.rdata,0x10028128,.rdata,,,true
0x10028194,.rdata,0x10029000,.data,,,true
0x100281A8,.rdata,0x100101A5,.text,FUN_100101a5,,true
0x100281B0,.rdata,0x100101A0,.text,,,true
0x100281B8,.rdata,0x100281BC,.rdata,,,true
0x100281C0,.rdata,0x100281CC,.rdata,,,true
0x100281C4,.rdata,0x10028190,.rdata,,,true
0x100281C8,.rdata,0x100285C4,.rdata,,,true
0x100281D0,.rdata,0x10029020,.data,,,true
0x100281E4,.rdata,0x100101F2,.text,FUN_100101f2,,true
0x10028200,.rdata,0x10010523,.text,FUN_10010523,,true
0x10028220,.rdata,0x1001066D,.text,,,true
0x10028240,.rdata,0x1001072A,.text,FUN_1001072a,,true
0x10028260,.rdata,0x10010888,.text,,,true
0x10028280,.rdata,0x10010A0E,.text,,,true
0x100282A0,.rdata,0x10011030,.text,,,true
0x100282BC,.rdata,0x10011190,.text,,,true
0x100282C0,.rdata,0x100111A1,.text,,,true
0x100282E0,.rdata,0x10012DC7,.text,FUN_10012dc7,,true
0x10028300,.rdata,0x10013972,.text,,,true
0x10028320,.rdata,0x10013B39,.text,FUN_10013b39,,true
0x10028340,.rdata,0x10013D2D,.text,,,true
0x10028360,.rdata,0x10013EEA,.text,FUN_10013eea,,true
0x1002836C,.rdata,0x10013EB6,.text,,,true
0x10028388,.rdata,0x100144DE,.text,,,true
0x100283A8,.rdata,0x100148B0,.text,FUN_100148b0,,true
0x100283C8,.rdata,0x10014C34,.text,FUN_10014c34,,true
0x100283E8,.rdata,0x10014D5F,.text,,,true
0x100283F4,.rdata,0x10014D6E,.text,FUN_10014d6e,,true
0x10028410,.rdata,0x10014F21,.text,,,true
0x1002841C,.rdata,0x10014F2D,.text,,,true
0x10028438,.rdata,0x1001672A,.text,,,true
0x10028458,.rdata,0x10017DA2,.text,FUN_10017da2,,true
0x10028474,.rdata,0x10017DFE,.text,,,true
0x10028478,.rdata,0x10017E02,.text,,,true
0x10028494,.rdata,0x10017E4E,.text,,,true
0x10028498,.rdata,0x10017E52,.text,,,true
0x100284B8,.rdata,0x10018036,.text,,,true
0x100284D4,.rdata,0x100181AB,.text,,,true
0x100284D8,.rdata,0x100181BE,.text,,,true
0x100284F8,.rdata,0x1001826F,.text,FUN_1001826f,,true
0x10028518,.rdata,0x10018A86,.text,,,true
0x10028538,.rdata,0x10019198,.text,,,true
0x10028558,.rdata,0x1001935D,.text,FUN_1001935d,,true
0x10028564,.rdata,0x10019299,.text,,,true
0x10028580,.rdata,0x10019B2C,.text,,,true
0x100285A0,.rdata,0x10019C05,.text,,,true
0x100285C0,.rdata,0x1001A765,.text,FUN_1001a765,,true
0x100285C8,.rdata,0x10029F14,.data,,,true
0x100285DC,.rdata,0x10010351,.text,exception,,true
0x100285E4,.rdata,0x10029F30,.data,,,true
0x100285F8,.rdata,0x100014A0,.text,FUN_100014a0,,true
0x10028600,.rdata,0x100285E0,.rdata,,,true
0x10028604,.rdata,0x100285C4,.rdata,,,true
0x1002860C,.rdata,0x10001000,.text,,,true
0x10028614,.rdata,0x100285FC,.rdata,,,true
0x1002861C,.rdata,0x10020840,.text,Unwind@10020840,,true
0x10028628,.rdata,0x10028618,.rdata,,,true
0x10028660,.rdata,0x1001CEC8,.text,,,true
0x10028668,.rdata,0x1001CE8A,.text,,,true
0x1002866C,.rdata,0x1001CE94,.text,,,true
0x10028684,.rdata,0x1001CF70,.text,,,true
0x10028688,.rdata,0x1001CF79,.text,,,true
0x10028698,.rdata,0x1001D057,.text,Catch_All@1001d057,,true
0x100286BC,.rdata,0x1002868C,.rdata,,,true
0x100286C8,.rdata,0x1002869C,.rdata,,,true
0x100286D0,.rdata,0x100286AC,.rdata,,,true
0x10028700,.rdata,0x1001D18F,.text,,,true
0x10028708,.rdata,0x1001D0FF,.text,,,true
0x1002870C,.rdata,0x1001D108,.text,,,true
0x10028724,.rdata,0x1001D376,.text,,,true
0x10028728,.rdata,0x1001D37A,.text,,,true
0x10028744,.rdata,0x1001D40F,.text,,,true
0x10028748,.rdata,0x1001D413,.text,,,true
0x10028750,.rdata,0x1001CD2C,.text,,,true
0x10028758,.rdata,0x1002875C,.rdata,,,true
0x10028760,.rdata,0x10028768,.rdata,,,true
0x10028764,.rdata,0x100285C4,.rdata,,,true
0x1002876C,.rdata,0x100395A0,.data,,,true
0x10028780,.rdata,0x1001D906,.text,FUN_1001d906,,true
0x1002879C,.rdata,0x1002051F,.text,,,true
0x100287A0,.rdata,0x1002053B,.text,,,true
0x10029000,.data,0x10022248,.rdata,,,true
0x10029020,.data,0x10022248,.rdata,,,true
0x10029040,.data,0x10022248,.rdata,,,true
0x100291D0,.data,0x1003C540,.data,,,true
0x100291D8,.data,0x1003C540,.data,,,true
0x100298C8,.data,0x100294A0,.data,,?DAT_100294a0@@3JA | ?DAT_100294a0@@3QBEB | _DAT_100294A0,true
0x100299C8,.data,0x10022620,.rdata,,,true
0x100299CC,.data,0x1002261C,.rdata,,,true
0x100299D0,.data,0x10022618,.rdata,,,true
0x100299D4,.data,0x10022614,.rdata,,,true
0x100299D8,.data,0x10022610,.rdata,,,true
0x100299DC,.data,0x1002260C,.rdata,,,true
0x100299E0,.data,0x10022608,.rdata,,,true
0x100299E4,.data,0x10022600,.rdata,,,true
0x100299E8,.data,0x100225F8,.rdata,,,true
0x100299EC,.data,0x100225F0,.rdata,,,true
0x100299F0,.data,0x100225E4,.rdata,,,true
0x100299F4,.data,0x100225D8,.rdata,,,true
0x100299F8,.data,0x100225D0,.rdata,,,true
0x100299FC,.data,0x100225C4,.rdata,,,true
0x10029A00,.data,0x100225C0,.rdata,,,true
0x10029A04,.data,0x100225BC,.rdata,,,true
0x10029A08,.data,0x100225B8,.rdata,,,true
0x10029A0C,.data,0x100225B4,.rdata,,,true
0x10029A10,.data,0x100225B0,.rdata,,,true
0x10029A14,.data,0x100225AC,.rdata,,,true
0x10029A18,.data,0x100225A8,.rdata,,,true
0x10029A1C,.data,0x100225A4,.rdata,,,true
0x10029A20,.data,0x100225A0,.rdata,,,true
0x10029A24,.data,0x1002259C,.rdata,,,true
0x10029A28,.data,0x10022598,.rdata,,,true
0x10029A2C,.data,0x10022594,.rdata,,,true
0x10029A30,.data,0x1002258C,.rdata,,,true
0x10029A34,.data,0x10022580,.rdata,,,true
0x10029A38,.data,0x10022578,.rdata,,,true
0x10029A3C,.data,0x10022570,.rdata,,,true
0x10029A40,.data,0x100225B0,.rdata,,,true
0x10029A44,.data,0x10022568,.rdata,,,true
0x10029A48,.data,0x10022560,.rdata,,,true
0x10029A4C,.data,0x10022558,.rdata,,,true
0x10029A50,.data,0x1002254C,.rdata,,,true
0x10029A54,.data,0x10022544,.rdata,,,true
0x10029A58,.data,0x10022538,.rdata,,,true
0x10029A5C,.data,0x1002252C,.rdata,,,true
0x10029A60,.data,0x10022528,.rdata,,,true
0x10029A64,.data,0x10022524,.rdata,,,true
0x10029A68,.data,0x10022518,.rdata,,,true
0x10029A6C,.data,0x10022504,.rdata,,,true
0x10029A70,.data,0x100224F8,.rdata,,,true
0x10029A80,.data,0x100224F0,.rdata,,,true
0x10029A84,.data,0x100224E8,.rdata,,,true
0x10029A88,.data,0x100224E0,.rdata,,,true
0x10029A8C,.data,0x100224D8,.rdata,,,true
0x10029A90,.data,0x100224D0,.rdata,,,true
0x10029A94,.data,0x100224C8,.rdata,,,true
0x10029A98,.data,0x100224C0,.rdata,,,true
0x10029A9C,.data,0x100224B0,.rdata,,,true
0x10029AA0,.data,0x100224A0,.rdata,,,true
0x10029AA4,.data,0x10022490,.rdata,,,true
0x10029AA8,.data,0x1002247C,.rdata,,,true
0x10029AAC,.data,0x10022468,.rdata,,,true
0x10029AB0,.data,0x10022458,.rdata,,,true
0x10029AB4,.data,0x10022444,.rdata,,,true
0x10029AB8,.data,0x1002243C,.rdata,,,true
0x10029ABC,.data,0x10022434,.rdata,,,true
0x10029AC0,.data,0x1002242C,.rdata,,,true
0x10029AC4,.data,0x10022424,.rdata,,,true
0x10029AC8,.data,0x1002241C,.rdata,,,true
0x10029ACC,.data,0x10022414,.rdata,,,true
0x10029AD0,.data,0x1002240C,.rdata,,,true
0x10029AD4,.data,0x10022404,.rdata,,,true
0x10029AD8,.data,0x100223FC,.rdata,,,true
0x10029ADC,.data,0x100223F4,.rdata,,,true
0x10029AE0,.data,0x100223EC,.rdata,,,true
0x10029AE4,.data,0x100223E4,.rdata,,,true
0x10029AE8,.data,0x100223D4,.rdata,,,true
0x10029AEC,.data,0x100223C0,.rdata,,,true
0x10029AF0,.data,0x100223B4,.rdata,,,true
0x10029AF4,.data,0x100223A8,.rdata,,,true
0x10029AF8,.data,0x1002241C,.rdata,,,true
0x10029AFC,.data,0x1002239C,.rdata,,,true
0x10029B00,.data,0x10022390,.rdata,,,true
0x10029B04,.data,0x10022380,.rdata,,,true
0x10029B08,.data,0x1002236C,.rdata,,,true
0x10029B0C,.data,0x1002235C,.rdata,,,true
0x10029B10,.data,0x10022348,.rdata,,,true
0x10029B14,.data,0x10022334,.rdata,,,true
0x10029B18,.data,0x1002232C,.rdata,,,true
0x10029B1C,.data,0x10022324,.rdata,,,true
0x10029B20,.data,0x10022310,.rdata,,,true
0x10029B24,.data,0x100222E8,.rdata,,,true
0x10029B28,.data,0x100222D4,.rdata,,,true
0x10029B88,.data,0x100299C4,.data,,,true
0x10029B98,.data,0x100299C4,.data,,,true
0x10029BA8,.data,0x100299C4,.data,,,true
0x10029BB8,.data,0x100299C4,.data,,,true
0x10029BC8,.data,0x100299C4,.data,,,true
0x10029BEC,.data,0x10029EA8,.data,,,true
0x10029BF8,.data,0x10023A28,.rdata,,,true
0x10029BFC,.data,0x10023EB0,.rdata,,,true
0x10029C00,.data,0x10024030,.rdata,,,true
0x10029C04,.data,0x100299C8,.data,,,true
0x10029C08,.data,0x10029B30,.data,,_DAT_10029b30,true
0x10029C20,.data,0x10023C2C,.rdata,,,true
0x10029C24,.data,0x10022704,.rdata,,,true
0x10029C28,.data,0x100226F4,.rdata,,,true
0x10029D40,.data,0x1001AF2B,.text,,,true
0x10029D44,.data,0x1001AF2B,.text,,,true
0x10029D48,.data,0x1001AF2B,.text,,,true
0x10029D4C,.data,0x1001AF2B,.text,,,true
0x10029D50,.data,0x1001AF2B,.text,,,true
0x10029D54,.data,0x1001AF2B,.text,,,true
0x10029D58,.data,0x1001AF2B,.text,,,true
0x10029D5C,.data,0x1001AF2B,.text,,,true
0x10029D60,.data,0x1001AF2B,.text,,,true
0x10029D64,.data,0x1001AF2B,.text,,,true
0x10029EA8,.data,0x10029EA0,.data,,,true
0x10029EAC,.data,0x1003A374,.data,,,true
0x10029EB0,.data,0x1003A374,.data,,,true
0x10029EB4,.data,0x1003A374,.data,,,true
0x10029EB8,.data,0x1003A374,.data,,,true
0x10029EBC,.data,0x1003A374,.data,,,true
0x10029EC0,.data,0x1003A374,.data,,,true
0x10029EC4,.data,0x1003A374,.data,,,true
0x10029EC8,.data,0x1003A374,.data,,,true
0x10029ECC,.data,0x1003A374,.data,,,true
0x10029ED8,.data,0x10029EA4,.data,,,true
0x10029EDC,.data,0x1003A378,.data,,,true
0x10029EE0,.data,0x1003A378,.data,,,true
0x10029EE4,.data,0x1003A378,.data,,,true
0x10029EE8,.data,0x1003A378,.data,,,true
0x10029EEC,.data,0x1003A378,.data,,,true
0x10029EF0,.data,0x1003A378,.data,,,true
0x10029EF4,.data,0x1003A378,.data,,,true
0x10029EF8,.data,0x10029EA8,.data,,,true
0x10029EFC,.data,0x10023A28,.rdata,,,true
0x10029F00,.data,0x10023C2A,.rdata,,,true
0x10029F14,.data,0x10022248,.rdata,,,true
0x10029F30,.data,0x10022248,.rdata,,,true
0x10037588,.data,0x1002438C,.rdata,,,true
0x1003758C,.data,0x10024388,.rdata,,,true
0x100375A0,.data,0x10024C8C,.rdata,,,true
0x100375D8,.data,0x10024CA4,.rdata,,,true
0x10037610,.data,0x10024CBC,.rdata,,,true
0x10037648,.data,0x10024CD4,.rdata,,,true
0x10037680,.data,0x10024CEC,.rdata,,,true
0x100376B8,.data,0x10024D04,.rdata,,,true
0x100376F0,.data,0x10024D1C,.rdata,,,true
0x10037728,.data,0x10024D34,.rdata,,,true
0x10037760,.data,0x10024D4C,.rdata,,,true
0x10037798,.data,0x10024D64,.rdata,,,true
0x100377D0,.data,0x10024D7C,.rdata,,,true
0x10037808,.data,0x10024D94,.rdata,,,true
0x10037840,.data,0x10024DAC,.rdata,,,true
0x10037878,.data,0x10024DC4,.rdata,,,true
0x100378B0,.data,0x10024DDC,.rdata,,,true
0x100378E8,.data,0x10024DF4,.rdata,,,true
0x10037920,.data,0x10024E0C,.rdata,,,true
0x10037958,.data,0x10024E24,.rdata,,,true
0x10037990,.data,0x10024E3C,.rdata,,,true
0x100379C8,.data,0x10024E54,.rdata,,,true
0x10037A00,.data,0x10022248,.rdata,,,true
0x10037A2C,.data,0x10022248,.rdata,,,true
0x10037A4C,.data,0x10022248,.rdata,,,true
0x10037A84,.data,0x10022248,.rdata,,,true
0x10037AC8,.data,0x10022248,.rdata,,,true
0x10037B40,.data,0x10022248,.rdata,,,true
0x10037BD0,.data,0x10022248,.rdata,,,true
0x10037C00,.data,0x10022248,.rdata,,,true
0x10037C78,.data,0x10022248,.rdata,,,true
0x10037D0C,.data,0x10022248,.rdata,,,true
0x10037D40,.data,0x10022248,.rdata,,,true
0x10037DB8,.data,0x10022248,.rdata,,,true
0x10037E4C,.data,0x10022248,.rdata,,,true
0x10037E80,.data,0x10022248,.rdata,,,true
0x10037EF8,.data,0x10022248,.rdata,,,true
0x10037F8C,.data,0x10022248,.rdata,,,true
0x10037FBC,.data,0x10022248,.rdata,,,true
0x10037FE8,.data,0x10022248,.rdata,,,true
0x10038014,.data,0x10022248,.rdata,,,true
0x10038034,.data,0x10022248,.rdata,,,true
0x10038070,.data,0x10022248,.rdata,,,true
0x100380B0,.data,0x10022248,.rdata,,,true
0x10038128,.data,0x10022248,.rdata,,,true
0x100381BC,.data,0x10022248,.rdata,,,true
0x100381EC,.data,0x10022248,.rdata,,,true
0x10038210,.data,0x10022248,.rdata,,,true
0x10038268,.data,0x10022248,.rdata,,,true
0x100382D8,.data,0x10022248,.rdata,,,true
0x10038308,.data,0x10022248,.rdata,,,true
0x10038370,.data,0x10022248,.rdata,,,true
0x100383F8,.data,0x10022248,.rdata,,,true
0x10038428,.data,0x10022248,.rdata,,,true
0x10038490,.data,0x10022248,.rdata,,,true
0x10038518,.data,0x10022248,.rdata,,,true
0x10038548,.data,0x10022248,.rdata,,,true
0x100385B0,.data,0x10022248,.rdata,,,true
0x10038638,.data,0x10022248,.rdata,,,true
0x10038668,.data,0x10022248,.rdata,,,true
0x100386D0,.data,0x10022248,.rdata,,,true
0x10038758,.data,0x10022248,.rdata,,,true
0x10038788,.data,0x10022248,.rdata,,,true
0x100387F0,.data,0x10022248,.rdata,,,true
0x10038878,.data,0x10022248,.rdata,,,true
0x100388A8,.data,0x10022248,.rdata,,,true
0x10038910,.data,0x10022248,.rdata,,,true
0x10038998,.data,0x10022248,.rdata,,,true
0x100389C4,.data,0x10022248,.rdata,,,true
0x100389EC,.data,0x10022248,.rdata,,,true
0x10038A08,.data,0x10022248,.rdata,,,true
0x10038A40,.data,0x10022248,.rdata,,,true
0x10038AA8,.data,0x10022248,.rdata,,,true
0x10038B2C,.data,0x10022248,.rdata,,,true
0x10038B58,.data,0x10022248,.rdata,,,true
0x10038BC0,.data,0x10022248,.rdata,,,true
0x10038C48,.data,0x10022248,.rdata,,,true
0x10038C78,.data,0x10022248,.rdata,,,true
0x10038CE8,.data,0x10022248,.rdata,,,true
0x10038D74,.data,0x10022248,.rdata,,,true
0x10038DB0,.data,0x10022248,.rdata,,,true
0x10038E18,.data,0x10022248,.rdata,,,true
0x10038EA0,.data,0x10022248,.rdata,,,true
0x10038ED0,.data,0x10022248,.rdata,,,true
0x10038F38,.data,0x10022248,.rdata,,,true
0x10038FC0,.data,0x10022248,.rdata,,,true
0x10038FF0,.data,0x10022248,.rdata,,,true
0x10039058,.data,0x10022248,.rdata,,,true
0x100390E0,.data,0x10022248,.rdata,,,true
0x10039110,.data,0x10022248,.rdata,,,true
0x10039178,.data,0x10022248,.rdata,,,true
0x10039200,.data,0x10022248,.rdata,,,true
0x1003922C,.data,0x10022248,.rdata,,,true
0x10039254,.data,0x10022248,.rdata,,,true
0x10039280,.data,0x10022248,.rdata,,,true
0x1003929C,.data,0x10022248,.rdata,,,true
0x100392D0,.data,0x10022248,.rdata,,,true
0x10039350,.data,0x10022248,.rdata,,,true
0x100393F0,.data,0x10022248,.rdata,,,true
0x10039440,.data,0x10022248,.rdata,,,true
0x1003946C,.data,0x10022248,.rdata,,,true
0x10039490,.data,0x10022248,.rdata,,,true
0x100394CC,.data,0x10022248,.rdata,,,true
0x100394F0,.data,0x10022248,.rdata,,,true
0x10039544,.data,0x10022248,.rdata,,,true
0x100395A0,.data,0x10022248,.rdata,,,true
0x100395F4,.data,0x100262E4,.rdata,,,true
0x100395FC,.data,0x100262E0,.rdata,,,true
0x10039604,.data,0x100262DC,.rdata,,,true
0x1003960C,.data,0x100262D4,.rdata,,,true
0x10039614,.data,0x100262CC,.rdata,,,true
0x1003961C,.data,0x100262C4,.rdata,,,true
0x10039624,.data,0x100262BC,.rdata,,,true
0x1003962C,.data,0x100262B4,.rdata,,,true
0x10039634,.data,0x100262AC,.rdata,,,true
0x1003963C,.data,0x100262A4,.rdata,,,true
0x10039644,.data,0x1002629C,.rdata,,,true
0x1003964C,.data,0x10026294,.rdata,,,true
0x10039654,.data,0x10026290,.rdata,,,true
0x1003965C,.data,0x1002628C,.rdata,,,true
0x10039664,.data,0x10026288,.rdata,,,true
0x1003966C,.data,0x10026280,.rdata,,,true
0x10039674,.data,0x10026278,.rdata,,,true
0x1003967C,.data,0x10026270,.rdata,,,true
0x10039684,.data,0x10026268,.rdata,,,true
0x1003968C,.data,0x10026260,.rdata,,,true
0x10039694,.data,0x10026258,.rdata,,,true
0x1003969C,.data,0x10026250,.rdata,,,true
0x100396A4,.data,0x10026248,.rdata,,,true
0x100396AC,.data,0x10026240,.rdata,,,true
0x100396B4,.data,0x1002623C,.rdata,,,true
0x100396BC,.data,0x10026238,.rdata,,,true
0x100396C4,.data,0x10026234,.rdata,,,true
0x100396CC,.data,0x1002622C,.rdata,,,true
0x100396D4,.data,0x10026220,.rdata,,,true
