address,memory_block,symbols,data_or_code_unit,incoming_references
1002215c,".rdata","","1002215c:addr 100208d0:type=undefined *",""
10022160,".rdata","","10022160:addr 10020910:type=undefined *",""
10022164,".rdata","","10022164:addr 10020920:type=undefined *",""
10022168,".rdata","","10022168:addr 10020930:type=undefined *",""
1002216c,".rdata","","1002216c:addr 10020940:type=undefined *",""
10022170,".rdata","","10022170:addr 10020950:type=undefined *",""
10022174,".rdata","","10022174:addr 10020960:type=undefined *",""
10022178,".rdata","","10022178:addr 10020970:type=undefined *",""
1002217c,".rdata","","1002217c:addr 10020980:type=undefined *",""
10022180,".rdata","","10022180:addr 10020990:type=undefined *",""
10022184,".rdata","","10022184:addr 100209a0:type=undefined *",""
10022188,".rdata","","10022188:addr 100209b0:type=undefined *",""
1002218c,".rdata","","1002218c:addr 100209c0:type=undefined *",""
10022190,".rdata","","10022190:addr 100209d0:type=undefined *",""
10022194,".rdata","","10022194:addr 100209e0:type=undefined *",""
10022198,".rdata","","10022198:addr 100209f0:type=undefined *",""
1002219c,".rdata","","1002219c:addr 10020a10:type=undefined *",""
100221a0,".rdata","","100221a0:addr 10020a20:type=undefined *",""
100221a4,".rdata","","100221a4:addr 10020a30:type=undefined *",""
100221a8,".rdata","","100221a8:addr 10020a40:type=undefined *",""
100221ac,".rdata","","100221ac:addr 10020a50:type=undefined *",""
100221b0,".rdata","","100221b0:addr 10020a60:type=undefined *",""
100221bc,".rdata","","100221bc:addr 100104bc:type=undefined *",""
100221c0,".rdata","","100221c0:addr 10013025:type=undefined *",""
100221c8,".rdata","","100221c8:addr 1001704c:type=undefined *",""
100221cc,".rdata","","100221cc:addr 1001c5e0:type=undefined *",""
100221dc,".rdata","PTR_LAB_100221dc[Label,DEFAULT,primary]","100221dc:addr 100130d6:type=pointer","10012d74:DATA@10012c9c:doexit"
100281b0,".rdata","","100281b0:?? A0h:type=undefined",""
10028220,".rdata","","10028220:?? 6Dh    m:type=undefined",""
10028260,".rdata","","10028260:?? 88h:type=undefined",""
10028280,".rdata","","10028280:?? 0Eh:type=undefined",""
100282a0,".rdata","","100282a0:?? 30h    0:type=undefined",""
100282bc,".rdata","","100282bc:?? 90h:type=undefined",""
100282c0,".rdata","","100282c0:?? A1h:type=undefined",""
10028300,".rdata","","10028300:?? 72h    r:type=undefined",""
10028340,".rdata","","10028340:?? 2Dh    -:type=undefined",""
1002836c,".rdata","","1002836c:?? B6h:type=undefined",""
10028388,".rdata","","10028388:?? DEh:type=undefined",""
100283e8,".rdata","","100283e8:?? 5Fh    _:type=undefined",""
10028410,".rdata","","10028410:?? 21h    !:type=undefined",""
1002841c,".rdata","","1002841c:?? 2Dh    -:type=undefined",""
10028438,".rdata","","10028438:?? 2Ah    *:type=undefined",""
10028474,".rdata","","10028474:?? FEh:type=undefined",""
10028478,".rdata","","10028478:?? 02h:type=undefined",""
10028494,".rdata","","10028494:?? 4Eh    N:type=undefined",""
10028498,".rdata","","10028498:?? 52h    R:type=undefined",""
100284b8,".rdata","","100284b8:?? 36h    6:type=undefined",""
100284d4,".rdata","","100284d4:?? ABh:type=undefined",""
100284d8,".rdata","","100284d8:?? BEh:type=undefined",""
10028518,".rdata","","10028518:?? 86h:type=undefined",""
10028538,".rdata","","10028538:?? 98h:type=undefined",""
10028564,".rdata","","10028564:?? 99h:type=undefined",""
10028580,".rdata","","10028580:?? 2Ch    ;:type=undefined",""
100285a0,".rdata","","100285a0:?? 05h:type=undefined",""
1002860c,".rdata","","1002860c:?? 00h:type=undefined",""
10028660,".rdata","","10028660:?? C8h:type=undefined",""
10028668,".rdata","","10028668:?? 8Ah:type=undefined",""
1002866c,".rdata","","1002866c:?? 94h:type=undefined",""
10028684,".rdata","","10028684:?? 70h    p:type=undefined",""
10028688,".rdata","","10028688:?? 79h    y:type=undefined",""
10028700,".rdata","","10028700:?? 8Fh:type=undefined",""
10028708,".rdata","","10028708:?? FFh:type=undefined",""
1002870c,".rdata","","1002870c:?? 08h:type=undefined",""
10028724,".rdata","","10028724:?? 76h    v:type=undefined",""
10028728,".rdata","","10028728:?? 7Ah    z:type=undefined",""
10028744,".rdata","","10028744:?? 0Fh:type=undefined",""
10028748,".rdata","","10028748:?? 13h:type=undefined",""
10028750,".rdata","","10028750:?? 2Ch    ;:type=undefined",""
1002879c,".rdata","","1002879c:?? 1Fh:type=undefined",""
100287a0,".rdata","","100287a0:?? 3Bh    ;:type=undefined",""
10029d40,".data","PTR_LAB_10029d40[Label,DEFAULT,primary]","10029d40:addr 1001af2b:type=pointer","1001b2bd:WRITE@1001b2b8:__cfltcvt_init|10017a39:READ@10017a33:__initp_misc_cfltcvt_tab|10017a45:WRITE@10017a33:__initp_misc_cfltcvt_tab"
10029d44,".data","PTR_LAB_10029d44[Label,DEFAULT,primary]","10029d44:addr 1001af2b:type=pointer","1001b2c2:WRITE@1001b2b8:__cfltcvt_init|10017a39:READ@10017a33:__initp_misc_cfltcvt_tab"
10029d48,".data","PTR_LAB_10029d48[Label,DEFAULT,primary]","10029d48:addr 1001af2b:type=pointer","1001b2cc:WRITE@1001b2b8:__cfltcvt_init"
10029d4c,".data","PTR_LAB_10029d4c[Label,DEFAULT,primary]","10029d4c:addr 1001af2b:type=pointer","1001b2d6:WRITE@1001b2b8:__cfltcvt_init"
10029d50,".data","PTR_LAB_10029d50[Label,DEFAULT,primary]","10029d50:addr 1001af2b:type=pointer","1001b2e0:WRITE@1001b2b8:__cfltcvt_init"
10029d54,".data","PTR_LAB_10029d54[Label,DEFAULT,primary]","10029d54:addr 1001af2b:type=pointer","1001b2ea:WRITE@1001b2b8:__cfltcvt_init"
10029d58,".data","PTR_LAB_10029d58[Label,DEFAULT,primary]","10029d58:addr 1001af2b:type=pointer","1001b2ef:WRITE@1001b2b8:__cfltcvt_init|10015c18:READ@100154dc:__output_l"
10029d5c,".data","PTR_LAB_10029d5c[Label,DEFAULT,primary]","10029d5c:addr 1001af2b:type=pointer","100121a3:READ@100119f1:__input_l|1001b2f9:WRITE@1001b2b8:__cfltcvt_init"
10029d60,".data","PTR_LAB_10029d60[Label,DEFAULT,primary]","10029d60:addr 1001af2b:type=pointer","1001b303:WRITE@1001b2b8:__cfltcvt_init|10015c65:READ@100154dc:__output_l"
10029d64,".data","PTR_LAB_10029d64[Label,DEFAULT,primary]","10029d64:addr 1001af2b:type=pointer","1001b30d:WRITE@1001b2b8:__cfltcvt_init|10015c44:READ@100154dc:__output_l"
