"address","name"
"0x10001010","FUN_10001010"
"0x10001040","FUN_10001040"
"0x10001350","FUN_10001350"
"0x100013e0","FUN_100013e0"
"0x10001430","FUN_10001430"
"0x100014a0","FUN_100014a0"
"0x100014c0","FUN_100014c0"
"0x10001520","FUN_10001520"
"0x10001590","FUN_10001590"
"0x10001630","FUN_10001630"
"0x10001730","FUN_10001730"
"0x10001770","FUN_10001770"
"0x100018a0","FUN_100018a0"
"0x10001980","FUN_10001980"
"0x10001ad0","FUN_10001ad0"
"0x10001b00","FUN_10001b00"
"0x10001b30","FUN_10001b30"
"0x10001b90","FUN_10001b90"
"0x10001db0","FUN_10001db0"
"0x10001e80","FUN_10001e80"
"0x10001fb0","FUN_10001fb0"
"0x10002210","FUN_10002210"
"0x10003130","FUN_10003130"
"0x10003200","FUN_10003200"
"0x10003340","FUN_10003340"
"0x10003400","FUN_10003400"
"0x10003660","FUN_10003660"
"0x10003810","FUN_10003810"
"0x10003ba0","FUN_10003ba0"
"0x10003e60","FUN_10003e60"
"0x10003f40","FUN_10003f40"
"0x10003f80","FUN_10003f80"
"0x10003fb0","FUN_10003fb0"
"0x10003fe0","FUN_10003fe0"
"0x10004000","FUN_10004000"
"0x100042c0","FUN_100042c0"
"0x10004430","FUN_10004430"
"0x100046f0","FUN_100046f0"
"0x10004a00","FUN_10004a00"
"0x10004a60","FUN_10004a60"
"0x10004ab0","FUN_10004ab0"
"0x10004bb0","FUN_10004bb0"
"0x100050e0","FUN_100050e0"
"0x10005670","FUN_10005670"
"0x10005860","FUN_10005860"
"0x10005b60","FUN_10005b60"
"0x10005d30","FUN_10005d30"
"0x10005ef0","FUN_10005ef0"
"0x100060d0","FUN_100060d0"
"0x10006360","FUN_10006360"
"0x10006790","FUN_10006790"
"0x100069e0","FUN_100069e0"
"0x10006a50","FUN_10006a50"
"0x10006ad0","FUN_10006ad0"
"0x10006be0","FUN_10006be0"
"0x10007030","FUN_10007030"
"0x100073f0","FUN_100073f0"
"0x100074d0","FUN_100074d0"
"0x100076d0","FUN_100076d0"
"0x10008000","FUN_10008000"
"0x10008140","FUN_10008140"
"0x10008b70","FUN_10008b70"
"0x10008cb0","FUN_10008cb0"
"0x10008d20","FUN_10008d20"
"0x10008da0","FUN_10008da0"
"0x10008dd0","FUN_10008dd0"
"0x10008e00","FUN_10008e00"
"0x10008e40","FUN_10008e40"
"0x10008eb0","FUN_10008eb0"
"0x10008f10","FUN_10008f10"
"0x10008fa0","FUN_10008fa0"
"0x10009060","FUN_10009060"
"0x10009120","FUN_10009120"
"0x10009360","FUN_10009360"
"0x10009430","FUN_10009430"
"0x100094d0","FUN_100094d0"
"0x10009580","FUN_10009580"
"0x100095f0","FUN_100095f0"
"0x10009610","FUN_10009610"
"0x100096e0","FUN_100096e0"
"0x10009790","FUN_10009790"
"0x100099e0","FUN_100099e0"
"0x100099f0","FUN_100099f0"
"0x10009a80","FUN_10009a80"
"0x10009af0","FUN_10009af0"
"0x10009b50","FUN_10009b50"
"0x10009bb0","FUN_10009bb0"
"0x10009c10","FUN_10009c10"
"0x10009c70","FUN_10009c70"
"0x10009cd0","FUN_10009cd0"
"0x10009d30","FUN_10009d30"
"0x10009d90","FUN_10009d90"
"0x10009df0","FUN_10009df0"
"0x10009e50","FUN_10009e50"
"0x10009eb0","FUN_10009eb0"
"0x10009f10","FUN_10009f10"
"0x10009f70","FUN_10009f70"
"0x10009fd0","FUN_10009fd0"
"0x1000a030","FUN_1000a030"
"0x1000a090","FUN_1000a090"
"0x1000a110","FUN_1000a110"
"0x1000a170","FUN_1000a170"
"0x1000a1d0","FUN_1000a1d0"
"0x1000a230","FUN_1000a230"
"0x1000a290","FUN_1000a290"
"0x1000a2f0","FUN_1000a2f0"
"0x1000a350","FUN_1000a350"
"0x1000a4f0","FUN_1000a4f0"
"0x1000a560","FUN_1000a560"
"0x1000a680","FUN_1000a680"
"0x1000a740","FUN_1000a740"
"0x1000a800","FUN_1000a800"
"0x1000a8c0","FUN_1000a8c0"
"0x1000a940","FUN_1000a940"
"0x1000aa10","FUN_1000aa10"
"0x1000aae0","FUN_1000aae0"
"0x1000ab60","FUN_1000ab60"
"0x1000ac20","FUN_1000ac20"
"0x1000aca0","FUN_1000aca0"
"0x1000ad60","FUN_1000ad60"
"0x1000ade0","FUN_1000ade0"
"0x1000aea0","FUN_1000aea0"
"0x1000af20","FUN_1000af20"
"0x1000afe0","FUN_1000afe0"
"0x1000b060","FUN_1000b060"
"0x1000b120","FUN_1000b120"
"0x1000b1a0","FUN_1000b1a0"
"0x1000b260","FUN_1000b260"
"0x1000b2e0","FUN_1000b2e0"
"0x1000b3a0","FUN_1000b3a0"
"0x1000b460","FUN_1000b460"
"0x1000b4e0","FUN_1000b4e0"
"0x1000b5a0","FUN_1000b5a0"
"0x1000b620","FUN_1000b620"
"0x1000b6e0","FUN_1000b6e0"
"0x1000b760","FUN_1000b760"
"0x1000b820","FUN_1000b820"
"0x1000b8e0","FUN_1000b8e0"
"0x1000b960","FUN_1000b960"
"0x1000ba20","FUN_1000ba20"
"0x1000bae0","FUN_1000bae0"
"0x1000bb60","FUN_1000bb60"
"0x1000bbe0","FUN_1000bbe0"
"0x1000bca0","FUN_1000bca0"
"0x1000bd20","FUN_1000bd20"
"0x1000bde0","FUN_1000bde0"
"0x1000be60","FUN_1000be60"
"0x1000bf20","FUN_1000bf20"
"0x1000bfa0","FUN_1000bfa0"
"0x1000c060","FUN_1000c060"
"0x1000c0e0","FUN_1000c0e0"
"0x1000c1a0","FUN_1000c1a0"
"0x1000c220","FUN_1000c220"
"0x1000c2e0","FUN_1000c2e0"
"0x1000c360","FUN_1000c360"
"0x1000c420","FUN_1000c420"
"0x1000c480","FUN_1000c480"
"0x1000cdc0","FUN_1000cdc0"
"0x1000cf80","FUN_1000cf80"
"0x1000cfe0","FUN_1000cfe0"
"0x1000d030","FUN_1000d030"
"0x1000d140","FUN_1000d140"
"0x1000d250","FUN_1000d250"
"0x1000d300","FUN_1000d300"
"0x1000d380","FUN_1000d380"
"0x1000d400","FUN_1000d400"
"0x1000d460","FUN_1000d460"
"0x1000d4c0","FUN_1000d4c0"
"0x1000d520","FUN_1000d520"
"0x1000d580","FUN_1000d580"
"0x1000d5e0","FUN_1000d5e0"
"0x1000d640","FUN_1000d640"
"0x1000d6a0","FUN_1000d6a0"
"0x1000d700","FUN_1000d700"
"0x1000d760","FUN_1000d760"
"0x1000d7c0","FUN_1000d7c0"
"0x1000d820","FUN_1000d820"
"0x1000d880","FUN_1000d880"
"0x1000d8e0","FUN_1000d8e0"
"0x1000d940","FUN_1000d940"
"0x1000d9a0","FUN_1000d9a0"
"0x1000da00","FUN_1000da00"
"0x1000da60","FUN_1000da60"
"0x1000dac0","FUN_1000dac0"
"0x1000db20","FUN_1000db20"
"0x1000db80","FUN_1000db80"
"0x1000dbe0","FUN_1000dbe0"
"0x1000dc40","FUN_1000dc40"
"0x1000dca0","FUN_1000dca0"
"0x1000dd00","FUN_1000dd00"
"0x1000dd60","FUN_1000dd60"
"0x1000ddc0","FUN_1000ddc0"
"0x1000de20","FUN_1000de20"
"0x1000de80","FUN_1000de80"
"0x1000dee0","FUN_1000dee0"
"0x1000df40","FUN_1000df40"
"0x1000dfa0","FUN_1000dfa0"
"0x1000e000","FUN_1000e000"
"0x1000e060","FUN_1000e060"
"0x1000e0c0","FUN_1000e0c0"
"0x1000e120","FUN_1000e120"
"0x1000e180","FUN_1000e180"
"0x1000e1e0","FUN_1000e1e0"
"0x1000e240","FUN_1000e240"
"0x1000e2a0","FUN_1000e2a0"
"0x1000e300","FUN_1000e300"
"0x1000e360","FUN_1000e360"
"0x1000e3c0","FUN_1000e3c0"
"0x1000e420","FUN_1000e420"
"0x1000e480","FUN_1000e480"
"0x1000e4e0","FUN_1000e4e0"
"0x1000e540","FUN_1000e540"
"0x1000e5a0","FUN_1000e5a0"
"0x1000e600","FUN_1000e600"
"0x1000e660","FUN_1000e660"
"0x1000e6c0","FUN_1000e6c0"
"0x1000e720","FUN_1000e720"
"0x1000e780","FUN_1000e780"
"0x1000e7e0","FUN_1000e7e0"
"0x1000e840","FUN_1000e840"
"0x1000e8a0","FUN_1000e8a0"
"0x1000e900","FUN_1000e900"
"0x1000e960","FUN_1000e960"
"0x1000e9c0","FUN_1000e9c0"
"0x1000ea20","FUN_1000ea20"
"0x1000ea80","FUN_1000ea80"
"0x1000eae0","FUN_1000eae0"
"0x1000eb40","FUN_1000eb40"
"0x1000eba0","FUN_1000eba0"
"0x1000ec00","FUN_1000ec00"
"0x1000ec60","FUN_1000ec60"
"0x1000ecc0","FUN_1000ecc0"
"0x1000ed20","FUN_1000ed20"
"0x1000ed80","FUN_1000ed80"
"0x1000ede0","FUN_1000ede0"
"0x1000ee40","FUN_1000ee40"
"0x1000eea0","FUN_1000eea0"
"0x1000ef00","FUN_1000ef00"
"0x1000ef60","FUN_1000ef60"
"0x1000efc0","FUN_1000efc0"
"0x1000f020","FUN_1000f020"
"0x1000f080","FUN_1000f080"
"0x1000f0e0","FUN_1000f0e0"
"0x1000f140","FUN_1000f140"
"0x1000f1a0","FUN_1000f1a0"
"0x1000f200","FUN_1000f200"
"0x1000f260","FUN_1000f260"
"0x1000f2c0","FUN_1000f2c0"
"0x1000f320","FUN_1000f320"
"0x1000f380","FUN_1000f380"
"0x1000f3e0","FUN_1000f3e0"
"0x1000f440","FUN_1000f440"
"0x1000f4a0","FUN_1000f4a0"
"0x1000f520","FUN_1000f520"
"0x1000f5a0","FUN_1000f5a0"
"0x1000f620","FUN_1000f620"
"0x1000f6a0","FUN_1000f6a0"
"0x1000f720","FUN_1000f720"
"0x1000f7a0","FUN_1000f7a0"
"0x1000f820","FUN_1000f820"
"0x1000f8a0","FUN_1000f8a0"
"0x1000f920","FUN_1000f920"
"0x1000f9a0","FUN_1000f9a0"
"0x1000fa20","FUN_1000fa20"
"0x1000faa0","FUN_1000faa0"
"0x1000fb20","FUN_1000fb20"
"0x1000fba0","FUN_1000fba0"
"0x1000fc20","FUN_1000fc20"
"0x1000fca0","FUN_1000fca0"
"0x1000fd20","FUN_1000fd20"
"0x1000fda0","FUN_1000fda0"
"0x1000fe20","FUN_1000fe20"
"0x1000fea0","FUN_1000fea0"
"0x1000ff20","FUN_1000ff20"
"0x1000ffa0","FUN_1000ffa0"
"0x10010020","FUN_10010020"
"0x100100a0","FUN_100100a0"
"0x10010120","FUN_10010120"
"0x10010140","FUN_10010140"
"0x10010170","FUN_10010170"
"0x10010180","FUN_10010180"
"0x100101a5","FUN_100101a5"
"0x100101c2","FUN_100101c2"
"0x100101f2","FUN_100101f2"
"0x1001020f","FUN_1001020f"
"0x10010230","FUN_10010230"
"0x1001023b","FUN_1001023b"
"0x10010258","FUN_10010258"
"0x10010265","_Copy_str"
"0x100102a5","_Tidy"
"0x100102c3","exception"
"0x100102ea","operator="
"0x1001031f","FUN_1001031f"
"0x1001032a","FUN_1001032a"
"0x10010351","exception"
"0x10010376","vscan_fn"
"0x100103e4","FID_conflict:_sscanf"
"0x10010406","__onexit_nolock"
"0x100104ed","__onexit"
"0x10010523","FUN_10010523"
"0x10010529","_atexit"
"0x10010540","_fgets"
"0x10010670","FUN_10010670"
"0x10010678","__fsopen"
"0x1001072a","FUN_1001072a"
"0x10010734","_fopen"
"0x1001074b","FUN_1001074b"
"0x10010756","FUN_10010756"
"0x10010761","~type_info"
"0x10010771","`scalar_deleting_destructor'"
"0x10010792","operator=="
"0x100107b2","__fclose_nolock"
"0x1001081f","_fclose"
"0x1001088b","FUN_1001088b"
"0x10010893","FUN_10010893"
"0x10010913","_fputs"
"0x10010a11","FUN_10010a11"
"0x10010a19","_strcpy_s"
"0x10010a80","_strrchr"
"0x10010aad","_strcat_s"
"0x10010b1a","_LocaleUpdate"
"0x10010ba1","__strnicmp_l"
"0x10010c83","__strnicmp"
"0x10010cd6","_strncpy_s"
"0x10010d8b","_strncmp"
"0x10010e4b","_sprintf"
"0x10010ed0","FUN_10010ed0"
"0x10010f59","__CRT_INIT@12"
"0x10011032","FUN_10011032"
"0x100110bd","___DllMainCRTStartup"
"0x100111b3","entry"
"0x100111e0","FID_conflict:_memcpy"
"0x10011541","__purecall"
"0x1001156b","__CxxThrowException@8"
"0x100115b7","_malloc"
"0x10011650","_strlen"
"0x100116db","_free"
"0x10011715","FUN_10011715"
"0x10011724","__call_reportfault"
"0x1001184d","__invoke_watson"
"0x10011872","FUN_10011872"
"0x1001189f","FUN_1001189f"
"0x100118af","__get_errno_from_oserr"
"0x100118f1","__errno"
"0x10011904","___doserrno"
"0x10011917","__dosmaperr"
"0x1001193a","___check_float_string"
"0x10011991","__hextodec"
"0x100119b1","__inc"
"0x100119c7","__whiteout"
"0x100119f1","__input_l"
"0x100129f5","__malloc_crt"
"0x10012a3a","__calloc_crt"
"0x10012a86","__realloc_crt"
"0x10012ad4","__recalloc_crt"
"0x10012b26","__msize"
"0x10012b59","___crtCorExitProcess"
"0x10012b84","___crtExitProcess"
"0x10012b9c","FUN_10012b9c"
"0x10012ba5","FUN_10012ba5"
"0x10012bae","__init_pointers"
"0x10012be1","__initterm_e"
"0x10012c05","__cinit"
"0x10012c9c","doexit"
"0x10012dc7","FUN_10012dc7"
"0x10012ddc","__exit"
"0x10012df2","__cexit"
"0x10012e01","__amsg_exit"
"0x10012e20","__SEH_prolog4"
"0x10012e65","__SEH_epilog4"
"0x10012e90","__except_handler4"
"0x1001301f","FUN_1001301f"
"0x100130f6","__lock_file"
"0x10013137","__lock_file2"
"0x10013169","__unlock_file"
"0x100131a5","__unlock_file2"
"0x100131d4","__filbuf"
"0x100132f6","__ioinit"
"0x1001353b","__ioterm"
"0x1001358e","__fileno"
"0x100135b4","__openfile"
"0x1001384b","__getstream"
"0x10013975","FUN_10013975"
"0x10013980","__local_unwind4"
"0x10013a56","__seh_longjmp_unwind4@4"
"0x10013a72","_EH4_CallFilterFunc"
"0x10013a89","_EH4_TransferToHandler"
"0x10013aa2","_EH4_GlobalUnwind2"
"0x10013abb","_EH4_LocalUnwind"
"0x10013ad2","_Type_info_dtor"
"0x10013b39","FUN_10013b39"
"0x10013b50","_strcmp"
"0x10013bd8","__close_nolock"
"0x10013c74","__close"
"0x10013d30","FUN_10013d30"
"0x10013d38","__freebuf"
"0x10013d69","__flush"
"0x10013dd1","__fflush_nolock"
"0x10013e19","flsall"
"0x10013ebb","FUN_10013ebb"
"0x10013eea","FUN_10013eea"
"0x10013ef3","__flushall"
"0x10013efc","FUN_10013efc"
"0x10013f0b","__callnewh"
"0x10013f33","__stbuf"
"0x10013fcf","__ftbuf"
"0x10014003","__fwrite_nolock"
"0x1001415a","__vsnprintf_l"
"0x10014206","__vsnprintf"
"0x10014223","CPtoLCID"
"0x10014252","setSBCS"
"0x100142b6","setSBUpLow"
"0x10014446","___updatetmbcinfo"
"0x100144e1","FUN_100144e1"
"0x100144ea","getSystemCP"
"0x10014566","__setmbcp_nolock"
"0x1001474f","__setmbcp"
"0x100148b0","FUN_100148b0"
"0x100148e9","___initmbctable"
"0x10014907","___addlocaleref"
"0x10014996","___removelocaleref"
"0x10014a2f","___freetlocinfo"
"0x10014b7a","__updatetlocinfoEx_nolock"
"0x10014bc7","___updatetlocinfo"
"0x10014c34","FUN_10014c34"
"0x10014c40","FUN_10014c40"
"0x10014c52","___set_flsgetvalue"
"0x10014c86","__mtterm"
"0x10014cc3","__initptd"
"0x10014d65","FUN_10014d65"
"0x10014d6e","FUN_10014d6e"
"0x10014d77","__getptd_noexit"
"0x10014df0","__getptd"
"0x10014e0a","__freefls@4"
"0x10014f24","FUN_10014f24"
"0x10014f30","FUN_10014f30"
"0x10014f39","__freeptd"
"0x10014fa7","__mtinit"
"0x10015122","__tolower_l"
"0x10015237","_tolower"
"0x10015270","___ascii_strnicmp"
"0x100152d1","__flsbuf"
"0x10015435","write_char"
"0x10015468","write_string"
"0x100154dc","__output_l"
"0x10016088","__read_nolock"
"0x1001663f","__read"
"0x1001672d","FUN_1001672d"
"0x10016740","_memset"
"0x100167ba","__lseek_nolock"
"0x10016846","FUN_10016846"
"0x100168fe","FUN_100168fe"
"0x100169da","parse_cmdline"
"0x10016b74","__setargv"
"0x10016c2f","___crtGetEnvironmentStringsA"
"0x10016cc6","__RTC_Initialize"
"0x10016cec","FUN_10016cec"
"0x10016d12","__heap_init"
"0x10016d30","__heap_term"
"0x10016d44","__XcptFilter"
"0x10016e8e","___CppXcptFilter"
"0x10016eae","___security_init_cookie"
"0x10016f49","FUN_10016f49"
"0x1001705c","_abort"
"0x1001708f","__set_abort_behavior"
"0x100170b0","__GET_RTERRMSG"
"0x100170d6","__NMSG_WRITE"
"0x10017285","__FF_MSGBANNER"
"0x100172be","FUN_100172be"
"0x100172cd","FUN_100172cd"
"0x100172d5","__security_check_cookie"
"0x100172f0","FID_conflict:_memcpy"
"0x10017651","__isdigit_l"
"0x100176a2","_isdigit"
"0x100176d0","__isxdigit_l"
"0x10017726","_isxdigit"
"0x10017756","__isspace_l"
"0x100177a7","_isspace"
"0x100177d5","__ungetc_nolock"
"0x100178b8","__mbtowc_l"
"0x100179ce","_mbtowc"
"0x100179e8","__isleadbyte_l"
"0x10017a20","_isleadbyte"
"0x10017a33","__initp_misc_cfltcvt_tab"
"0x10017a60","__allmul"
"0x10017a94","__calloc_impl"
"0x10017b16","_realloc"
"0x10017bc3","__recalloc"
"0x10017c31","__mtinitlocks"
"0x10017c7b","__mtdeletelocks"
"0x10017cd2","FUN_10017cd2"
"0x10017ce9","__mtinitlocknum"
"0x10017da2","FUN_10017da2"
"0x10017dab","__lock"
"0x10017dde","terminate"
"0x10017e17","FUN_10017e17"
"0x10017e2a","_inconsistency"
"0x10017e62","FUN_10017e62"
"0x10017e73","__initp_misc_winsig"
"0x10017e91","siglookup"
"0x10017ec8","FUN_10017ec8"
"0x10017ed5","_raise"
"0x1001803c","FUN_1001803c"
"0x10018078","FUN_10018078"
"0x10018090","__ValidateImageBase"
"0x100180d0","__FindPESection"
"0x10018120","__IsNonwritableInCurrentImage"
"0x100181dc","__fcloseall"
"0x1001826f","FUN_1001826f"
"0x10018278","__getbuf"
"0x100182c1","FUN_100182c1"
"0x100189f5","FID_conflict:__sopen_helper"
"0x10018a8b","FUN_10018a8b"
"0x10018ab9","__sopen_s"
"0x10018ad9","__mbsnbicmp_l"
"0x10018cdd","__mbsnbicmp"
"0x10018cf7","__mbsnbcmp_l"
"0x10018e43","__mbsnbcmp"
"0x10018e60","__global_unwind2"
"0x10018ec5","__local_unwind2"
"0x10018f6c","__NLG_Notify1"
"0x10018f75","__NLG_Notify"
"0x10018f94","FUN_10018f94"
"0x10018f97","__set_osfhnd"
"0x10019018","__free_osfhnd"
"0x1001909e","__get_osfhandle"
"0x10019107","___lock_fhandle"
"0x1001919d","FUN_1001919d"
"0x100191a6","__unlock_fhandle"
"0x100191cd","__alloc_osfhnd"
"0x1001929f","FUN_1001929f"
"0x1001935d","FUN_1001935d"
"0x10019366","__write_nolock"
"0x10019a63","__write"
"0x10019b2f","FUN_10019b2f"
"0x10019b37","__commit"
"0x10019c08","FUN_10019c08"
"0x10019c10","__isatty"
"0x10019c66","__freea"
"0x10019c86","__crtLCMapStringA_stat"
"0x10019e6d","___crtLCMapStringA"
"0x10019eb3","__crtGetStringTypeA_stat"
"0x10019f9a","___crtGetStringTypeA"
"0x10019fda","___free_lc_time"
"0x1001a351","___free_lconv_num"
"0x1001a3ba","___free_lconv_mon"
"0x1001a4b8","__isctype_l"
"0x1001a570","_strcspn"
"0x1001a5c0","_strpbrk"
"0x1001a600","__lseeki64_nolock"
"0x1001a685","__lseeki64"
"0x1001a765","FUN_1001a765"
"0x1001a76f","__get_printf_count_output"
"0x1001a785","__wctomb_s_l"
"0x1001a8da","_wctomb_s"
"0x1001a900","__aulldvrm"
"0x1001a995","__VEC_memzero"
"0x1001aa4f","x_ismbbtype_l"
"0x1001aaa2","__ismbblead"
"0x1001aaba","___crtMessageBoxW"
"0x1001ac26","_wcscat_s"
"0x1001ac9b","_wcsncpy_s"
"0x1001ad68","_wcslen"
"0x1001ad83","_wcscpy_s"
"0x1001ade6","__set_error_mode"
"0x1001ae25","___report_gsfailure"
"0x1001af34","__chsize_nolock"
"0x1001b0ea","__setmode_nolock"
"0x1001b1a5","FUN_1001b1a5"
"0x1001b1d2","__putwch_nolock"
"0x1001b220","__alloca_probe"
"0x1001b250","__alloca_probe_16"
"0x1001b266","__alloca_probe_8"
"0x1001b27c","___initconout"
"0x1001b29b","FUN_1001b29b"
"0x1001b2b2","RtlUnwind"
"0x1001b2b8","__cfltcvt_init"
"0x1001b318","__fpmath"
"0x1001b380","FUN_1001b380"
"0x1001b3cf","FUN_1001b3cf"
"0x1001b3d8","FUN_1001b3d8"
"0x1001b4b0","FUN_1001b4b0"
"0x1001b4ff","FUN_1001b4ff"
"0x1001b508","FUN_1001b508"
"0x1001b5a0","FUN_1001b5a0"
"0x1001b5bd","FUN_1001b5bd"
"0x1001b65a","_JumpToContinuation"
"0x1001b68c","FID_conflict:_CallMemberFunction1"
"0x1001b693","_UnwindNestedFrames"
"0x1001b6e7","FID_conflict:___CxxFrameHandler3"
"0x1001b71d","CatchGuardHandler"
"0x1001b750","_CallSETranslator"
"0x1001b827","TranslatorGuardHandler"
"0x1001b8c6","_GetRangeOfTrysToCheck"
"0x1001b939","__CreateFrameInfo"
"0x1001b965","__IsExceptionObjectToBeDestroyed"
"0x1001b98c","__FindAndUnlinkFrame"
"0x1001b9de","_CallCatchBlock2"
"0x1001ba40","FUN_1001ba40"
"0x1001baeb","__forcdecpt_l"
"0x1001bb5f","__cropzeros_l"
"0x1001bbe1","__positive"
"0x1001bbfd","__fassign_l"
"0x1001bc3f","__fassign"
"0x1001bc59","__shift"
"0x1001bc78","__forcdecpt"
"0x1001bc8b","__cropzeros"
"0x1001bc9e","FUN_1001bc9e"
"0x1001bdff","__cftoe_l"
"0x1001bec6","__cftoe"
"0x1001bee6","__cftoa_l"
"0x1001c25c","__cftof2_l"
"0x1001c35f","__cftof_l"
"0x1001c420","__cftog_l"
"0x1001c50d","__cfltcvt_l"
"0x1001c595","__cfltcvt"
"0x1001c5b8","__setdefaultprecision"
"0x1001c5f0","FUN_1001c5f0"
"0x1001c60e","FUN_1001c60e"
"0x1001c9a5","FUN_1001c9a5"
"0x1001c9bc","FUN_1001c9bc"
"0x1001c9d5","__fload_withFB"
"0x1001ca18","FUN_1001ca18"
"0x1001ca3b","__math_exit"
"0x1001cb20","FUN_1001cb20"
"0x1001cb37","__startOneArgErrorHandling"
"0x1001cb80","FUN_1001cb80"
"0x1001cb9e","FUN_1001cb9e"
"0x1001cd37","FUN_1001cd37"
"0x1001cd5e","___TypeMatch"
"0x1001cdbd","___FrameUnwindFilter"
"0x1001ce0c","___FrameUnwindToState"
"0x1001cece","FUN_1001cece"
"0x1001cf2d","___DestructExceptionObject"
"0x1001cf82","___AdjustPointer"
"0x1001cfab","IsInExceptionSpec"
"0x1001d026","FUN_1001d026"
"0x1001d057","Catch_All@1001d057"
"0x1001d06f","CallCatchBlock"
"0x1001d195","FUN_1001d195"
"0x1001d20b","___BuildCatchObjectHelper"
"0x1001d38a","___BuildCatchObject"
"0x1001d41c","CatchIt"
"0x1001d48a","FindHandlerForForeignException"
"0x1001d591","FindHandler"
"0x1001d906","FUN_1001d906"
"0x1001d923","___InternalCxxFrameHandler"
"0x1001da10","__CallSettingFrame@12"
"0x1001da5c","FID_conflict:__atoflt_l"
"0x1001db04","FID_conflict:__atoflt_l"
"0x1001dbac","__fptostr"
"0x1001dc5f","___dtold"
"0x1001dd12","FUN_1001dd12"
"0x1001dda0","__alldvrm"
"0x1001de80","__aullshr"
"0x1001de9f","__controlfp_s"
"0x1001defe","__87except"
"0x1001e03d","__EH_prolog3_catch"
"0x1001e073","_ValidateRead"
"0x1001e085","FID_conflict:__ld12tod"
"0x1001e5d6","FID_conflict:__ld12tod"
"0x1001eb27","___strgtold12_l"
"0x1001f203","$I10_OUTPUT"
"0x1001fafb","__hw_cw"
"0x1001fb89","___hw_cw_sse2"
"0x1001fc29","__control87"
"0x1001ff3b","__raise_exc_ex"
"0x10020217","__raise_exc"
"0x1002023a","__handle_exc"
"0x1002041e","__set_errno_from_matherr"
"0x1002044b","FUN_1002044b"
"0x1002044e","__statfp"
"0x1002045e","__clrfp"
"0x1002046f","__ctrlfp"
"0x1002049a","FUN_1002049a"
"0x100204f2","___set_fpsr_sse2"
"0x10020564","___mtold12"
"0x10020748","__set_exp"
"0x10020775","FUN_10020775"
"0x10020840","Unwind@10020840"
"0x10020870","FUN_10020870"
"0x10020a70","thunk_FUN_100013e0"
"0x10020a80","thunk_FUN_10009580"
"0x10020a90","FUN_10020a90"
"0x10020af0","FUN_10020af0"
"0x10020b50","FUN_10020b50"
"0x10020bb0","FUN_10020bb0"
"0x10020c10","FUN_10020c10"
"0x10020c70","FUN_10020c70"
"0x10020cd0","FUN_10020cd0"
"0x10020d30","FUN_10020d30"
"0x10020d90","FUN_10020d90"
"0x10020df0","FUN_10020df0"
"0x10020e50","FUN_10020e50"
"0x10020eb0","FUN_10020eb0"
"0x10020f10","FUN_10020f10"
"0x10020f70","FUN_10020f70"
"0x10020fd0","FUN_10020fd0"
"0x10021030","FUN_10021030"
"0x10021090","FUN_10021090"
"0x100210f0","FUN_100210f0"
"0x10021150","FUN_10021150"
"0x100211b0","FUN_100211b0"
"0x10021210","FUN_10021210"
"0x10021267","FUN_10021267"
