"address","path","sha256"
"10001010","src/functions/10001010.cpp","F258F081EB11A686B75A865010547DD42A05FCDF5408A20EF3F87D53E13EB6C5"
"10001040","src/functions/10001040.cpp","33DDEE051A46E0A26ABB77997DA9F1163CC6623223AB1DEEE5B3C5F08A552B3A"
"10001350","src/functions/10001350.cpp","C0C8960C3E923EB546EAAC6281B26CCA67A9CC571603C08C575DDF1DF0409762"
"100013e0","src/functions/100013e0.cpp","923CEDF557003F37C70EECCC0D96D7F9D5B123ABA25836FC68C4AEB51BAC54E3"
"10001430","src/functions/10001430.cpp","C514D0CF6E843BDCE0CC6BFCC2B2FC6C0C64D72CFDC5F8FA89B0E88C382F70C9"
"100014a0","src/functions/100014a0.cpp","3185C62A8CB8397C840E1C5DC30BF0749CFC77BBC4B5968413ADEADE2021C819"
"100014c0","src/functions/100014c0.cpp","7885E47349AB23A65C669296459618D000DE2FF15522051C860C6E6C7FFBD065"
"10001520","src/functions/10001520.cpp","4CE44643D5AC285BFD06FBE4AB3B59690D462C5591E42C28E0554C224667F4AE"
"10001590","src/functions/10001590.cpp","72934BA4C47004AABBE3A9E59B1652D8BAE8B1FE8927C56FF3B09E409ADC0913"
"10001630","src/functions/10001630.cpp","A2B77984D46B1D23B935A88D182D78AB542A458103A1AFE7FD8966813225E3E7"
"10001730","src/functions/10001730.cpp","3AF5B20A515FBAFB7F47D6C50C8F2C257E6EC3594ED1346C4EBDCF0CC26ABF75"
"10001770","src/functions/10001770.cpp","7F5F2DB193FE972BAD69CD869882B6FE3E9046FF5E64402106EE2AB5DF80465E"
"100018a0","src/functions/100018a0.cpp","3769AF42ECA63929409D0B50AF80B450B2382F92047F88597171E0CAA403C081"
"10001980","src/functions/10001980.cpp","01F913369CE81008EC33FF6A0D32EC904491772E6863C389FC6142C5944576A5"
"10001ad0","src/functions/10001ad0.cpp","825195857295CF27AFA34A0C0FBBB7FC476BDE917EB610B5B6B5939851A1B175"
"10001b00","src/functions/10001b00.cpp","D32F0582CABF89239817C306403AA9861BF32FB7674A4CEC4F47BB7035D778CA"
"10001b30","src/functions/10001b30.cpp","59A8015DDEFA44ED3247ED6B9A06B1EF40375DF94AD737F27B69C56FF7F6BDB1"
"10001b90","src/functions/10001b90.cpp","FC44FB9D0F44AB15C28C865DC87097DAC37AAEE100BE105B8EFCD4175E6A7493"
"10001db0","src/functions/10001db0.cpp","1D29A9DCB2EA75731FEA365A6971199F8A6A7ACE98EE5CCE139DE73FDCE40724"
"10001e80","src/functions/10001e80.cpp","F2761BE279D1FCD5325FE5CE3917F259C964A8025FD606FAE469880456018B17"
"10001fb0","src/functions/10001fb0.cpp","1FAC52801FF83723F2031834DA8AE6D401BA7C6FE3182064DDFF0DA7C2684DBE"
"10002210","src/functions/10002210.cpp","94DEEB07C96764AFBD4B8D5B6E86F5E9A79A5E6C8C6F4DDD056ADF2235E40B77"
"10003130","src/functions/10003130.cpp","B4900DE678B5B259EBE8418FAFD28E10F4BF344CDFB77EC8D298854BA219E51D"
"10003200","src/functions/10003200.cpp","3B32F6C479FDC8DCDFDF99BEF0C2462C5CBBBC7D8373F5EEE110717D38864B82"
"10003340","src/functions/10003340.cpp","9EDCB02130C364C9241BDE7C6129E472AB0A719AABE2A94BB60C9E0A45DF9787"
"10003400","src/functions/10003400.cpp","0D21A8A7706444E3A9EEC90E23A48D33FD75FE64B5B1A9769E6D5585FAD4206E"
"10003660","src/functions/10003660.cpp","26C116946C41FED38DC8EB6852E42B4A948604AE13F7707AE0A073F2D0ABB1B5"
"10003810","src/functions/10003810.cpp","6888D0DFEF4F70AA9CA8EE8854AE6113718FE5CE81318954625A97C57137C2E0"
"10003ba0","src/functions/10003ba0.cpp","F77169AD6FB178BD7D5CEF42719D4DB3935F37FFE2AD83A421EBC85B660DCC0C"
"10003e60","src/functions/10003e60.cpp","AC8716D3C62C6E7BDCDA2F2FC0C777AE83CDC190BFE350F4A4ED715A10A451B7"
"10003f40","src/functions/10003f40.cpp","E79A8D78567BC869659189A05373C7237C1BBBC3E22708AA33E5C6788FADCDAA"
"10003f80","src/functions/10003f80.cpp","67A599245FB6657928C0D4FDB59804448E0E1D45BC436257D2DE8D13BB61AFEB"
"10003fb0","src/functions/10003fb0.cpp","B1BF1B08039D35A08304B32290986DE16F84AFA993A827DD3AC96CF80FE22AF3"
"10003fe0","src/functions/10003fe0.cpp","FA76E6995F4F5092A2CB0F9BBA88B0D636D9F5D4D1F85243FA8E14D286F0AD5D"
"10004000","src/functions/10004000.cpp","4EDBB4F201F31C610936B8CB1FAD340D003387A9E6F452F7E43910AF070EAB31"
"100042c0","src/functions/100042c0.cpp","7AE8FD7D01DC0029315673B38898FD9628752F8A5919D7E5A8CB69C93BCA1F60"
"10004430","src/functions/10004430.cpp","08BDA21456ABF80A8512952521EACEBFD008B06088A323041A61D075596F1869"
"100046f0","src/functions/100046f0.cpp","AD9057468C5AA96335CB01BF22CD18D480C010AF7E23F5D0848E140AA140993F"
"10004a00","src/functions/10004a00.cpp","EA0304EDE74C3660BAC87B67056B3244273032EFABAB33CA9BA3197071A309A7"
"10004a60","src/functions/10004a60.cpp","BE783FBE123845E7BDBC476390572B8DCD20B14812DACEF7472C93B9E28C79B0"
"10004ab0","src/functions/10004ab0.cpp","7B4DC942E885CFD5EEA43B057283103AB2E1C00382FB5B62B92C71376E82EB79"
"10004bb0","src/functions/10004bb0.cpp","E7536618FAD5E6E01AE2F439632FFF1444053410CD517F9D4CC884090A854FA7"
"100050e0","src/functions/100050e0.cpp","68326A037C1078957EF169FCCBD8EADB9EB7203262BB109CE04AB81C593A6CF7"
"10005670","src/functions/10005670.cpp","22E0A76FA214BDD2EEAF50A71FE799362326750D92E425134EFD224AFF65AAF7"
"10005860","src/functions/10005860.cpp","10D281581B7DA4D476A1FFD9095B6482C507616C526A01A6A29C34CD5153585F"
"10005b60","src/functions/10005b60.cpp","B4C905B746BE68C57774FA38569C0914492DFA21E75ADA7A595A195457251EF0"
"10005d30","src/functions/10005d30.cpp","77D3CEE7A489D1F2F0FABBB53166C3D4F1FE638654207B2FEF37A2438FB3E354"
"10005ef0","src/functions/10005ef0.cpp","65E9BF95569A7791F996B68FC946D427D2A9F5E281ECB9F35EC1DD2D643C52B0"
"100060d0","src/functions/100060d0.cpp","23739A67C02A0C818EEF7316D2F0FA4C9B69161E0D115D3BB1AD241BEBDD4670"
"10006360","src/functions/10006360.cpp","6FBFB61A0CCD6B29123700978DC3CE52CADA074BF95CCFD9954A6A7BDA317180"
"10006790","src/functions/10006790.cpp","9513F76F996CCB8461CC1EBB4572A76303ADB402540F4FA3152A4F7EDCB3DC6B"
"100069e0","src/functions/100069e0.cpp","84B2F2A684538B439611473F1A728852D7921221A2DAE91792B46D04A9146C54"
"10006a50","src/functions/10006a50.cpp","CEA76C6AC74397125BF95C0FAF915511EA1B145B6B4178A8BDE67AA87E3407B1"
"10006ad0","src/functions/10006ad0.cpp","20D352124DE2F6D476D80999D22AFAD0E3EA05E53815EF97B7742B1AE56BEE40"
"10006be0","src/functions/10006be0.cpp","48A8A8C6EE4B1428CC854E0639974ACA5B1A083DACBA2EEA77B176B2D463E559"
"10007030","src/functions/10007030.cpp","F047F88BBAF06BDEC881A550AB3FA1001B22F82DD9C7FC756DA3751F2987A1D8"
"100073f0","src/functions/100073f0.cpp","E8F2217767FF561F8AD43F23A4EC2884C01A36DCD45207627DEAB03233E24389"
"100074d0","src/functions/100074d0.cpp","1EF8471EFCE65DC65A1EB69AB9E41F145B0A51F82397CBCBCC9E86CE5ACA701A"
"100076d0","src/functions/100076d0.cpp","0B0C4B902B71DE8E3EE1774F6AE38A24FC2C1F3D66B4260E00EEFAD5250B8EBA"
"10008000","src/functions/10008000.cpp","E52DBBBCF35A7C43CE713D3F9CD9ABE25F83338A1465126A22644FA189EE1B67"
"10008140","src/functions/10008140.cpp","08295B066164C7D85C1253CED277196517F478EB8A4B2A6A2B5587CA181156A4"
"10008b70","src/functions/10008b70.cpp","49046CA2E12D28DB603A86C73A188E0F9302D1486C9C097F87C85C0C8527B29F"
"10008cb0","src/functions/10008cb0.cpp","467B499833E59997081AB29042767BF348627D46DE270EAEE2C4E7402FA1081F"
"10008d20","src/functions/10008d20.cpp","D703F2382D196B8690ECF327320B27FC449EA34E9BEC80EC703A155688482280"
"10008da0","src/functions/10008da0.cpp","24903C208BD15DB66D437400095D0C7ADAB7647C37237197D9C49E36B5780946"
"10008dd0","src/functions/10008dd0.cpp","A97E86650A80830020FCB982FE49943C26B617A4EFF4388BF3095664B0269231"
"10008e00","src/functions/10008e00.cpp","B4603BB0147687CAAF873CCCF2B075ABBB672A03CD31EBD919AB05DE5A5C8C63"
"10008e40","src/functions/10008e40.cpp","77841BDDE7E0EAFABADEBD6B8A91A1B2D24A648305B7C331EB7417B38D50BFB7"
"10008eb0","src/functions/10008eb0.cpp","CAA8CE13E4B654CD8CBF3C7E9D7E17CEC814097F34F1108941BA779529E0A8DA"
"10008f10","src/functions/10008f10.cpp","1E1B62933F0AE2D5BD0C1B57256F34ABD2CECD8E6698B9F47C1F40051134F6C3"
"10008fa0","src/functions/10008fa0.cpp","A5802985ABE1B3E0278370D416385C91C94C67B76F7B94BF28DA325CBBD01881"
"10009060","src/functions/10009060.cpp","1E542BA097F73057F0F0DAD83733090A775C230380D5FD1F8491EB18FB4B03CA"
"10009120","src/functions/10009120.cpp","704D7B45251AF3315FF206E225CD10F90C40463E5CDF78135971DE5E9D2307C6"
"10009360","src/functions/10009360.cpp","12E8DDCD8EDA5861A0657AB4A311025FCF01EAC109B483F0AFE057D3F5AE9C14"
"10009430","src/functions/10009430.cpp","B77AC2541038FF361CD68C6E47B4547FE05579852335D37E90E8359895805CF6"
"100094d0","src/functions/100094d0.cpp","8D7B71AE91F64DDDAD79C49C163C8A604F44C75E16A5979979CCB6C2DB382828"
"10009580","src/functions/10009580.cpp","4F274C7754961FE45A1430CBD718E231DF67B0ABB276DAD40289062A96E88163"
"100095f0","src/functions/100095f0.cpp","500A79B615BEE3467E7360543FB59B1EBD5056EB19E0341C00E83FB81503CB66"
"10009610","src/functions/10009610.cpp","CE941DBE715991B76F24F48D9F61FC1DCB64B9C2C8D0E58C95A2E1EDBAF84C5D"
"100096e0","src/functions/100096e0.cpp","980B6DA73962E923585227081D3FB6A4F6A697D0B22C5A3FD902CE27864306B9"
"10009790","src/functions/10009790.cpp","BDBD8343AD9EFB80E8BAC5511156DE1B82DFE3631B1BF1B2290D4537E09920F6"
"100099e0","src/functions/100099e0.cpp","D7F2115AA230BA14FE5D496B8109CDC8B94E80EFD2782A286C07DC1A9234EDF3"
"100099f0","src/functions/100099f0.cpp","75918BA53D90DBEE56AD6C2C4BEB7739EC9923BAC084A64DBD2C81B774ADB0EB"
"10009a80","src/functions/10009a80.cpp","DF0810996A250825A51FC909336468167B67A74885128591E2AE29E8ED46988E"
"10009af0","src/functions/10009af0.cpp","B575798DBF163BF4D6495AFFF5B5CC8730118B2AB6A4C164D8620A8C73619FFB"
"10009b50","src/functions/10009b50.cpp","9BFB402864614A35B133939CEE0A11830FC24C24F401094481468C5B26C38AF4"
"10009bb0","src/functions/10009bb0.cpp","558B3C37D80462DEB0CB4D3E7526D1D0A0CAEA1DE9703AFAF81805D441EEF24F"
"10009c10","src/functions/10009c10.cpp","6A84450A59CFF1D87DC5D137CB905A44111F2E2D6C77E5F61DB00A776A585022"
"10009c70","src/functions/10009c70.cpp","4C3CA7A2F34F1601A073AE1BA9E2191B79E7307E9D77C8ED413A84239A753D24"
"10009cd0","src/functions/10009cd0.cpp","A23668483977EC2A7CE9DA8F128CC70794EE8FEF3D5B227F5E24E48033808DFC"
"10009d30","src/functions/10009d30.cpp","CA978F57FAEC600AC054FC898788990996B7BF8A71D767A46457EAA83048A041"
"10009d90","src/functions/10009d90.cpp","1F06DA450BD9207DD3CDE52C2BE87883521338F6D299F620CBC5471A735D17E2"
"10009df0","src/functions/10009df0.cpp","BFC0836EDD627DD777B2E4D51D548D40C2F783DCB70C542A904175944DD571F0"
"10009e50","src/functions/10009e50.cpp","C2079F1DAAAEC1DE0F5113BF2C8389A64A015826B0980C42CF0E6BE6690E0917"
"10009eb0","src/functions/10009eb0.cpp","97462DE05996779D4CDC85B5D1EAE1A1E5AA50BC88EF0D547681C2614D197E5A"
"10009f10","src/functions/10009f10.cpp","7998006E73F636D8997C8E11A7B30DD49A9D5C8F5914B9FBE57961644AD0180A"
"10009f70","src/functions/10009f70.cpp","CD359098566BF8169A23C7852575C9771D4BF87D6069ABF7FD67D86CCC87FD5A"
"10009fd0","src/functions/10009fd0.cpp","C57E183ED3B822763A2A439A1691C476DF12A694DC9E5EA7B1BF0A5976884C96"
"1000a030","src/functions/1000a030.cpp","03A552243D9AF502E1FF3A781985CE643B841D563DAA3DF4C38596C6891EA5A1"
"1000a090","src/functions/1000a090.cpp","021158F70D6893FF9069E8D974F3B6210F4CA4BE0B109169D872A967D77F1265"
"1000a110","src/functions/1000a110.cpp","3159149BD3A8D9A16034B12C7A9CA33FD4785C4CB9EF98E137C57E32C2B306A3"
"1000a170","src/functions/1000a170.cpp","4AEC25A9926419E7126EEBDF73FE382F1DA430FE8E14B6ABBEB9B61CB3D126FE"
"1000a1d0","src/functions/1000a1d0.cpp","E807D9EEDDDFECC99FCBCFFBDE61ACA5231CB0732BFF80F169A6E85B36EDD52B"
"1000a230","src/functions/1000a230.cpp","63F43C31A63D38FC2217D891ACBF59F832D7C528E92EDBF62FFCBE6755F5C0F1"
"1000a290","src/functions/1000a290.cpp","6DC629E179351CBB9F587E49A4E06F519AE0FA9C2A4201992378080F5F43954A"
"1000a2f0","src/functions/1000a2f0.cpp","6911335B5FEB1769D813F41A9E700A2B4B568E5C2943942026D03EA5223A7BED"
"1000a350","src/functions/1000a350.cpp","6CA038EB5F3E991E7B4AC4FBDFFE13EDFA01BC384F19F3B4FF00BA6B607615F5"
"1000a4f0","src/functions/1000a4f0.cpp","18D0831873179BAA9D95040B7EA492F17E5D7BD73F33CC7AFDC41F11AD53D193"
"1000a560","src/functions/1000a560.cpp","D8354F338116C7082595F89C12D71F3470E89E7CE5E5D1D3A9327496BF1E6455"
"1000a680","src/functions/1000a680.cpp","2302ED9AAF82864409E9795B52B4E79DF96BEF353B243318DD4FAA24E842F8D5"
"1000a740","src/functions/1000a740.cpp","EF2E83BA9BF3802789F4C0DA089B7631A13314BD1A728DDA7691EB2933C7A580"
"1000a800","src/functions/1000a800.cpp","6E1817B40CC2ADFFEB87065F9A2E9E9778A8437FFBDDD81E56979B01B9277136"
"1000a8c0","src/functions/1000a8c0.cpp","21B660CF904E2EEEC39D29CDEE51A4EDE1594D860335D67AE6D58CE1A0C27EFB"
"1000a940","src/functions/1000a940.cpp","17DA6039B516311F542BE6530D25FBFEBA45C1BCAF3B0F1CE28F5E481941B7A8"
"1000aa10","src/functions/1000aa10.cpp","49FCCE3CD336BC1DBB0A5AF6A16C716FD522E9ED5AA4876B1FDDAB7B1EA88CD6"
"1000aae0","src/functions/1000aae0.cpp","FDE62E2E0F7725426DD42678E662EE6E51BB403BC6DD421FBADD6DC30A4180FE"
"1000ab60","src/functions/1000ab60.cpp","919D061AA269A8C6E917E391C5F58D64B48B2F07479CF304E74F35BAFAC1AE9D"
"1000ac20","src/functions/1000ac20.cpp","02ADA127FE44F1035E9F80E575E3860F2E759883C3C76914871421855E6DEF65"
"1000aca0","src/functions/1000aca0.cpp","DBC8ED3646B7750FD866AADA1FEC1BB5423E0CC22B06A87320D3EBF771775FBB"
"1000ad60","src/functions/1000ad60.cpp","118F778CEF551AFCDABA65CFB51D6E133A350243B0A06C79FA063B982A082216"
"1000ade0","src/functions/1000ade0.cpp","AB67AA89FD108A70FC0BCAE64710161109ED29F69713E34BAFE245D4A9A66F69"
"1000aea0","src/functions/1000aea0.cpp","0BE721530164072CCC7822028075DDCA61FAE83B1CB45CEA8AF45D2DFE29833E"
"1000af20","src/functions/1000af20.cpp","A6606FFA8734F378AB06FD7F3745E63131D19C2D8B88CD200E11D7CED4A73DD3"
"1000afe0","src/functions/1000afe0.cpp","5DEFB302AC6722C1113766B51BCDB80EF86EAE20A87A99892D542920F4265CB8"
"1000b060","src/functions/1000b060.cpp","C00C09D3EF17F0ED544F2924187509DE9BD6B09A747DB777194D655C990A16AB"
"1000b120","src/functions/1000b120.cpp","C3ED6106DA4FC05A74569C96892E624EC3FB25C97D899267F8F87C3C5A892033"
"1000b1a0","src/functions/1000b1a0.cpp","C83F3E2D8CCF93F246D4DC54712F6F1BA677C04CB542394AB33DADCFA6F809C3"
"1000b260","src/functions/1000b260.cpp","6BB18C7BC3BCBE5548DB4B89F3A46B90AAD3F283D424A685D1C2401CD44903C5"
"1000b2e0","src/functions/1000b2e0.cpp","B865ED8FF178A06775EFBDBA454BD3BD4F90896AF9935F554C345E0EC09CE511"
"1000b3a0","src/functions/1000b3a0.cpp","30F378723F52882ABBAE6C43A5AF82B0F10D391534CBB654A87CED6CC9940AE9"
"1000b460","src/functions/1000b460.cpp","631294C247B352A1A5ECD7CABCD8645FE82FF8B9CAE1E8010FF91F902B6509CC"
"1000b4e0","src/functions/1000b4e0.cpp","DBBE1A48D055CF6C9056A14BAA76FF315CE96883911E37171B2DFC16D3250300"
"1000b5a0","src/functions/1000b5a0.cpp","77D65CC374EFA0929084BB97C8220F59C011DA24BA9DD1E516571F3EC8B6C31E"
"1000b620","src/functions/1000b620.cpp","B202626DFD87E7421B8D3F650715A08E33BF17D1CD5D66B9EE8918A703F1A01C"
"1000b6e0","src/functions/1000b6e0.cpp","8179F82AD4CDCCDDCCD83C7565AAFAF3CCB4DA14839C0429D05A2069FD7E8E7D"
"1000b760","src/functions/1000b760.cpp","952359A86324BBE15A6637A00DA836FB338CFF076B26F282D8F6D8564FB3195D"
"1000b820","src/functions/1000b820.cpp","EADB45C7E33E0F71B95DF1554DAED6C62EE3692C81753798C38E42E5C1373A9A"
"1000b8e0","src/functions/1000b8e0.cpp","53EBCA227DC757C8F8C7A9A10C2EFEAA660FEB4741841773FA06D5BD191DA435"
"1000b960","src/functions/1000b960.cpp","326386981B07ED402D87B858A94B5666778959C30AB802C7A41FE66482BB657D"
"1000ba20","src/functions/1000ba20.cpp","0A5FECB7A43D326C33E6E2320689FB010BC477E84F34D9843EA33E8BE1B148B1"
"1000bae0","src/functions/1000bae0.cpp","ACC10260A5935B4287960E4A01FF7019CA1B0A806ED6AD8805A778A6027B70BF"
"1000bb60","src/functions/1000bb60.cpp","C9A888F1E5B866EB4ED456ABF416DA83FA0B57C6F9692BE516EE8E6369FAB510"
"1000bbe0","src/functions/1000bbe0.cpp","058A59675CB592E1F13BBFC4F426478935418AEE0EF493E3DA666D16022ADDE9"
"1000bca0","src/functions/1000bca0.cpp","80C3EBF5D95BD7AE975411D1DCC701B9183E994FE5F79C75E8317D709E5E7AD1"
"1000bd20","src/functions/1000bd20.cpp","17F5FA331DC2EACFC42ABCD82FB568947307C573471FCAABD7DA047D77A9ADFE"
"1000bde0","src/functions/1000bde0.cpp","7783A262FD2012C260CACE5297597F36BAED2BF567DE1B19E0863A3800C7616E"
"1000be60","src/functions/1000be60.cpp","430C8D95EEA9817FD7BC9E9AB140E7B5F3B04A462EE591E1D3D7676B308A512F"
"1000bf20","src/functions/1000bf20.cpp","2016B89B9883FD1AF45968918C89A783A1435E7A3A720E4597D86E2114DDF344"
"1000bfa0","src/functions/1000bfa0.cpp","8CD8A1BD49FF9CEEB5A510DA8F74401D848EAE8E60DD7B7962B24EE9150E6378"
"1000c060","src/functions/1000c060.cpp","B339AA88602AEE1056ABE2E2AA7EBF8249A706F8EFC14AABFCB09EA13651739A"
"1000c0e0","src/functions/1000c0e0.cpp","167CD6F9FA4EE58E221C6B0EAA55DBD5A90D59D3B0E83E6BD8BF9A9343CEC07E"
"1000c1a0","src/functions/1000c1a0.cpp","5E997068583B9A4EE2054A91E330021E10F5E4E9407806682B36CA3CEA544BFD"
"1000c220","src/functions/1000c220.cpp","A3B33E4039FEC6135724C1E74083553EACFA73BFDCFD36FAF15475BE9E5ED3F6"
"1000c2e0","src/functions/1000c2e0.cpp","DD9A1BF4CF1247B93F9321101CCC83AB152AF741DF2C1BD33619FEAE361B4699"
"1000c360","src/functions/1000c360.cpp","37B07A7D598E721A6ABC967DEAB178CC9167F43C67B908500C5F5D820370ADB2"
"1000c420","src/functions/1000c420.cpp","D90B4D46B1A37B3D5FD76EA11DAAE8E96729B6EF9E93814232856CB2C2FEB580"
"1000c480","src/functions/1000c480.cpp","7CF6839BD2BB951664168C52AE1CED0DFBADC0CD4B8E41C7DF85E5C199B986F2"
"1000cdc0","src/functions/1000cdc0.cpp","396C9AA37A76B75E733F986B978D194DD79BA6E85772D282FB2B279D6F98B7F8"
"1000cf80","src/functions/1000cf80.cpp","BFF0A09ABFB9EF25108203A3B592098DBAADF72B917DE68B81493ACF05FD5E23"
"1000cfe0","src/functions/1000cfe0.cpp","6C672C8E87BB3CAC62274994B4EBCBAB3CD44A02D25D48D22D4EE35EF5D33C5A"
"1000d030","src/functions/1000d030.cpp","118F4CEB84C2E8DAF39819BD3F061EBA3D2572F1DF4C70520BE39B602C029BF0"
"1000d140","src/functions/1000d140.cpp","D8FFAE6A19E813D53B024F0BB18190B383CA1A23DEFBD7E576324F4D0A024D5A"
"1000d250","src/functions/1000d250.cpp","7C0374B15801A4280ADDD443F6167E66910A497EE54B42BEF76368CA441F75A8"
"1000d300","src/functions/1000d300.cpp","27478BBC26A601E079078A387860BFA619B74721BC9D8E1349936A5759A06E12"
"1000d380","src/functions/1000d380.cpp","CA15BB3636A7FF57FB0398443254C2457CB460911828FA505AC2C0EA99645700"
"1000d400","src/functions/1000d400.cpp","0F5675D9D341F7F2AA985531278A09E06A58B8F3EB24D4BB2594184CF4204E88"
"1000d460","src/functions/1000d460.cpp","BA9477B685E7EC514C496D6C81AD9F1D657DF7A9047E4F9748D42D39533BA3B3"
"1000d4c0","src/functions/1000d4c0.cpp","1B7B2A70028C734EE2DAAABEEDA5CC3E7DEAAAC25F80EB97F28360B53C99F1ED"
"1000d520","src/functions/1000d520.cpp","5853E7B5AB7CFBBAC9CD50783EC2BE2A03C96D2480FC440AA77009ADF4F65648"
"1000d580","src/functions/1000d580.cpp","66E7F29228410C4F6325FCE5ADDFB1F4241DF2D07A1879DA8012F92A03DB98C1"
"1000d5e0","src/functions/1000d5e0.cpp","4AEC2DBCD0281BBCD945301D28EC9213191E487B3795B9BC322B6AEA776A6CE5"
"1000d640","src/functions/1000d640.cpp","AC57095ED91FD9DC0F8273078FBB2AFB2FAF8CCFEA7969640D294512F9B71CDB"
"1000d6a0","src/functions/1000d6a0.cpp","1FA679AE2D90CF5E54D846BEFB92E08CDB2FC6C4B41A48E8A95F0B469D8FB598"
"1000d700","src/functions/1000d700.cpp","5227C37AD2CF7631652EA7AEB88BCBB8139F4A587D8A5C7912B8263F2BAFA32A"
"1000d760","src/functions/1000d760.cpp","58E324B3C4E34C6ED9E9A55BD5F7235D814DCB24A2CC27DB097C792F2AD9F14D"
"1000d7c0","src/functions/1000d7c0.cpp","80CF40CFD72D6E28185A31819ABF8D06A8F944594859DBDB8E9DBFEC788BBC5F"
"1000d820","src/functions/1000d820.cpp","C49444F6242DB9B88C9F80400BBCFF5A1F3EF0AAD989DCA76FA4A9A01AA530E2"
"1000d880","src/functions/1000d880.cpp","71E2D952B3B294E10E0392A9B3AC70202520E106B5E5195FC25CABF7639F0F2F"
"1000d8e0","src/functions/1000d8e0.cpp","31BDFA8C9D968F2CDAE137AE31C1512DE9C437F3AE17695345AEAFEC46899CD4"
"1000d940","src/functions/1000d940.cpp","9081AA067B6BD989263B469CB34B866CAB490C2828EC99231B197D278410F44C"
"1000d9a0","src/functions/1000d9a0.cpp","ED2B0442ABC58DCF9C705257F897B9F5A693179B513CCE8EF5DB9089184FDC3D"
"1000da00","src/functions/1000da00.cpp","9FB4740DC7F7DBF1381D1B032A870E3B0E95FB40ACA3E8B0AD197F44B6006DA0"
"1000da60","src/functions/1000da60.cpp","DF720C2EB986048A832F29329B7BAF3B69B2C4864CEC751E90FCD600347E60B0"
"1000dac0","src/functions/1000dac0.cpp","36A20D43B3F44569DEB21D0E9609476AE57289698B2EAEF6C46EB0ED48B5C2C2"
"1000db20","src/functions/1000db20.cpp","D33ED5B227DB83A5B815CE226E7887D574EAC1AF5B7B365FC010BED436915A97"
"1000db80","src/functions/1000db80.cpp","260CE7AF2BBB954E85283D4B157E80C898A5CC48A99742B2F7FD76AAA9E9424D"
"1000dbe0","src/functions/1000dbe0.cpp","4755517FEBA3D4BBC766C2494A5484AEB775EA2BE8EB1F5D3778718AA182117F"
"1000dc40","src/functions/1000dc40.cpp","3BFF785A27D94D3AE6458EB41FCF119D7BCB873CA5DD6FE0E6BBC4B5EB4D9BF8"
"1000dca0","src/functions/1000dca0.cpp","D392B8EC92A58C586E1E122D58E850FB602A0C1BA5D1A559D4810EFC9452A540"
"1000dd00","src/functions/1000dd00.cpp","A0421AF78882873067B49536CC3DB7C9080EA5D3429CBAEA77CBE0DD6296F2CE"
"1000dd60","src/functions/1000dd60.cpp","9E2FCF874E9391078037FED491DBA70A10ECF508FC9793CFEF08503EEB0E308D"
"1000ddc0","src/functions/1000ddc0.cpp","B707C98DCFA2A5E852704E6540FB91A7150209466F7DD63E22E51A5A9B366D65"
"1000de20","src/functions/1000de20.cpp","0A981FB569E89827F9AFB4D65C608AE2BAE974A9D9C1DA5474F1A532C813037F"
"1000de80","src/functions/1000de80.cpp","5595AC129C58721A5E7AC5916FA3DB680F75BDAA2D3AA4AD62C4A8C4B44EB07A"
"1000dee0","src/functions/1000dee0.cpp","0DA852319F24F3585EB71F63F028E048C6054366E44FF853AC5378E32B217A22"
"1000df40","src/functions/1000df40.cpp","21EA7F186EC1080042ACA74E3B998F22B150B6452622E9D9E06FEF8227569C64"
"1000dfa0","src/functions/1000dfa0.cpp","16AC7D2EF1A32A73FE5692E03587B7CE24A1C7EDA5CA253CEAD8E9E143BC5554"
"1000e000","src/functions/1000e000.cpp","4E2B84F9844BF0481BE068D153EB3C40AF48944815EF4E1C932B9F23B77B01B2"
"1000e060","src/functions/1000e060.cpp","D08F05889CBAC117DC8C988C13BDD2386A2BE8FEE724C39406E33BCFD2548079"
"1000e0c0","src/functions/1000e0c0.cpp","A7B804F2E0B39D68FEA59F4ABC1CC94249AB623574C861C5B7E1347096EF00E3"
"1000e120","src/functions/1000e120.cpp","929B8AEE4B8C7604871EC6555C5F7D364417022E4CABEBE0C4EE3E0107961C04"
"1000e180","src/functions/1000e180.cpp","F60D619CBD47E3358844EC0A8B270A8920CA8045780A99ADF1FF7FEE2FAE27B3"
"1000e1e0","src/functions/1000e1e0.cpp","AE4B6B235EB7D5E67FA6473E2A9D741BD6527194383CF5216DE52F39326E84EB"
"1000e240","src/functions/1000e240.cpp","63EF625EBAADD0DD227AE7078C2DB926CF3E16E3888A125EB03E453DCBAA38D8"
"1000e2a0","src/functions/1000e2a0.cpp","852BBE12A9269F0D1ACB025B5AEAC8BABA96E6218198EF3FC330A505F75C29F2"
"1000e300","src/functions/1000e300.cpp","E43CB2F12A26588E0374206E454D4DABAA73004562601D2106B90D4E19E19792"
"1000e360","src/functions/1000e360.cpp","F7DF3E55D33DF2BC4DBEA06F34FAD20D6820BF64533579122522DEE5F9B0C702"
"1000e3c0","src/functions/1000e3c0.cpp","54BC9CE300A74992041ACB926D3AA8A6DB2D791A6A4A5D0FD09364D8CCE0C693"
"1000e420","src/functions/1000e420.cpp","FE0A140A30B00E98FAE7E6C3B38F01F512970D5DB72A14A240DD6AAA1CA84179"
"1000e480","src/functions/1000e480.cpp","E8AEBC470CBDDBDC11C6B43CDEF365995B3292713C441611BAA38C0725654B6C"
"1000e4e0","src/functions/1000e4e0.cpp","5B2A477D022E3D84BCEF4FE25D6C3DF2C15F94727F5D535236D3C47139AD3874"
"1000e540","src/functions/1000e540.cpp","B9B42812A583A29045FA85178F2BC5A96260232ADEC1DC837B967D17FB7BA6A1"
"1000e5a0","src/functions/1000e5a0.cpp","1F28F91C706766884BBB7927A928FBE411DAE41C280C09B558DCE295ABAAD990"
"1000e600","src/functions/1000e600.cpp","9E335E8DAFC878B2FFE087B5D91192E96E2E19404DB0469957C484C6AC69FCA8"
"1000e660","src/functions/1000e660.cpp","2217A0CF111C6C05B9604C7C9A5A73C70B3F5BB65A09E6D535519D18B5AA157F"
"1000e6c0","src/functions/1000e6c0.cpp","AEC4B6D733C2466CD43D41FE3B4F93F5D4A9CFE78625612A5A834821083CD67F"
"1000e720","src/functions/1000e720.cpp","2DBFD48772BDA63AF9324AE67A4C7DBFE905976B738BDAA2667FF97B04BF086E"
"1000e780","src/functions/1000e780.cpp","53CC8A999A6AD6092313748DDC7159B51F0CC34BB6515F4FAEA394E153B867E1"
"1000e7e0","src/functions/1000e7e0.cpp","F07A8B711D9894A80BDBA1627C8C7847F1C7D488A586C473A595DA713BE9E192"
"1000e840","src/functions/1000e840.cpp","E6B8CC2C6F2B8E27B7C4C417FA5826CCD04C5A572352CD0E6CD63AA26ECBE3BA"
"1000e8a0","src/functions/1000e8a0.cpp","3CF75DE80204982B1A1804C44B17BAAC24A839C68E01DA99000522269107E84D"
"1000e900","src/functions/1000e900.cpp","90B0673A8B494EC6412FF6F5C8B2C6454A63E2058FB3C97BBA68C88F9711962C"
"1000e960","src/functions/1000e960.cpp","C297D4B58A1B381BAD78A1C1D82DE466A28963A700FDDAAE4C05E7BBBF5F3E52"
"1000e9c0","src/functions/1000e9c0.cpp","61C7A083E82CD7307B1631BC4D351C278D28440958A6C94A3451863943319E0A"
"1000ea20","src/functions/1000ea20.cpp","0FE5365AD73DB26E6F718E08FEEE7DCC92BAEDFC3D48E07636E328E3835CA04B"
"1000ea80","src/functions/1000ea80.cpp","BF991137B7CE85FD7659D4E7D2E037DC3FB49A490E682C95B80045FC65E4329F"
"1000eae0","src/functions/1000eae0.cpp","78E3D27DE3B746F4ED46BB1A359DD1554ACA975E84EFC597A8AEB203CDDBB6BF"
"1000eb40","src/functions/1000eb40.cpp","B646298FD25ED7B85C1A6A245D43F86F06A51ECCE40D492A58AA4A9E6E2E0AD2"
"1000eba0","src/functions/1000eba0.cpp","01BB2ED29131748C969DCF443F7C341DCB0FD1F989883BE5162645D7EC0F7BC6"
"1000ec00","src/functions/1000ec00.cpp","6FD5438D1D013A62E7150EF5797C8B095DE9E07F88DD398BA3A0E8E9CE40EB40"
"1000ec60","src/functions/1000ec60.cpp","16BF237F061852C29F11AB8E535E486BDBA674775BEDC0A9A36503A792819C13"
"1000ecc0","src/functions/1000ecc0.cpp","B039D1C59DE807B3413568076FA7480089E17E42F17570D31F360FFAC16C4DC6"
"1000ed20","src/functions/1000ed20.cpp","33DA314B6D55C433F18C8CF3F9513EED6A4E8629065310CF17BEE67D6717C41E"
"1000ed80","src/functions/1000ed80.cpp","D5B5E3523B2B7B31A888D4BBA5A45CE38C8CA113105C63D42C0799DD5726F04E"
"1000ede0","src/functions/1000ede0.cpp","1AD7A89E97B1ACDDDECBEA9D809D7482748F9290A8446809D13C90501C0D00B9"
"1000ee40","src/functions/1000ee40.cpp","39BDA1147D46BB53876027CCB2E7761DD71CA359D5EAE1A4FC2CDF86D6BA1C63"
"1000eea0","src/functions/1000eea0.cpp","BC07B2BB400DFEB7EF36AC21AFFC285B8C745380057283B2FBF07E26686B53B4"
"1000ef00","src/functions/1000ef00.cpp","EDD5F3F0EFAC4E16B3C71B88BC1B67997FF35ED981A84EB5848A4835DB1A7E6E"
"1000ef60","src/functions/1000ef60.cpp","5DA121875BEB4218E28D69902D6BA3D9A734B66AC187125E80D928D21C0BA39D"
"1000efc0","src/functions/1000efc0.cpp","A7C18915AD01198E23D0F9643D192798A39F9F4707D7D93A67E27B7317116406"
"1000f020","src/functions/1000f020.cpp","60DB74E89C46AA97376DC851B3454176253B60A779205D5AE9EA6046B5F80480"
"1000f080","src/functions/1000f080.cpp","79E1C7E2D3C64582682E03F71961BA5883FA9EDF4D54C78F19515C3A470220D1"
"1000f0e0","src/functions/1000f0e0.cpp","4EC8A898B0080B9FE49E0C21DC4FE7CA0407F112FA8559DDE6979824B6DE8B0D"
"1000f140","src/functions/1000f140.cpp","6D87BFEA4BE6A1D8AC9508A11D3B86679F53C3BE5800BF94587393298E4CA520"
"1000f1a0","src/functions/1000f1a0.cpp","7D0FAEF61EBF401252830FC8F6FB1B14F95E56FC9D3913130657B3A140B59BD6"
"1000f200","src/functions/1000f200.cpp","BC21E63F1FB3E68FCA4ACDA5240434C2BA669852F790ED57E5038D2134CA2754"
"1000f260","src/functions/1000f260.cpp","17C37DC19494379292A8B49E7488FDBD88F8F1ED5F3A0DA09A423CAE1DEBC0EF"
"1000f2c0","src/functions/1000f2c0.cpp","94DE24F21AA4D7104E8084921DCBDB5B4D1E8B043A22A13143F90F7EBB87CB1D"
"1000f320","src/functions/1000f320.cpp","B89C5610B4AE99F499A86A73C1D5A4D062E9E2A56D9ED8CA73D7C380C17AACE4"
"1000f380","src/functions/1000f380.cpp","21F7888588F75D0A7DC10BE220A0566FAB51B15DEF3112ED1CBF356337229457"
"1000f3e0","src/functions/1000f3e0.cpp","467E9ABB7ADB34A5DB27857ECB6DB4BD88D53B607403F130C99389889183F105"
"1000f440","src/functions/1000f440.cpp","898719EC6CCB48E4262B10CC09FF36AF5F5DC6238316F761C0CAE5AC6F9ED20D"
"1000f4a0","src/functions/1000f4a0.cpp","42CA7E9498831075C65D9A86E02F86FCF464DA1E1706555AE3E4785EF9E055A2"
"1000f520","src/functions/1000f520.cpp","B16E630627C4BDE0809EE28893C1B1D73FE24FE78930B7F26F372C05609F1F9B"
"1000f5a0","src/functions/1000f5a0.cpp","57941B7B1B79A4DD483CD7B6F3FC2B57A2750AEBE397512FBB7286CF4455F515"
"1000f620","src/functions/1000f620.cpp","65E1BC22F36D29FE609D0E28FE5E1EFE794E6E848877D6B2CAFC7CFBE7FCD644"
"1000f6a0","src/functions/1000f6a0.cpp","23FC3607EF0832CD449107121572D0F85EAAC249A8C8ADD48BF280BBD51B9FF1"
"1000f720","src/functions/1000f720.cpp","ACF98BC44818AE579AC8DC73030A0402ECD027178CCEBA5839CE0D40B2DE6FFA"
"1000f7a0","src/functions/1000f7a0.cpp","6853C5886A4D5132133938BA825681F833E9D6D3725F55A4300084818E751D68"
"1000f820","src/functions/1000f820.cpp","8B47975821A1AA7725DEA96813D931C4470AF72CE6333B86EA53F371C91063F9"
"1000f8a0","src/functions/1000f8a0.cpp","5BBA73E1BF595379249B445EA9CCCC5050096001D19B5B9CB7167551850AB50A"
"1000f920","src/functions/1000f920.cpp","45B634ED72E470FE913ECB270BB216C61D90CF45CBFF3B0783D919D6528BF1D4"
"1000f9a0","src/functions/1000f9a0.cpp","E50EEA2C3C8E44F996F2716F884F05DCD07CC5434DF6D86DD075638E1C8079BB"
"1000fa20","src/functions/1000fa20.cpp","81002B1CC90998E3AF8CFDB9AC06C5EF65A56C4D8A2A1C14F558DAFE89393A0C"
"1000faa0","src/functions/1000faa0.cpp","9034695442DBA098C1DEE7AE6CBDC27D8DE9F3547384FA47D4A3B351F48365F0"
"1000fb20","src/functions/1000fb20.cpp","B363F0F1F55B1BEBD1EDFC661D78A016BF8B2195C9542FE9A5738B256044253E"
"1000fba0","src/functions/1000fba0.cpp","326A2853FB58DD2C285E1E327C95FEA05DD0E201DCEB191F33C596BFF8DA1B00"
"1000fc20","src/functions/1000fc20.cpp","6362F0EAC1AAB56994762A3107A4CABEB415D554B26E662DA01B4D3EA24AB845"
"1000fca0","src/functions/1000fca0.cpp","E4E8D3EC05C727681C4B6F54430678C69D4E9261ACE547EB4FC46EFEADEF76B3"
"1000fd20","src/functions/1000fd20.cpp","E85555FE4B9AD1A9DF652BE03C49508725DF2FFA1B8B8E27CF7F514A72294B5C"
"1000fda0","src/functions/1000fda0.cpp","C2A03FE1BAD79E3A40940C7C89C7CCA573FAB7FE344C31DCEEE75B6FD5F115A3"
"1000fe20","src/functions/1000fe20.cpp","C441AA26A4840ADB27F7A729F9A0085ED6A2CA313B0AB862C0400B444514018A"
"1000fea0","src/functions/1000fea0.cpp","47F4B4F85E9ABC6A45F353FF12A3BA693EB91A252B5D7D422389D52AD76C6080"
"1000ff20","src/functions/1000ff20.cpp","805BB1C57DA07B20528F8A78B9FF33AF384B1F7352D6520B0B190FC6255D3C15"
"1000ffa0","src/functions/1000ffa0.cpp","7C1689636A669ADB4079295FFB7A269A764BB2DCA34D64284EA2755AE1203D12"
"10010020","src/functions/10010020.cpp","78514E9A456F530C9FAA1838CC0A5430E3500652D3144943ACAAB20752F21F95"
"100100a0","src/functions/100100a0.cpp","DEF80F2B3AEF8052DAFE61DF235CBA92CBDB59A2506C1946CA30F60E6FFB38DD"
"10010120","src/functions/10010120.cpp","90ACEF6C1A7F23C434A8704E8DA1FC912C5958122D53C48AB6794B94A3B0B17C"
"10010140","src/functions/10010140.cpp","C4B3FD41F550EE717FB466E6D5551D7F03071E71B624C55CAC53F121573B2327"
"10010170","src/functions/10010170.cpp","F0D27844F2323E2C273CA7AB691C2B41C96DA6ED635AFFF752CF9025779B2335"
"10010180","src/functions/10010180.cpp","21FF2CD4B0D0DCDF0FC4FD61CF48B37FECA41876226425ED36DBCE15284F8DCB"
"100101a5","src/functions/100101a5.cpp","E5114EF811CC62A486A017B2710859EF5BBD272A92B4CB044A24D38FBBCF4DFE"
"100101c2","src/functions/100101c2.cpp","A780069AB82C2FE22D922A96D092B7103857A6941FA4A7ACBB8292CB0C2B4F18"
"100101f2","src/functions/100101f2.cpp","FE748DAA4A28481A2D17C8AB3CFBC66BBF86CBDFCEA7B5F89A1AAD406B78B085"
"1001020f","src/functions/1001020f.cpp","2C43B252C5814BECB50595F9B24E6E64207FBD869DA951090BFC2833FBFC486E"
"10010230","src/functions/10010230.cpp","00AAA3C43EC94B296FCFD6EF89C6A8061F489A5944E6C77A01BDF7CD1B3B0E7C"
"1001023b","src/functions/1001023b.cpp","7387FB23EB1ED03873BBD680130A39F0D1535C46012AEEC64D22DAF5FF591C06"
"10010258","src/functions/10010258.cpp","F768D8E1EA8D08B3B898666ACFD2C6A8908CBC298909A81D346B297AFE1E400E"
"10010265","src/functions/10010265.cpp","92877F46AA3EE0293E3287D9EB9910F24D473C7975B8FF8CF4B20F82E54C25A0"
"100102a5","src/functions/100102a5.cpp","B27BF97217116F3C54CE0406857B6B040C54D59FDE54BBF8C1CAEC6485375844"
"100102c3","src/functions/100102c3.cpp","331D2AD94926A06A16F53F5191D109837C0F1516F5ADDC6AF65F18052133BD40"
"100102ea","src/functions/100102ea.cpp","36956D5A25FFC5353B8D5AF7553DED7EDDF05C5CA53917BDFACEE68F6B41EFF2"
"1001031f","src/functions/1001031f.cpp","D85702D6076145EDB60BA6B8F8A71C4A60FE725D65AC4594D3A5C6BCB779C809"
"1001032a","src/functions/1001032a.cpp","3C400BE1FD1899A49346D10CF75516E00434BEDCF36253C029B86BA49EA00A69"
"10010351","src/functions/10010351.cpp","6748144AC60EB037957F63A0E1D9B778EDB01CE6623CC2D0DB77C7E4BE4C6F98"
"10010376","src/functions/10010376.cpp","671231B05921A5C75443420E35D090EE95FCFBC479B5E75B5FE3E76FA0DDBB50"
"100103e4","src/functions/100103e4.cpp","B50B065DDB2DAA82E95C831E57856920FBBDF96B0F6DA5987CF3D6052FBBAC21"
"10010406","src/functions/10010406.cpp","B657A11F827D5597156D46C6FBE73C87633B6A3058B930AEB1DB6645BDF2FEEE"
"100104ed","src/functions/100104ed.cpp","22D5BECC23E07F2F0109E09E538AC4BD9133D0DAD7A70CCAACB9B91C02EEAD5A"
"10010523","src/functions/10010523.cpp","A4C7627BE8CD8B418CFC718CE39F28AA0AA056997CDFE09042EB0D865DDE0F1C"
"10010529","src/functions/10010529.cpp","1369AAF24CDDC5091984EE406FAED251F8B87C392BF12581DA43F75827AE0470"
"10010540","src/functions/10010540.cpp","B730F9E17454E2847D55216F02C9BB7E46F8B997D08C4915877D9B17EAF39277"
"10010670","src/functions/10010670.cpp","4D317FFBFA6B81A3A0A0418FA14ED7FEDF252C0E1490E82000B5146F4CEA1788"
"10010678","src/functions/10010678.cpp","BEC9440DA435AEC1EE780161FB778B7C12BDC025211F829E6709A88516B0F6A4"
"1001072a","src/functions/1001072a.cpp","993D1F2015223BBE5C8D1B6371441B0E9239B6AD3AE71F8E84BDDCCF6706EC8A"
"10010734","src/functions/10010734.cpp","4E49650FECD7789E4704153D9A0B4DE5777F51EE5C65722266CD7C6F875E4B67"
"1001074b","src/functions/1001074b.cpp","EA32A29C2DA994B52A556DA59308C86E0CD370C99B0B365FB34D8776622E0AB7"
"10010756","src/functions/10010756.cpp","9F69DF1F09626371A3487F208224F25A7991308C8D43F078759A42E48E4DC728"
"10010761","src/functions/10010761.cpp","88A0C742DCB1E8916EBE2754E1DCB4FD8D4D757BE04F247B9AC78F6721D83DC4"
"10010771","src/functions/10010771.cpp","28C8025D4D3D9727A4F332FE1FC3B7A4163E03604711921328C5DFDB92A49383"
"10010792","src/functions/10010792.cpp","53C2048512C620D433094FC2AA61A3FBA10592F09FFF1E3C2151C05D5037F89A"
"100107b2","src/functions/100107b2.cpp","60D7B2240FBAF1EE490B572A8F28260660FCF6339601EB4B8335F37B623BBBA2"
"1001081f","src/functions/1001081f.cpp","BC0007745555FC82B35B4AC8FE0E615B35089C5FF3D3AC7FF5827F621C5F5719"
"1001088b","src/functions/1001088b.cpp","71A9A18EA18F3C4DB7FF5EEFC28BFB53F0EB65D077C7BF7A9D36FD5447D206E2"
"10010893","src/functions/10010893.cpp","3A6050E3A9C237C537462F0F9931E1E06F05BC93ECFF648C90909922DE316E58"
"10010913","src/functions/10010913.cpp","72071D8F144F2564B55FF3CE8A7F132ADDAB10B226974F8F881A5601D4A518D7"
"10010a11","src/functions/10010a11.cpp","C9EAD135A942B0B91B9FC64E95C8EB59850EC7F20F0A704266CF485AC1AE8A24"
"10010a19","src/functions/10010a19.cpp","50A01474BEE3054351E67AE12238F8D489FD902320D04CCA1294F1048CD47035"
"10010a80","src/functions/10010a80.cpp","76D1109DCB8D8837CD17970C16D8DF40F3BBA319AE9DA758407BCD7413264E5E"
"10010aad","src/functions/10010aad.cpp","4545F21ED95138E18247261EEA8BC21B6ECB9C1D4DEECC8CD70E216E1086F16E"
"10010b1a","src/functions/10010b1a.cpp","BE51C9D295622BE17C107C555A1EC78CB08755FB7D2A7B2DAC974C444AA08842"
"10010ba1","src/functions/10010ba1.cpp","74713CEF2244299CE7B5DD8AAAF2DAFEE01641E9702A3E9390C7C9BF4B5E7EFC"
"10010c83","src/functions/10010c83.cpp","770F2217185CF49D4E24DF2C8A8565B4E3E0B982A9C50AC6D598E0EDEFDE7D7F"
"10010cd6","src/functions/10010cd6.cpp","12FCDA13F4693B9A83C563CBBE79484C4E1DD420ED091A0167C5F17197E0EAB1"
"10010d8b","src/functions/10010d8b.cpp","B4F3C3C656BD740AC42D7CB9EFAC2FA9DFA0443DF9863110BAF0182C3CA102F5"
"10010e4b","src/functions/10010e4b.cpp","7CCF5DAEA26065FD9D2F338F8A230CB710DBD78A31AE902A04D79CDD3800FC53"
"10010ed0","src/functions/10010ed0.cpp","3477A9EBB038478F7020F6530CD418D053C5C178715FFADB47B488AD7FD225DC"
"10010f59","src/functions/10010f59.cpp","30E3B6772962B672E648BEB3EA97449048297D208164A11AED13E4D2666CAD0F"
"10011032","src/functions/10011032.cpp","755C34C10BF971585374D3AE0CCF3C73FDA55F22B05B338183A2DE4FCC8A7B20"
"100110bd","src/functions/100110bd.cpp","487AE2048A17A9A319464F8E5EBA2E3E5D921E122724432C0DFE10804D4ECE20"
"100111b3","src/functions/100111b3.cpp","584C1DA75E8868514939C978801E0E4A80BF5CF55EC4B0661CBB52AF1B53DF65"
"100111e0","src/functions/100111e0.cpp","D8A72FCAC70D4000DB02292F7A7D0425A9E2537473F4AD9281D80579456C9EA6"
"10011541","src/functions/10011541.cpp","9B25961318D36EE42DA5FA14BFF1EC519F404786F1B5A1B82A02BD5977459456"
"1001156b","src/functions/1001156b.cpp","73B60FD98A219AE90A6D39F0466FB7F021FB04FCDC8084725FB6A369AB54FD48"
"100115b7","src/functions/100115b7.cpp","728DB65228ED8766977FD5FF7132274B4CE7971DCD288B91D1E7ADBDB275B3A6"
"10011650","src/functions/10011650.cpp","75B744093D841FB7FAE319765E2A23E6E91F59CBF755CCF67D18AE16872F05A0"
"100116db","src/functions/100116db.cpp","CC4DFAEBE4609AE0818E319E0AA1846DC007908CAAE5E01BC843AFDDD4743DE4"
"10011715","src/functions/10011715.cpp","765B923CC5BB7EA28879D8E07A7F77CF7ECF8DF0BEFC39587CFFE8FFDEDD53CF"
"10011724","src/functions/10011724.cpp","8C134D697AEE4B5FFAC62B0709D556A526BBDC000A000E659D5D0E36897F6F32"
"1001184d","src/functions/1001184d.cpp","EE52DA7E1AC680D52CFC5108B680D0D67020FD06A2661CB35785F6835AA51A01"
"10011872","src/functions/10011872.cpp","5D52E830CDE9BFF458E8F34D1B900BF08DE7461EB1DF77B1166EB979DE727489"
"1001189f","src/functions/1001189f.cpp","163F7C5D02E1B3E29157F47AD0C490356658A24B5E1109D6917F02B72662826D"
"100118af","src/functions/100118af.cpp","052668ECB744C99B76A6A9091E4072063EA0BBC712E71BD455CF59B407577E50"
"100118f1","src/functions/100118f1.cpp","48E577961B5C9B5A2DC6632A0CF5933AE8F14D2580C034352C7AC06CB9E0828C"
"10011904","src/functions/10011904.cpp","0E88C6062020C3B59760EDFD9CD7E80C7091560C9CB0E6CC03CAFC92391BCCE7"
"10011917","src/functions/10011917.cpp","CE7CBF70808FCDAD59439A39830BB628999078BD65A1F5353D9CCF4779193F64"
"1001193a","src/functions/1001193a.cpp","354FFE1182F50C4B34C48E8CC5B00A99B8377CFF43A25058031314AC445AABB1"
"10011991","src/functions/10011991.cpp","C3D3FB2BFCBDAECB6C170C2F737DE28F6519BE212AC09D194D12A073C88F7C09"
"100119b1","src/functions/100119b1.cpp","65173C642B3AF955AB90B695C58091B2EDFEE5A25B73EDA06991CC55218858D2"
"100119c7","src/functions/100119c7.cpp","6D74D1D4262ECB4E042D83193AC8E308889C70647B28596F960544ECF975DB3E"
"100119f1","src/functions/100119f1.cpp","B6E75C7A2F7D283BADA31044FE700362E48698D0A9B1CE9FE8E4DD3931A5829F"
"100129f5","src/functions/100129f5.cpp","4D89904B4C06E8D5001ACA4891CCA4D8616A5ACEC6834FBE501D7E0796CAD470"
"10012a3a","src/functions/10012a3a.cpp","6FD1C712AECD666FC65EEF83817C906B03F2995FB821CDC605DF07BA68111190"
"10012a86","src/functions/10012a86.cpp","878B038E4FB3BE52FD6924E0DF4F451FBEA5682B4D7228AEDF715A04139804C9"
"10012ad4","src/functions/10012ad4.cpp","E519F69A82C8D6F2C86A0A274B6300A5307F5EB8DAFFCE4CB3ECE3FB0AB9E37E"
"10012b26","src/functions/10012b26.cpp","102E8AAEB9EDED4A5342AC1AB4C41FCD9116C9960047E85E0FBEBD9A498E963E"
"10012b59","src/functions/10012b59.cpp","6462AC97FA72EDAD8D979FE8B836952D8691E0A80BC95FF9ECBC2D9923EB70E2"
"10012b84","src/functions/10012b84.cpp","CF02BD6F0B8397741BC2C7B129C2F81CADEC865B491BCEA3243562E84631AC8F"
"10012b9c","src/functions/10012b9c.cpp","B25CC87E2257A2975AC53CED7F3F8C1FF124D239BC64D7715F66020F981FF88F"
"10012ba5","src/functions/10012ba5.cpp","1AED71DB927BBCB62C9094A64A90FC7A17E5B28EE5BCDEAE452930C8DF4A0441"
"10012bae","src/functions/10012bae.cpp","412CD2F06486BC9FE95788E4D3E8B6518BBBC9716370619BB4F6B3DAEA693EB4"
"10012be1","src/functions/10012be1.cpp","B4DB8AB5805B9A9141530A142C6FEDEE5705D81317E528FD9E25A7DFA4D59E24"
"10012c05","src/functions/10012c05.cpp","11A4230BEFF292732975F3ECDFB380BE99CC68DA7B70D56B08114E33CB7B766D"
"10012c9c","src/functions/10012c9c.cpp","D9ECC7BD6111B7503C432FC5898FF6787FA8D7CCA419F211BC0A189E0294961C"
"10012dc7","src/functions/10012dc7.cpp","AB94CFA48FE9E4BD185FAE2FEA086BCD4AF5DA2B4CB8CD255B3A611F9D202B79"
"10012ddc","src/functions/10012ddc.cpp","75C0555B209FDB938E12129C024A541900F766526B865D89087581E5B60522C3"
"10012df2","src/functions/10012df2.cpp","6ADB0A616407F8F1E1FCAA48BD28C1F1260FE005617C102CC8EBAA947EAB67C9"
"10012e01","src/functions/10012e01.cpp","65CE2D3FDA73B45F4E5F24C1334055B73EDD7BB738966A5F8296A0CFEC3E2DF2"
"10012e20","src/functions/10012e20.cpp","ABAAB444C3BE10A4DC57EECA550815B01C545B1218A7DE5C86FC57F70D132D44"
"10012e65","src/functions/10012e65.cpp","23B1A80EE54663DB61A69D3F7A84DE486251DC25DA9DA872AA3C5CD35820EE1D"
"10012e90","src/functions/10012e90.cpp","27400B03CE924797F7284ED77C52CF23DD76F8F16289A6D680FC91D6034D37B0"
"1001301f","src/functions/1001301f.cpp","8AFF291DDAACE82D229101299CC1F3B3DA27D971872C0E0132C4E67EFE73C00D"
"100130f6","src/functions/100130f6.cpp","1A99870E67F10692BD3E9AFEFD03543E30F68B5CC8DE364D488536FD4348199A"
"10013137","src/functions/10013137.cpp","2AE04D5B339A11E664311D76DEC24E45F27DD4FD8E8EE6C97611151AF182BFA4"
"10013169","src/functions/10013169.cpp","9D9667A45825807A3B3A78E6DFB2A2FBCC1A4949A7EA677756872FB0D9188B90"
"100131a5","src/functions/100131a5.cpp","99A74D821AE247C8240ED9CEC352CFD0A6C71C08ACD2054E5CFCE2FEA60A4B68"
"100131d4","src/functions/100131d4.cpp","5E22AAC49BD7F3DEA5D2577FED40FF60171400A7F11485FB588EF0E36C951FCB"
"100132f6","src/functions/100132f6.cpp","F196525BC414BA45F8743F8C80AE2D735C1D2A9E7E42C3FA0892252A46C236FB"
"1001353b","src/functions/1001353b.cpp","3FAD28DB9C67B01A205596A5C22E33624BE5884F3CE41E4C5E2AB3FF478E9E23"
"1001358e","src/functions/1001358e.cpp","B98D2A56FAB315D562481F6FB989EECA6B0E2A96417A9717375B2AB78DFD741C"
"100135b4","src/functions/100135b4.cpp","9BF8C666D69BB48FDCAEA8F20BAEEDD1C7093EE288C52EF31D710636EB2D5E8F"
"1001384b","src/functions/1001384b.cpp","5E64370D3FDC6907E0951504EEB693CA01B493AD9B0AFBBAAD6417086B88069F"
"10013975","src/functions/10013975.cpp","22308E797CC5CE9812E24B8F30246031430A0F566095528E6EBC65072E02A54E"
"10013980","src/functions/10013980.cpp","B1077B64418880E9BB964C29F5DF3C4747E3A8AC0C1DABA87155E4FB68C142FA"
"10013a56","src/functions/10013a56.cpp","CBC7E73333761FD35479DC5389E64615A7DBE47E59E409F054AA6EED3A6EC107"
"10013a72","src/functions/10013a72.cpp","96D7C9BEE84F9931895CF92C37315B2677F9A59391616D46075536BB6F8878AA"
"10013a89","src/functions/10013a89.cpp","232620B9FFC0D8F9E7AC93D3A1AC64A2826F0D9F881715810C3B390B2625E7EE"
"10013aa2","src/functions/10013aa2.cpp","297C92F094B8F538B39EBE965055AF471A7291876DA9F7F2B2658B66D6330575"
"10013abb","src/functions/10013abb.cpp","6A27C333AC5328F69782E959A1303C8FE95A5AE17FB5BEBC6FC1A0E6D3CD0EEB"
"10013ad2","src/functions/10013ad2.cpp","F0BF1CB5F4D22BAE86D8FF565C018A9013F4742AB9FED42E2151146A7A01DF8E"
"10013b39","src/functions/10013b39.cpp","BEEDEF93B97FD1999E3F7264788A457566F75D08F38EEE0C0AAAC0197BF647F1"
"10013b50","src/functions/10013b50.cpp","F33F6EAE1C8FE8A79FE09DFFF0724761EA69FE0FB57A0F2E8C6093EE2C2255AF"
"10013bd8","src/functions/10013bd8.cpp","AC989781A3C9C53D4BD5AF58C994ADE21583286E70080915361F008602FF9643"
"10013c74","src/functions/10013c74.cpp","302BD9F651161395DFCD0DD47613F17C479FBEE45DB88E007289D7E9A69DDE29"
"10013d30","src/functions/10013d30.cpp","E6734D0B2DB4BDCED3FF119FEADB9328D1C19CC36CE7C7BCD923A50227998F2C"
"10013d38","src/functions/10013d38.cpp","E5F0851C20334047734DEDA47D2F96E924E8AF1B5DA973E14B95BB1763719477"
"10013d69","src/functions/10013d69.cpp","8F739D9200AF2D15F74AD6EC57ED57B424486B57C5F8EF65B2E5748830CF93DE"
"10013dd1","src/functions/10013dd1.cpp","B821D40A8B70E759890DA65CC5004CEDE8E05F05B2BB1F5EBA93DC777772D04E"
"10013e19","src/functions/10013e19.cpp","9C408C517118BD7E77D0C9EDB5E722AE01806CC7DD2A655ACCF38CE31A0A81F2"
"10013ebb","src/functions/10013ebb.cpp","6CC2D5E9EE1C44E6332D6546FA6B51516A0DCD8ED80D9F0A0EE35163D32BE33A"
"10013eea","src/functions/10013eea.cpp","01C49F9D62A015CD23F50B6B526BF0B66BFD3603CC35835B6DA8AE23A717898D"
"10013ef3","src/functions/10013ef3.cpp","ECF2D585D8CA88C9DE2F09374CED6DB9446BDB97457E30C75A19DF5BDA2B92A3"
"10013efc","src/functions/10013efc.cpp","44FBF09D554BBB2472969068DAFFB555D8DDE18EB4652944DFFF5D1C1707856C"
"10013f0b","src/functions/10013f0b.cpp","4FA2145B2F298FBCC26067053D6ED91A67304428A36EB31A98877467666BF035"
"10013f33","src/functions/10013f33.cpp","790DEF29B92B0205852CE1E06DB424C52CC4B0DC24B316D83AFFE2B20AC34736"
"10013fcf","src/functions/10013fcf.cpp","91A26B8BF5F991890FC5973AFC8C81AB40AF020A1C6903163A3768B10B60EF82"
"10014003","src/functions/10014003.cpp","C49A40D9A81E269B4A33CF4B758222B087B722ED6C937B5257123DC0D7864474"
"1001415a","src/functions/1001415a.cpp","AA73359314E97A001B0C11F49618D7AF458B90531E04A8B59EBB55FFE5B959DB"
"10014206","src/functions/10014206.cpp","11E307250982ADF5E2F504E38A5BA8D953F60D4702BBC0E4318AD17F5C8DFB66"
"10014223","src/functions/10014223.cpp","458E7BC7BD9093CFCBB21D816669E0F5786F82495FA9656EBEC4B4BBA2A9A4DC"
"10014252","src/functions/10014252.cpp","EA57466354CFEC8943B0B56B9CEDF445650E66C31BB4945112084DF65F5B6DE7"
"100142b6","src/functions/100142b6.cpp","7AEBFBDBCB45EEBCA36AC95B028225DD64BB1CCF62EE38AE08C22183DA2640CD"
"10014446","src/functions/10014446.cpp","7054708C4D144773FFF145F8E7A837C0C2A4133F9A10017A1390F20A9908C333"
"100144e1","src/functions/100144e1.cpp","50D0E3A0D7DFC44B8563BA75AC2771F1DC9F4CDEE82D869A43B141BCAA598126"
"100144ea","src/functions/100144ea.cpp","B686B2A56718BEB14001738948750C3B9C387655F4912C006B86C6D7084ED65D"
"10014566","src/functions/10014566.cpp","43BE7E4A0A901941A5580AFD9011926008A58FBA5AF646F4DC7439015C1FE9C2"
"1001474f","src/functions/1001474f.cpp","1426A136E99439EB9922B06B2D21014F9768C236F17A98F0B21BB26FC18C5338"
"100148b0","src/functions/100148b0.cpp","41D8BED5C9003EF6C0CD84CC7EC2999EB7480AAB2EA3350F02C7B6610D2CE0A0"
"100148e9","src/functions/100148e9.cpp","A709C06E9E4A77E3CCE68A509B61BEAF29C584CB584FB42CD4DD8A2A059A1B8D"
"10014907","src/functions/10014907.cpp","4E10D545A145A3FAB773557D5A9E1A095A8263E2F5598F3A3D43806CE3162582"
"10014996","src/functions/10014996.cpp","DA63CFE416E3AB189856C48ECDF92650FD35534E781AB71923AE26F6D76D05D8"
"10014a2f","src/functions/10014a2f.cpp","D8188D2AA3641A92669B9CFEA1FD1BED879E18C36A731443AF0A16020733353A"
"10014b7a","src/functions/10014b7a.cpp","D3D23DE75EFA9B4BBB6F9BDB8FC49A536CDD284DEDD0413BEB102B7D1EA7C96E"
"10014bc7","src/functions/10014bc7.cpp","7EAAF9EC416949817C6D0636C21C3EEF9CC8787DD21531D9CA87AF20BDAAA71C"
"10014c34","src/functions/10014c34.cpp","98724C7DDB652A2D92549BFE813E47BB573651EEAA39CDB7586DB7FA65C14E23"
"10014c40","src/functions/10014c40.cpp","BA6EC581EAF570F3A037661D4FD1214A79F119D28C66515DF577DB553C4647AC"
"10014c52","src/functions/10014c52.cpp","5123553186EF813A93D752D782AC9F92EB1104C2B7F2A08E9D57C20E1EC5EC64"
"10014c86","src/functions/10014c86.cpp","F40A53DF67E4F107FA0DB507ACFA789D321B30711C84229213281D159E070C13"
"10014cc3","src/functions/10014cc3.cpp","568FABA647435773CB0873EDDAF55046B3F329B88C388216803ACEA8B1B8E86B"
"10014d65","src/functions/10014d65.cpp","8471A8052A93673A44C7D4806D9ED82195E155F93194637108D506DA8A980EA4"
"10014d6e","src/functions/10014d6e.cpp","BA8F251B33561A5EFE2BE113650643F90527A7C4A1DE7A75689D1AB0547F0408"
"10014d77","src/functions/10014d77.cpp","5D3B9DAA5CB47501175517BF6271BF40EA696CCA27F408652A743B64272BE356"
"10014df0","src/functions/10014df0.cpp","CD388D278C0E3381705A62A91FD2B41DFCCE8790CBE3798BE3464A1EE0705C9F"
"10014e0a","src/functions/10014e0a.cpp","64D05205FE1727631D31909296AA266D02317D69F117E024BB0F9C2DB6D6AADA"
"10014f24","src/functions/10014f24.cpp","87D59E24EB6B9B9FC64731A19BC0BAB1152411401DE4C2AFF50639EDA6E90D01"
"10014f30","src/functions/10014f30.cpp","808AEF3942D0D2C76BA201CCFA1F348A512569D5F8CA827444A1227AB09E0FA2"
"10014f39","src/functions/10014f39.cpp","0A838963B317621CE13D017E3C199B8E8337222300A8807CE5D9BB499B9E96AB"
"10014fa7","src/functions/10014fa7.cpp","275BBA3C9F3B4CB8B9B382DF69271FE3BA37167DD57C0174A19C3A885A5BA750"
"10015122","src/functions/10015122.cpp","9D4BFEC463473A1DC243C8ADDFDFCB5AB76468AE1F8E43D7ED3BD484E8325869"
"10015237","src/functions/10015237.cpp","413A3435C1A0803873E335336CA424B1A3B7F042CC86D8F201A1A535770D4F0B"
"10015270","src/functions/10015270.cpp","84F2B1A7150E084F00F262B3BC4F980054AE4693CDD060E685D8DE1BAED9505E"
"100152d1","src/functions/100152d1.cpp","67F3DD8ACB810AE3FDD253CA4F901B014B1CE3265001D6E16A2CDCA4BA041036"
"10015435","src/functions/10015435.cpp","3732B9F506DF5F9BAF4E8F9D37217E1045BAF51268652342D060E90AA58FFBFF"
"10015468","src/functions/10015468.cpp","F48E90C3D46344FE202A6CEE84F7240E18D1DE11F93008EEC560B95CDEBBC946"
"100154dc","src/functions/100154dc.cpp","3A0E7C1A6A9785D39F2AC65956A7281E0F4F49A31101639026B024D30ABFF073"
"10016088","src/functions/10016088.cpp","6AB8C95B05E2F652123CE91794451452FFBFF0C28938CD0E676CC78A7A06A6B3"
"1001663f","src/functions/1001663f.cpp","E140FB07B22DA1B6DE2484221F161B5E51694D9D37046C4BE732763233C54E83"
"1001672d","src/functions/1001672d.cpp","5D9587C1FB1BF2430BBECC39B8CCB1937B938FE90CBFB9405DDF3A95545FAE40"
"10016740","src/functions/10016740.cpp","D6A8EBCFFFB7E7088B6DEF74B3743E90DA3A60EF261F6D61471437D5C866A688"
"100167ba","src/functions/100167ba.cpp","790E60982EFA1A2EDC324D9BA22275473DD9CEA743363E6E5DE34F150C0FFB55"
"10016846","src/functions/10016846.cpp","D4FE81EA7484E1AD506CEDFFF4EF10417D28A28B3B8297AECDD56D60FF92BB75"
"100168fe","src/functions/100168fe.cpp","D7F50F35DCB57EA16687EE526EBE2EF266CB826EC17D030AC764C237EAD280AF"
"100169da","src/functions/100169da.cpp","C4094DEC97E61FB5826FDEB78669449A6BC0D9E23C29E9B3BD9CDCA908EF0C4A"
"10016b74","src/functions/10016b74.cpp","6167618361B17EBCBE0B95B37DB4403DB684E21F2EA527E291E9E0369861F6A4"
"10016c2f","src/functions/10016c2f.cpp","987A49D58315F8E83A40EE32C555A7970D2AE96FB8250E8661F562AFFBC0E449"
"10016cc6","src/functions/10016cc6.cpp","7A4BA5F8F10C89ABCE8399AAE6840357533F4B59BF7570858F4365741BC5E241"
"10016cec","src/functions/10016cec.cpp","57048F29CB8DB9683463D725E9FF1B849C1F2B5BFFE122E0716E83724D357FC3"
"10016d12","src/functions/10016d12.cpp","9AB32F3E0B58ACA2F575545532C3B3607A30D015B8C05BFDA639DDE77FA49C5D"
"10016d30","src/functions/10016d30.cpp","073F19273444A528EFEEA7ECF0E9BDD9025B326AD97E0F032899F8A0C363AD31"
"10016d44","src/functions/10016d44.cpp","B8F3D86F0D43868072FB9B6A3963DBB58F11CAD447A4BC3E48901ABC65FEE20B"
"10016e8e","src/functions/10016e8e.cpp","234924EC8B61F27B7A9D684AB1D111A0DC9EE8A6763ECF51F5ACEEDB334D6ED1"
"10016eae","src/functions/10016eae.cpp","18DB32443A6844651C4C2D21ACBF1064B2E72D0430737F9C7FA4C12DFC33257C"
"10016f49","src/functions/10016f49.cpp","7FA789D5668AEF3B05AB4A3ACEBD68A7E3252425DAB045FB8C73C18888F4D850"
"1001705c","src/functions/1001705c.cpp","66BD5EA7DB84F5112D6A8DA2A8D4660A0A78C32D4FE0293F702137FDC691528F"
"1001708f","src/functions/1001708f.cpp","112C0FB36ABBDAC26323549A0A8F96704BCC451E5BD8D2510D8CA4AE4D234FA9"
"100170b0","src/functions/100170b0.cpp","8ACD627391642C50387070074036B281BE70935B5EE47D06D6EFE42F1F2CF7F1"
"100170d6","src/functions/100170d6.cpp","4AF67F5E88267400D2B2A400A2CF8468E0E5A647749ACE44B3190E93486DEFA1"
"10017285","src/functions/10017285.cpp","A4DDCE5BB8520D2D9D73FBB7D6636620FFA4BD2BB5FAC6A74027FF0215315835"
"100172be","src/functions/100172be.cpp","F9E4348656AAB3C9080AC79A6E502AC13F2FF23EFECD8389690ACF86DBAAB2E5"
"100172cd","src/functions/100172cd.cpp","B6750B491489578E9F356829FECF31117221F5B4389F60CE2058A0EA6A7B4B69"
"100172d5","src/functions/100172d5.cpp","0F01833AF052F108D2F22A8DA7E0FC241D0C8BFCCE56FE1C9F06D81ACD1D9DBF"
"100172f0","src/functions/100172f0.cpp","5D4D143B258569F894FD017F31CD194FF1EF15FBB9EAA31E76A653A333AC3128"
"10017651","src/functions/10017651.cpp","37F319AB4F594293AB00300A5B02A7FD2FFB3F7730CF2988F094B58BDBD9CE1E"
"100176a2","src/functions/100176a2.cpp","7EBD21F0C6B8DA683328AE676D7F8BEB104BAA90A5936C78E0F59AAA0FE5E61A"
"100176d0","src/functions/100176d0.cpp","23F4E47E55362869149EBE37271E9A51E62B308C4742137DC4E549329A06E4CB"
"10017726","src/functions/10017726.cpp","0F503AFF80994C8B340A1858B65C2CE90A9532E474A3BC30CD1CDBC732A51451"
"10017756","src/functions/10017756.cpp","B6571155A0180CA8B486D5270EC5E81CD36EE014EA58E8A73326B19B2FCB96AB"
"100177a7","src/functions/100177a7.cpp","C105B3070FF4A096A944D295F7758F7D2EF949E88EEEA294D79FC667C137AD10"
"100177d5","src/functions/100177d5.cpp","58D264BB7A133DC28107947BF4A251579B270455213544148EA5A75ADED4FE32"
"100178b8","src/functions/100178b8.cpp","C5DF2FF7D4F315B39E6DFA239676E37313B61431D7E7A0FA6814B6D0A3E19F8A"
"100179ce","src/functions/100179ce.cpp","B3FC9FB29B1E14DD0D7623C8D9B030FCEE859014888B728E0A9BFFB8F58DFA27"
"100179e8","src/functions/100179e8.cpp","FBB76A183593E742CBC2220FAD152695AEB6CA5BE10768789133042E289C3E99"
"10017a20","src/functions/10017a20.cpp","F831AEB0EE1B5D1313EEFE52187DA322B59E52A685F2E6D0EC4363A04FA085A4"
"10017a33","src/functions/10017a33.cpp","A7EE646939D7522F079280DC72B234C622C1C29E310A0C9FF234F9B7B9A5F691"
"10017a60","src/functions/10017a60.cpp","5159C48D689219928BD0A889B2D15D812F85B0B6C13C62A46E68433DABC5E5D9"
"10017a94","src/functions/10017a94.cpp","4E6BF850D3F679D0AF9F42FE0CF0FE6C3059FC4224B201095E9A33DE6A238B1D"
"10017b16","src/functions/10017b16.cpp","39F6B85C4EDC3E048DC0ABBA8CB50E759FC00A8F1C05262C84E7BD0BEF10D454"
"10017bc3","src/functions/10017bc3.cpp","082E2B97F86BDC9278898D693786D9189CB9BB26195CEFAA98E332C013F3EECF"
"10017c31","src/functions/10017c31.cpp","4ED47FAADEA722D0C6EBEB93CA03353F9721E2AA05B54EBD0DF34EC1FFD36649"
"10017c7b","src/functions/10017c7b.cpp","04F41BBF75BF43E0F40FF8CEF00CD558E262C7DE9C7BCE40A36034242F1FE056"
"10017cd2","src/functions/10017cd2.cpp","6EED030E8670BF6AD473F395D74F786EAB6D487338574332C794043B10365637"
"10017ce9","src/functions/10017ce9.cpp","6935F218542FCA5A270ADF20D0D6456E312D81EE70586DFE6F7C79AD48883552"
"10017da2","src/functions/10017da2.cpp","30DF312AB2D8B70B3752665CF9855B91CA0228EFBF5D19900BFE522558C8DB17"
"10017dab","src/functions/10017dab.cpp","F726982038EAD10EA05EC5EFF309909A53A2EDEBF13CB944B3693E9545891385"
"10017dde","src/functions/10017dde.cpp","85ED8D13B4BCF649D4438821C83CE15393EB616F8F4F60CA839F798EC5802D52"
"10017e17","src/functions/10017e17.cpp","F7EFD96A5BFC63BF324E871FA1D48AABEBC649F25C7035A19207D7BD78B799CB"
"10017e2a","src/functions/10017e2a.cpp","5941E0A7CC97ABA420929CFB901C1F192FEE38ECA7D50F45C6A6AD34204499DE"
"10017e62","src/functions/10017e62.cpp","8ECEB0BBAEE8AEA1E1B7715476A0B4494836C4A79DAA00E1BF9E2A7E1BF529BE"
"10017e73","src/functions/10017e73.cpp","B57E337FC5015F7486FCBC2330BC0F77404889FFA7D5B68B5ECF8034D3E1D304"
"10017e91","src/functions/10017e91.cpp","1435DD71FC9B6759DF999499B3A8137B071AC7BB0AC61DDBDA410D512465F5FA"
"10017ec8","src/functions/10017ec8.cpp","1F2D050763CF63BC543E854EB966496285668E3DAAB680E56A97F184FA587F8F"
"10017ed5","src/functions/10017ed5.cpp","94ABEFF15538BD65B20091013330C0F2BAD91CFA2A2CFB48ED1B6614512DF138"
"1001803c","src/functions/1001803c.cpp","03076AB8B8F6836FE3AA5E4261D00D4D336B00505245619EC168BEB49F97C067"
"10018078","src/functions/10018078.cpp","087A9DD980F4808A9730C4D5862A4D382AF016D6D1D29071747AF965E54957FF"
"10018090","src/functions/10018090.cpp","EFDB8B44164E7D530F53067F2364EBC06C40799AC40083B3914460F1011ADDE2"
"100180d0","src/functions/100180d0.cpp","E489C77F9F6DD7F82E6DF77222F9F6670401EE553F05C13C95CF542857A8F58D"
"10018120","src/functions/10018120.cpp","EAAEE54FCD2D2B55C7D36927C2D33B41871021896B64CC3BE134BC8E0D00A650"
"100181dc","src/functions/100181dc.cpp","B5AD3F36034FFB0E494A6A45704C5D4043193167C6AEAC79652819FFC11F4B8F"
"1001826f","src/functions/1001826f.cpp","4E56C59587207A4803175DFD265FBCC956C59717C917C94A15390183B065526C"
"10018278","src/functions/10018278.cpp","93852032E56EFA0E2A51D7C0874FE84D91957FD9D12AD332E92FAF3561F1B0C7"
"100182c1","src/functions/100182c1.cpp","B99983A9A00FF99D00BBBFF1DDAE9D843ACB30EAAA9874BB8212C69A4D702FA4"
"100189f5","src/functions/100189f5.cpp","E51FDE19F6381D8426DCAB6137680D4AFC3D1A0C48A95E37C2ACB6C53D9E77FA"
"10018a8b","src/functions/10018a8b.cpp","178818E583BD7AD59BBFFF5A692CD8EDD994AA145D1303140AB8813642DB1070"
"10018ab9","src/functions/10018ab9.cpp","CE0A046C4B0EBDD3A5D299B2D4987D305A2F21F03D41F89EA7EF16B735F6653F"
"10018ad9","src/functions/10018ad9.cpp","1C8096E1E262D10BF7BEB1DADCC4F732BCECD118ABD5E48841F04B3D4185560D"
"10018cdd","src/functions/10018cdd.cpp","036BE145A9A98D3FA55C842FAA1C5FEC036857F14A0D35C3044B084808FBE4EF"
"10018cf7","src/functions/10018cf7.cpp","A451B41B5591ADCBBC28CE0DE81AF5189C65D8A7B2C0B8E9A4C83FED1B9DCF06"
"10018e43","src/functions/10018e43.cpp","CC061842F5AB97D6F3F8FDF8FDB1086260047CD533C23D7B987E3A7C7A00C085"
"10018e60","src/functions/10018e60.cpp","CF001B1A4542095CFA4E3747523C2343755CABDB06DFB9442CAF4C0DFCB61960"
"10018ec5","src/functions/10018ec5.cpp","9222982449EA263256F1EA2A6E7671257FD1D9F65D2583CBAD3FEEBB5F358A3F"
"10018f6c","src/functions/10018f6c.cpp","B327EC60A7150595E32F0D70E4C99C83BCCD2F642BCE9458837004D62F073990"
"10018f75","src/functions/10018f75.cpp","8350E60C3CDCDD5394A201FBF85C608AEFF7ADF3E2F72AE52092572647FDD13F"
"10018f94","src/functions/10018f94.cpp","007051CB18046698BA1A8C6512EDBFF28D1C73381A2B346E8B44EDDAA2D07028"
"10018f97","src/functions/10018f97.cpp","E36EC8B296BB429DE6CCE8D3CAF297E9A2A10C782800AB48A1E7B19D66045E96"
"10019018","src/functions/10019018.cpp","7F52479AE2A520811CF1574FFD66364C6451FB9CCEDD8F0FAD89D32F20511893"
"1001909e","src/functions/1001909e.cpp","3B23B840A1C67796864A349E5C4E8694F0F7B5861B32C1B62B13B52080F51286"
"10019107","src/functions/10019107.cpp","4634AC762DA286E1473F0F23AA7B42EAA0952F2F09EEEA2C521332B96460D9D7"
"1001919d","src/functions/1001919d.cpp","0C5E71321B611A4F81D62AFDDCEC2081768EBB9374508BA98B4755C3704EF649"
"100191a6","src/functions/100191a6.cpp","B9F07970D50339B5815614B845A90F4CA3B0AF51E9B6B20A09A26FFA6F04D66E"
"100191cd","src/functions/100191cd.cpp","74F105A71AE4D680BD164E26B9F66B38BBE13E232F6CC835EF234854043D7007"
"1001929f","src/functions/1001929f.cpp","6754A0DDF70AE22048E10A1E7EB8E4699E025AC56DDF1B6F5B7438C16E21F2EC"
"1001935d","src/functions/1001935d.cpp","580971373A0F45BCFC7B7CD424FBBB5AB664C0E8C91B60784772EBBE232D81B9"
"10019366","src/functions/10019366.cpp","78C79F8619AD1F50198977A2E9C61577CBB25FA36810CF16F0A7110756A2C4DD"
"10019a63","src/functions/10019a63.cpp","B3D806F0D8758C8D324F1AA902240D44F402FABFBC2EB95F9FD1305EF97E8BAE"
"10019b2f","src/functions/10019b2f.cpp","5BDD6BC968E48ED5D575EFE02A9698AF4F2DB1BB25A0F3B5F705844F3023FEB0"
"10019b37","src/functions/10019b37.cpp","3A4BBA1AF9C4F92D7503E45173A6E4A67D59B886D17F62D2DB8DD3C02589AE39"
"10019c08","src/functions/10019c08.cpp","D8894C2D52F26C20951F36E6F341DCE2C78B0493CF79EDA7C197400EF338E14F"
"10019c10","src/functions/10019c10.cpp","B32EA6190CFD3E42618B49571AC05BE44B3B6316399FBF883D205CADFDCE9FEB"
"10019c66","src/functions/10019c66.cpp","A1EE20B75C61A0173BC7E2B45AD7387325AD59C77F73F80FC86ED0B05C29564E"
"10019c86","src/functions/10019c86.cpp","3A7D9A23DED9D051139CC411BBF3A84AF9EC1E7C7C98EEEFCA0D21885039476F"
"10019e6d","src/functions/10019e6d.cpp","7DC965E328145E4F9B112DFF21C21248C17E9CDC76FC1AAE0A7E0DA1BF3719F9"
"10019eb3","src/functions/10019eb3.cpp","D9533CDFB745F9458D86B176F17B38281CB315EF6025B4BFAA2A087465AFAECF"
"10019f9a","src/functions/10019f9a.cpp","B05B4DD6C196E792540DA5090DEFC32FE0CC3AC77569810DBD47614A1348C96B"
"10019fda","src/functions/10019fda.cpp","4FA564BB67FFEEE2890DCB255A7CB3076E246E10F6DD03B2326AF0435BCABA68"
"1001a351","src/functions/1001a351.cpp","F49BF2C7AADD30B167D0E421401D7530E47FFDC9D234C2B3C4AF34E8FA687DD9"
"1001a3ba","src/functions/1001a3ba.cpp","2F1D8C31B63BC1A5146B67246DFE83AD6F505C66C34544EDFC9059CB69EA14D2"
"1001a4b8","src/functions/1001a4b8.cpp","1553B3E438BD2C2D60AAE7202F8706E2779ED0313164864EDEAB695513679263"
"1001a570","src/functions/1001a570.cpp","E4E2EEF4A56C682BA9AD16362A8779620FB090BDE728987066620FFCBE8C91B3"
"1001a5c0","src/functions/1001a5c0.cpp","4C508287663D87CAA2A58203336442A7306D58EBC63DB83BC9F62FCEB9918A46"
"1001a600","src/functions/1001a600.cpp","69808BCD38BF1465BDF4D8EA387EA1DEFD082510C81FC2A6D392F97F7F90B078"
"1001a685","src/functions/1001a685.cpp","C0BC610F647E9E5F78BAC324DD52B68F5B72B44742AC9CC48C295386076731BA"
"1001a765","src/functions/1001a765.cpp","2778FBC46C0B890BE6EF889C1668D1CC92DC49E24377F4278D05562E31657B87"
"1001a76f","src/functions/1001a76f.cpp","EC7E0CB87FA962415AEB41FF97F9CFA91629F8A3A68D97375EE35A7DE1977C21"
"1001a785","src/functions/1001a785.cpp","23658E4BA755A5F99E2BC3C3D6624DB4DD0D8BC6F9B8BA114B17884C86AF2FB7"
"1001a8da","src/functions/1001a8da.cpp","7C882CCEEEB2C5EA8F8ACCF0B3F4E36F32701067A8B6BD59B71235B4E5AC09B1"
"1001a900","src/functions/1001a900.cpp","143B0FED6805E8DEC8A962E8BA9902D4AFEB127886370795E4E629CC2029ADA3"
"1001a995","src/functions/1001a995.cpp","12A1B6DB65FAAE26BEC9A638A493E31A138729585DE9E8774126423F462194D7"
"1001aa4f","src/functions/1001aa4f.cpp","9A0D9249F153607919C7A5950761CABCDC408F6144B1FAA3D0733F344BFC9434"
"1001aaa2","src/functions/1001aaa2.cpp","C28023C158B395A6E941CE446E450454E200F0DCDC5A07F19AC3F1BE326BBC5D"
"1001aaba","src/functions/1001aaba.cpp","DE17CD84F023A5972E0C17F15D6C597D5DD96AA4D11621D32ED70B518C524FDC"
"1001ac26","src/functions/1001ac26.cpp","20A6733A3DCAD6879908FEBA688D56BC6449D593C0136FA707C2B3447B869230"
"1001ac9b","src/functions/1001ac9b.cpp","65EA30CBD3923668BFFD90E5EB36849B5A4D9D544803A55F72EBF84E39FF5BFE"
"1001ad68","src/functions/1001ad68.cpp","374A4596DFD6709282CFA6410C23B152EE716AA82D192FEE7B0875267872F306"
"1001ad83","src/functions/1001ad83.cpp","50AADA0573BE21F7E62532D8AE2EB8ACD5919C3720569694943A07959508F7E0"
"1001ade6","src/functions/1001ade6.cpp","0E2E80E6CBF787C2A789428D69ACB4B3746B41FAB9CBC8AEF6F0028904F6623E"
"1001ae25","src/functions/1001ae25.cpp","B4B86B29A4E99890C31A331010501244240D9805684D424FFD69ABFC8001EEC0"
"1001af34","src/functions/1001af34.cpp","F9E6E384A55D6E035C2A99FCECE74E72301526925DEE95215965E09A04C94BDE"
"1001b0ea","src/functions/1001b0ea.cpp","E7DCDD3A4F9F8A8EF546B34438FA9A3F6145AA7B82EBC6BF4304EB4074652B02"
"1001b1a5","src/functions/1001b1a5.cpp","4496F7B06BD8D8FBCBD934F845A04A2CA0A17E73B5414ABF35B46D18FE88944A"
"1001b1d2","src/functions/1001b1d2.cpp","4772E3F3DBB5FE952FB8643E19BBC238367815DC070768E80E4A2F4920204E73"
"1001b220","src/functions/1001b220.cpp","0D9B317E3807E6408455DE9470203D8114868FA02714CD83B6065660DEA83FF3"
"1001b250","src/functions/1001b250.cpp","4B0BB50F816C91B187194786CA80F7EB886F3D0B42F84798C23F78C6E81F471C"
"1001b266","src/functions/1001b266.cpp","E17BD91358326BB4CDAF3B5046D9C5B399C70A60DC1465AA3B68BFB61D1335F7"
"1001b27c","src/functions/1001b27c.cpp","9D1B01DD7575527E34CC0F77E0817192A7C83BD47E620ED10317467F508D0C83"
"1001b29b","src/functions/1001b29b.cpp","1ABC48D324533203487E4B58D520FC27264CFAEF392BDCE44CC3F5684805C483"
"1001b2b2","src/functions/1001b2b2.cpp","1247CD67850F2F39D3B43D5E97F7B5FA787BEDE61DBBDA09C12FAD0488634BB0"
"1001b2b8","src/functions/1001b2b8.cpp","220913EAD33BCBBA8E92133E935AFF6B097AAC2599C02348C3D8E5E0463DC470"
"1001b318","src/functions/1001b318.cpp","AF23CD2AF82C01741EB1C5C68BD52E5C6A839E6050267336E559486A5D144384"
"1001b380","src/functions/1001b380.cpp","58F8B1BC8E28AE5C33B2C2977885BD359317DAB6C0469B4C856C8A258642788B"
"1001b3cf","src/functions/1001b3cf.cpp","766C5E07C3E50A8F1DFCB4667EFF20B21407A748C8E435C84D72BC10DE560E2D"
"1001b3d8","src/functions/1001b3d8.cpp","8E7B69415BD3A506F819225B9230597980A1115F72297353269EB6C134475866"
"1001b4b0","src/functions/1001b4b0.cpp","D675DCEA67AEEFD627F3D5DA8F053E4B226B478279D380389EC18570C4044F2D"
"1001b4ff","src/functions/1001b4ff.cpp","06F490966050DE8BEA2C573474EECF5ABCB6468B9D8CC90237157C94B3DE8DF4"
"1001b508","src/functions/1001b508.cpp","F09AAE4CC6622C11D04642FC788ADD199D42B79E465CF493E80C06B6C4D849A3"
"1001b5a0","src/functions/1001b5a0.cpp","A64683F41BBCE34E45D53A2F5E224D1EF7D2DD0FCCE252CEEC37C7925A23B2AD"
"1001b5bd","src/functions/1001b5bd.cpp","97E75BBA64C4C7432DD602D5241973DA4F6F5FFAACF8D896A2AA610F0A7DAFC7"
"1001b65a","src/functions/1001b65a.cpp","3B62594AD277DBFCECBEE22585C8BA0F333CF632831147A11DB6EFDAA2440003"
"1001b68c","src/functions/1001b68c.cpp","05EC504C4F00052595541403AB77F749C5C957EF4EC006BBBF2B43FC934E9372"
"1001b693","src/functions/1001b693.cpp","84A89D3B3FC2D17C63889E532F08F6EA4B7B91811B2FFE7E1F4E3C052E2F201E"
"1001b6e7","src/functions/1001b6e7.cpp","A7D1F76BB7E27D4F02A013FF0ACA674E0A2567AEE8D84562454485C24391A67B"
"1001b71d","src/functions/1001b71d.cpp","2E967175E48EE1423E182C4DAC26F82B186D25A2A80B69F4C32C32A0429C9C43"
"1001b750","src/functions/1001b750.cpp","4B9E52ED77A4EE8814A59361506F9ED69DAC987C5571D1A2BC10AE5C637F470E"
"1001b827","src/functions/1001b827.cpp","1951BEABD8D9A59FFF2ADCDD0A659310C90F17A12587FA1A2D287FB75473CD9C"
"1001b8c6","src/functions/1001b8c6.cpp","6E3356EF8A795048B269EB47E1EE45DF8369DBDFE7B1F13A949A6FE1BEE61831"
"1001b939","src/functions/1001b939.cpp","F220FE13771FDD48534CEA34BF30A4FD81BD63755287C7BD9C4F2AA5D7426DBC"
"1001b965","src/functions/1001b965.cpp","ECA75F0CF93A3ED8440AECDD8C9B79F82AF61F59250A9C7F21E3A735A88FB945"
"1001b98c","src/functions/1001b98c.cpp","BA1CBC77A110839816EAB3E0577B767E5970177244F09FAEBB2AC2DE74A14A10"
"1001b9de","src/functions/1001b9de.cpp","181DF7CF6537731D8EB050D8FB16BC640FA6C444509FEF2A135BC26FB2DF2B6B"
"1001ba40","src/functions/1001ba40.cpp","C851950819BCEFB104FE77E54BAEAD5799E8A0666D83B128B11CC6CA3225B393"
"1001baeb","src/functions/1001baeb.cpp","EF779E18A8319F24D5728D905CF4446E35AEC6BC23662335084B00111F7A31A0"
"1001bb5f","src/functions/1001bb5f.cpp","DFCE686EDBF07FE7569659427745989ACB78792ED4B31051357107C55FCDEA2E"
"1001bbe1","src/functions/1001bbe1.cpp","55D9823823495022AF9738D2E79037A6B6FDD57E32F05A5FDD1482D0E601691E"
"1001bbfd","src/functions/1001bbfd.cpp","9B461B31C3FB042A4C5B435CB83CFA26E42768DF31A790B02ED6820E254D9036"
"1001bc3f","src/functions/1001bc3f.cpp","2348448B91E600087EE779A3907403FD466BF48814133DF12E20610E817959FF"
"1001bc59","src/functions/1001bc59.cpp","A8223251903B4D043D6E217795ED44316BF05EBDC9C366F4056B5C6E5FAC4491"
"1001bc78","src/functions/1001bc78.cpp","BBC68C4D7A100C3676E6BE3F24E0D9E6D1DD20D9B5649F5C38D39B44D3DE8F08"
"1001bc8b","src/functions/1001bc8b.cpp","24E47A3BB4E169AC487C79DB0EFC9D34ADF903674DC439934618F87C1D4064F0"
"1001bc9e","src/functions/1001bc9e.cpp","6776CB041631811C84F827C2F9D44C73B6B74D8866E9D144670DBD1B62D9134E"
"1001bdff","src/functions/1001bdff.cpp","06D7A876881110EB21DC34772EEFDE3377EB21C098C351B7BE3491932D29A5D7"
"1001bec6","src/functions/1001bec6.cpp","DBA9DAA662084FAEFFD313B0E96C42916F0B6758571B6A70E7EDB47B49E91E27"
"1001bee6","src/functions/1001bee6.cpp","866C507F95DACCE520E97F6CECD14A14B455A99D95BA0FBDF11FB3377CC6EC9C"
"1001c25c","src/functions/1001c25c.cpp","F7F83494702B5DE9BF8916D70F39F997A7A657A7012116D6178F44EC614F6059"
"1001c35f","src/functions/1001c35f.cpp","D2C1D1D1372B12036BA53E216585403C75EA79802CDA81ED76D52C0E15E8EFEA"
"1001c420","src/functions/1001c420.cpp","E7A0489759AAF5133E945E012835555C6B209855D5B5E856EFEA63886FF783AA"
"1001c50d","src/functions/1001c50d.cpp","7068F64B3855C8BAFD5082EF5FE206AC6F86664FE7120033E3B6B2E8F4C1669B"
"1001c595","src/functions/1001c595.cpp","9D0BD1F2592D7CDDCC2DDA4E94C647FCA57BC353BD0C974D013B10676249C7AE"
"1001c5b8","src/functions/1001c5b8.cpp","32740DDF9F25FE159D6CAE65201923D2DE950B013D5CB5ABBEEC8CC454FB7943"
"1001c5f0","src/functions/1001c5f0.cpp","4093A2EF1B822C6A41C4D049D7D37A7A7B95BEC67597690C87A0C3D7C27BEC54"
"1001c60e","src/functions/1001c60e.cpp","A759B5B6571C7D4FE22E7108543F3F9B82D78F8F5B7EFD07C6D6456BED6B6931"
"1001c9a5","src/functions/1001c9a5.cpp","5552877005A78765C49731AD7D5C2D0EF4A6A6655F2FA07A22B8B9D706DCFF1C"
"1001c9bc","src/functions/1001c9bc.cpp","13F4735457014A568DC534CD855C7A9E05B64C5EBB76FAC86260241913102EC9"
"1001c9d5","src/functions/1001c9d5.cpp","2703A751BECFCA1475105B300E9F53393322059B829D957E137629E5FD6EAFD8"
"1001ca18","src/functions/1001ca18.cpp","6C7E2EF107AA6537FCEAEFD8C5FCCECBA253D9A7EEC3A98BA828CD36455F9A36"
"1001ca3b","src/functions/1001ca3b.cpp","B71386F0DAFF543F5845775F4088C07865D3F0E4AAF2C4399BA5B3330C79CDB1"
"1001cb20","src/functions/1001cb20.cpp","61596CF3CB010988B852137109FEFD8610C9AD262764E6425F55DC5AE7C32E32"
"1001cb37","src/functions/1001cb37.cpp","9F6F8DC2BCE3D6D5EC6EF7142F02618EA979B353FC46A31E38DAEE03AB16A855"
"1001cb80","src/functions/1001cb80.cpp","9F155D84C13C5BAC5AEE31CB0BDB9FDEDFD0B85F81547E3E09233BBAAF097E66"
"1001cb9e","src/functions/1001cb9e.cpp","BC7152E97C76B5655B5DDCBD3C24944161861DFF90F35DB175822075B808749C"
"1001cd37","src/functions/1001cd37.cpp","C1DBF9D2F27FA60C10CBF06E71E8490C74F3F8699ABBDB4DCE3781A12AC01C28"
"1001cd5e","src/functions/1001cd5e.cpp","F02545862C33D66E26B9A619BF01EBDB9901B0B95289E34D6B37873553CD2D56"
"1001cdbd","src/functions/1001cdbd.cpp","951F338A422CDCAC60B4D0E6C3CAC6F19C13053FE89CB4D25476E56E47DB2C01"
"1001ce0c","src/functions/1001ce0c.cpp","D2C07D34FD14B0AFC3530BEAC81296225E374BA225540779FC18E4D521D7C31A"
"1001cece","src/functions/1001cece.cpp","16096764D8FC5B4D756D9BAD91B84A7634588A8293C4AA3885B59964452B95E8"
"1001cf2d","src/functions/1001cf2d.cpp","90A901B21C04B84DE2FD79F5DFF8656DD2A197D4CA75CB696AF2E931B1854D30"
"1001cf82","src/functions/1001cf82.cpp","B08E17794CC28F1924BE759B65EEDA4B200CD2721354CBD3537EA22E155D8742"
"1001cfab","src/functions/1001cfab.cpp","43BB7E2D42DAED6389371D1F919056924112CB679710824168D1E7FFFEF59E12"
"1001d026","src/functions/1001d026.cpp","CE9E217985F07D06D131A6FD33EC4C33C2FE9F2024EE00DF39FD944E38858B78"
"1001d057","src/functions/1001d057.cpp","5BCAD995635B79C54B4654B5CB92DE717667354F5C41D6A1A9DCA464B47C6371"
"1001d06f","src/functions/1001d06f.cpp","9463844BB2781FAB37B329DDA2929C70489640921DF25E19CFD61FFC7DFB034C"
"1001d195","src/functions/1001d195.cpp","9B673B56A2D15D77423250B27C740A3293457BE03815066411135CD8D0885123"
"1001d20b","src/functions/1001d20b.cpp","6754D07450C87F1563F53A612A4D7101070BA8148A49776D39048F6FDAC42872"
"1001d38a","src/functions/1001d38a.cpp","1E5DDE6E92500A3A62C799D8D025975141693A372CA35DCA7CAA782B252ABA06"
"1001d41c","src/functions/1001d41c.cpp","5AE837F96A3A6CCC3737476535EFDBD83538AF93FEA7804E5A8CA657678E6E25"
"1001d48a","src/functions/1001d48a.cpp","AFDA3E575A872E060BA9FBCBDE97C970A9BBB6455270A0CA178697002C2DB9B9"
"1001d591","src/functions/1001d591.cpp","157493D53896969F01A5047FE8AA54431D5506C5F9E7486377E5337598A5CA7E"
"1001d906","src/functions/1001d906.cpp","9CAE643B96F4A2CD4EF89509C9A0D41742E728A72B309C338FEC8D93A9CBDFBB"
"1001d923","src/functions/1001d923.cpp","069503B070F4A7952F5380697B0C8C95873C5BA88442DDAC1561FE0DBDA54B58"
"1001da10","src/functions/1001da10.cpp","CBB52CEC70F7771FB67AFFAB2783524C267823316F59498B9F74A5EC1BCCD67B"
"1001da5c","src/functions/1001da5c.cpp","8FD08E66BFA9542C6BC550826EBCDD2095AE50A31803D4A1F6BF8239F88F2E2E"
"1001db04","src/functions/1001db04.cpp","57D7BE95EFF8800C6DA228D4565784BC3626553EB47327EEE0434D7A4B2463C3"
"1001dbac","src/functions/1001dbac.cpp","E24C65F787C2F10669590F5327FFE2754D923F314BB7D82B9F213A726CE0327F"
"1001dc5f","src/functions/1001dc5f.cpp","8C2589A2C8AD69FB0B63BEB360AAD99AA50CD8C5F7B56D614CE6FF69949315B9"
"1001dd12","src/functions/1001dd12.cpp","21B4831AECABB259D04E7EC4C7CE92AE61A466BB61916CF7F25DAE830ADB5D49"
"1001dda0","src/functions/1001dda0.cpp","BF7AD32983DBFE640DBB4BC5DE0E0DD1F7139EAD69BA61B65B59C39B4FF1E128"
"1001de80","src/functions/1001de80.cpp","153F79EA67A2950275977146CF77BCF85BB4C1F298587F51EA991265BF0BEF1B"
"1001de9f","src/functions/1001de9f.cpp","0FB385D6F1859B61923E87F2D6FFF6C2F115E857C344A69D428C625B8D876FF9"
"1001defe","src/functions/1001defe.cpp","E7873C478268DFF485F3106BE71F04760497CCAE2D1C3DCC1A439D57049A5D7C"
"1001e03d","src/functions/1001e03d.cpp","B453DD2DCE916B94045DB1456487A54260E97848C75AE71D7A4784D8227292DE"
"1001e073","src/functions/1001e073.cpp","B3DD5378B2448DC7548A49C9D4E182F9F7210CCD53834D01E5B534BEA40C4ADA"
"1001e085","src/functions/1001e085.cpp","ABDF25BB0181A6BDC75AEEA4CA0143FE6AC51E9830B9D4E55CF71644B2C7F5D8"
"1001e5d6","src/functions/1001e5d6.cpp","697EAA1A56F05021210E291D97C8E791FECD077AC67DE9042E156A04BAC21CC3"
"1001eb27","src/functions/1001eb27.cpp","CD8F9E92B919B63E0D86BE70BC737B901E4D08DB8BE1E3CD2DD284C7807F8154"
"1001f203","src/functions/1001f203.cpp","02402B4492549E723647228254039963AC75C3C9648796CD79E49A2B8607A00C"
"1001fafb","src/functions/1001fafb.cpp","28D730E9CE398903BCC49D0E79E3BA57A8D8403444061927C23658D5AE6982F8"
"1001fb89","src/functions/1001fb89.cpp","46349D282A64F585BA5FACC94D9B9C9D7DEED002C5237C9E9DDFDB2B23038CBB"
"1001fc29","src/functions/1001fc29.cpp","22678EC34274BE89A3DC1F3041298EB12B358EAE7811CC53FDCB1074B9174DF8"
"1001ff3b","src/functions/1001ff3b.cpp","7C3458AEE4E2F2EFB7EFB2DDFBB16C192F18850A4C95FA268A91085C019E597D"
"10020217","src/functions/10020217.cpp","2BB4BD9E5E8CC0948DB387361B2AF181D899F14D09E4DD946250AA4A4A85375A"
"1002023a","src/functions/1002023a.cpp","612D65897283EFBABD1FFE06FBB46AC233B252C710B258C52FB4F4931CA35A1A"
"1002041e","src/functions/1002041e.cpp","0AC03A25F3282660C2556B525103FE493DFA6EE26F349414CD71C41D344DE63A"
"1002044b","src/functions/1002044b.cpp","37872B79DFA90360EB8150EE848A8192FA71C4A38EC0F93BFBC2A88927742427"
"1002044e","src/functions/1002044e.cpp","CBC33145908FC879BB4323BA8AE7AB930EC38F50ECF08539CF3F921B2ED1A553"
"1002045e","src/functions/1002045e.cpp","5E82EEFFD0926DCF4AD981D4D56285E85E1EBB068179FB3F91E32D8C6A24B995"
"1002046f","src/functions/1002046f.cpp","A14FC7C7C930C72BA56620B561570A35A72C5F8AD1A5CBEF2A9B8C4AC17B963F"
"1002049a","src/functions/1002049a.cpp","98EC1BB0D1908778154E659DC6C7BB18B87868B7E5D8B199F7D0DC0B590A26EB"
"100204f2","src/functions/100204f2.cpp","2615241E5BFBF3602FE50615F6A6FADC45DEA67A1DF5698221850B0533D78244"
"10020564","src/functions/10020564.cpp","DC4A1726A2BFF0EAC41D5626321F24B785467BDC4634FD3C4B2BFCC3762D4ECB"
"10020748","src/functions/10020748.cpp","A171C5D37E82E0B8C0C78D997BC8C5A4C5A922346E17D539E24256AD6E1A764B"
"10020775","src/functions/10020775.cpp","60762980DCF7B184A3D986DC42BFA4FA8A4FEE882C0FD2CA88F699EE2E97F2AD"
"10020840","src/functions/10020840.cpp","562BDA95EB8BC901A81C92D2549E67159DB0E1915AEEE95FF64FB975FFCA05A1"
"10020870","src/functions/10020870.cpp","E6E4F255FFEE291E697CACA52F3B4BA95D54667658FD2518012930E2DDE614BF"
"10020a70","src/functions/10020a70.cpp","939E9CCBB21B8D9F2FA648F96351EEBBE44E09669F5A024088C1EA9388AD133C"
"10020a80","src/functions/10020a80.cpp","E21FABE16D106D547D65543A0D8D0BF80CF7E71011DC0BE71BE89C726DB8D6AA"
"10020a90","src/functions/10020a90.cpp","A3EC1017A8FEFA917B40F0113547C6F82D3B34A0AE465FFB5539046941669BDE"
"10020af0","src/functions/10020af0.cpp","79737AA96ADAFB39B9F16CDD51E525A7286F31B088D339FE6EECF2D1734EFB03"
"10020b50","src/functions/10020b50.cpp","BC27CF71C1009503E26D3CE113841A6476D51ED3AB94121B8ED2F0236DFAB169"
"10020bb0","src/functions/10020bb0.cpp","ABCC9897A904CE46D918E8A84A60AC4E5F9E84E5FD749B69218771CB8DFA5F0B"
"10020c10","src/functions/10020c10.cpp","958CDE9098E4B2CC3FB2D3E39C3DE1359D2393BDD205922CC0B2248DF9576CDA"
"10020c70","src/functions/10020c70.cpp","8C0746D90577419089806548C45EFB48D2963392CC656B062698725D0130FD5C"
"10020cd0","src/functions/10020cd0.cpp","41955EC62DBAB6AC5306A54AC73B8CC67D57F79DEC5E934B33A526679FDC3BD7"
"10020d30","src/functions/10020d30.cpp","DA97D7869B5D106EA1F557CEA7B7381890157D1E5F3FBE13711AA74FFCFEE099"
"10020d90","src/functions/10020d90.cpp","F7E8F7A356FE02BAC187D0FE867E4B28F822D5A4B15A8C2979C45BCBC844D70E"
"10020df0","src/functions/10020df0.cpp","AAC5DC6FB25F5E05410293E0CB2F1AFA0FB3E2257F9BED13183B33BB5F743F21"
"10020e50","src/functions/10020e50.cpp","E77C34D777CB825F37B992ADACFADBDA67A21EAD0B6DC2656BEC22D2E67BEF60"
"10020eb0","src/functions/10020eb0.cpp","D3E4F8034109A4C0950F334C1C34CF700EE412C77CF38D35FE249C170D9A4AAF"
"10020f10","src/functions/10020f10.cpp","10A46CC12273D80655F52FC6D56DD5AD0FC1B777F7A7B594554C04FDA74A9A4C"
"10020f70","src/functions/10020f70.cpp","D6ED49B2B9F4020717A56C0B54A9828A7F655F823440BEE845AD286AC5DB7D69"
"10020fd0","src/functions/10020fd0.cpp","94D6B2A1D438A1B2B07321E43327B01437EB335607E51B6FA23037DCCEF6B72F"
"10021030","src/functions/10021030.cpp","8466E4AB7664E9575ECD171E46283366ECDF8A219AB45714FFFC49C4EAC5CD40"
"10021090","src/functions/10021090.cpp","6212CC485A7EFC0D7639D2FFD4C1DF4BB9D4C0197226F0CABFD8777E7FEEBCB3"
"100210f0","src/functions/100210f0.cpp","CD588B03C6C5A7CD2E5C5CB5F831F7EFD7B571B08BC26ECEE6F7535ABECEA915"
"10021150","src/functions/10021150.cpp","703958B7E6DFC108F9D88E3D8B3D60BB19BBA88BF09C8B3EADFBA602A957575E"
"100211b0","src/functions/100211b0.cpp","DDCDEA0CA1B73EAB1F695372EC60600A02A35BE09047FD215E63D204BAAE684D"
"10021210","src/functions/10021210.cpp","C76830B075444EDC3598135EF9CDEB9063911FFCB64FAE4436BAA59A34D36FA3"
"10021267","src/functions/10021267.cpp","7EEBDFDB96AD2BDC9A5A0EA25008C2CE10FDF95CC122C5E15F48D9F48A987A1C"
